行業別大類,行業別中類,行業別小類,月份,售電量
A.農、林、漁、牧業,01 農、牧業,011 農作物栽培業,01,40966318
A.農、林、漁、牧業,01 農、牧業,012 畜牧業,01,54724763
A.農、林、漁、牧業,01 農、牧業,013 農事及畜牧服務業,01,46512195
A.農、林、漁、牧業,02 林業,021 林業,01,165173
A.農、林、漁、牧業,03 漁業,031 漁撈業,01,296862
A.農、林、漁、牧業,03 漁業,032 水產養殖業,01,70464935
B.礦業及土石採取業,05 石油及天然氣礦業,,01,2385868
B.礦業及土石採取業,06 砂、石採取及其他礦業,,01,22905749
C.製造業,08 食品及飲料製造業,081 肉類加工及保藏業,01,48882011
C.製造業,08 食品及飲料製造業,082 水產加工及保藏業,01,23023788
C.製造業,08 食品及飲料製造業,083 蔬果加工及保藏業,01,20332241
C.製造業,08 食品及飲料製造業,084 動植物油脂製造業,01,12487319
C.製造業,08 食品及飲料製造業,085 乳品製造業,01,24138110
C.製造業,08 食品及飲料製造業,086 碾穀、磨粉及澱粉製品製造業,01,17454445
C.製造業,08 食品及飲料製造業,087 動物飼品製造業,01,27771441
C.製造業,08 食品及飲料製造業,089 其他食品製造業,01,145425825
C.製造業,09 飲料製造業,091 酒精飲料製造業,01,8582592
C.製造業,09 飲料製造業,092 非酒精飲料製造業,01,13791876
C.製造業,10 菸草製造業,,01,3151667
C.製造業,11 紡織業,111 紡紗業,01,79126330
C.製造業,11 紡織業,112 織布業,01,119907324
C.製造業,11 紡織業,113 不織布業,01,19068404
C.製造業,11 紡織業,114 染整業,01,39790077
C.製造業,11 紡織業,115 紡織品製造業,01,17875252
C.製造業,12 成衣及服飾品製造業,121 成衣製造業,01,5692469
C.製造業,12 成衣及服飾品製造業,123 服飾品製造業,01,2782989
C.製造業,13 皮革、毛皮及其製品製造業,,01,6971354
C.製造業,14 木竹製品製造業,,01,9121210
C.製造業,15 紙漿、紙及紙製品製造業,151 紙漿、紙及紙板製造業,01,70431443
C.製造業,15 紙漿、紙及紙製品製造業,152 瓦楞紙板及紙容器製造業,01,27287569
C.製造業,15 紙漿、紙及紙製品製造業,153 其他紙製品製造業,01,28794098
C.製造業,16 印刷及資料儲存媒體複製業,,01,26934510
C.製造業,17 石油及煤製品製造業,,01,166515447
C.製造業,18 化學原材料、肥料、氮化合物、塑橡膠原料及人造纖維,181 化學原材料製造業,01,490580479
C.製造業,18 化學原材料、肥料、氮化合物、塑橡膠原料及人造纖維,183 肥料及氮化合物製造業,01,12876680
C.製造業,18 化學原材料、肥料、氮化合物、塑橡膠原料及人造纖維,184 塑膠及合成橡膠原料製造業,01,220970866
C.製造業,18 化學原材料、肥料、氮化合物、塑橡膠原料及人造纖維,185 人造纖維製造業,01,115745481
C.製造業,19 其他化學製品製造業,191 農藥及環境用藥製造業,01,3879140
C.製造業,19 其他化學製品製造業,192 塗料、染料及顏料製造業,01,14940373
C.製造業,19 其他化學製品製造業,193 清潔用品及化粧品製造業,01,10221525
C.製造業,19 其他化學製品製造業,199 未分類其他化學製品製造業,01,42493764
C.製造業,20 藥品及醫用化學製品製造業,,01,59421408
C.製造業,21 橡膠製品製造業,,01,57626419
C.製造業,22 塑膠製品製造業,,01,300561652
C.製造業,23 非金屬礦物製品製造業,231 玻璃及其製品製造業,01,220151154
C.製造業,23 非金屬礦物製品製造業,232 耐火、黏土建材及其他陶瓷製品製造業,01,30065905
C.製造業,23 非金屬礦物製品製造業,233 水泥及其製品製造業,01,154124333
C.製造業,23 非金屬礦物製品製造業,234 石材製品製造業,01,5741246
C.製造業,23 非金屬礦物製品製造業,239 其他非金屬礦物製品製造業,01,34920269
C.製造業,24 基本金屬製造業,241 鋼鐵製造業,01,819598035
C.製造業,24 基本金屬製造業,242 鋁製造業,01,58442503
C.製造業,24 基本金屬製造業,243 銅製造業,01,137360567
C.製造業,24 基本金屬製造業,249 其他基本金屬製造業,01,22649255
C.製造業,25 金屬製品製造業,251 金屬刀具、手工具及模具製造業,01,71417653
C.製造業,25 金屬製品製造業,252 金屬結構及建築組件製造業,01,21411139
C.製造業,25 金屬製品製造業,253 金屬容器製造業,01,9148841
C.製造業,25 金屬製品製造業,254 金屬加工處理業,01,190224749
C.製造業,25 金屬製品製造業,259 其他金屬製品製造業,01,129948158
C.製造業,26 電子零組件製造業,261 半導體製造業,01,3169523979
C.製造業,26 電子零組件製造業,262 被動電子元件製造業,01,150868651
C.製造業,26 電子零組件製造業,263 印刷電路板製造業,01,249012168
C.製造業,26 電子零組件製造業,264 光電材料及元件製造業,01,841265850
C.製造業,26 電子零組件製造業,269 其他電子零組件製造業,01,266106490
C.製造業,27 電腦、電子產品及光學製品製造業,271 電腦及其週邊設備製造業,01,44448231
C.製造業,27 電腦、電子產品及光學製品製造業,272 通訊傳播設備製造業,01,27178888
C.製造業,27 電腦、電子產品及光學製品製造業,273 視聽電子產品製造業,01,4144690
C.製造業,27 電腦、電子產品及光學製品製造業,274 資料儲存媒體製造業,01,11296245
C.製造業,27 電腦、電子產品及光學製品製造業,275 量測、導航、控制設備及鐘錶製造業,01,10326543
C.製造業,27 電腦、電子產品及光學製品製造業,276 輻射及電子醫學設備製造業,01,1083954
C.製造業,27 電腦、電子產品及光學製品製造業,277 光學儀器及設備製造業,01,77902449
C.製造業,28 電力設備及配備製造業,281 發電、輸電及配電機械製造業,01,14413535
C.製造業,28 電力設備及配備製造業,282 電池製造業,01,28450051
C.製造業,28 電力設備及配備製造業,283 電線及配線器材製造業,01,31016362
C.製造業,28 電力設備及配備製造業,284 照明設備及配備製造業,01,3941468
C.製造業,28 電力設備及配備製造業,285 家用電器製造業,01,10085731
C.製造業,28 電力設備及配備製造業,289 其他電力設備及配備製造業,01,15648649
C.製造業,29 機械設備製造業,291 金屬加工用機械設備製造業,01,30927843
C.製造業,29 機械設備製造業,292 其他專用機械設備製造業,01,31114796
C.製造業,29 機械設備製造業,293 通用機械設備製造業,01,68078721
C.製造業,30 汽車及其零件製造業,301 汽車製造業,01,8311877
C.製造業,30 汽車及其零件製造業,302 車體製造業,01,1222868
C.製造業,30 汽車及其零件製造業,303 汽車零件製造業,01,82933012
C.製造業,31 其他運輸工具及其零件製造業,311 船舶及浮動設施製造業,01,7834357
C.製造業,31 其他運輸工具及其零件製造業,312 機車及其零件製造業,01,14979534
C.製造業,31 其他運輸工具及其零件製造業,313 自行車及其零件製造業,01,22166868
C.製造業,31 其他運輸工具及其零件製造業,319 未分類其他運輸工具及其零件製造業,01,16710001
C.製造業,32 家具製造業,321 非金屬家具製造業,01,5504361
C.製造業,32 家具製造業,322 金屬家具製造業,01,4295002
C.製造業,33 其他製造業,331 育樂用品製造業,01,18548800
C.製造業,33 其他製造業,332 醫療器材及用品製造業,01,33728685
C.製造業,33 其他製造業,339 未分類其他製造業,01,11651007
C.製造業,34 產業用機械設備維修及安裝業,,01,10733081
D.電力及燃氣供應業,35 電力及燃氣供應業,351 電力供應業,01,6614990
D.電力及燃氣供應業,35 電力及燃氣供應業,352 氣體燃料供應業,01,42186298
D.電力及燃氣供應業,35 電力及燃氣供應業,353 蒸汽供應業,01,366813
E.用水供應及污染整治業,36 用水供應業,,01,107511435
E.用水供應及污染整治業,37 廢水及污水處理業,,01,27551816
E.用水供應及污染整治業,38 廢棄物清除、處理及資源回收處理業,381 廢棄物清除業,01,3603907
E.用水供應及污染整治業,38 廢棄物清除、處理及資源回收處理業,382 廢棄物處理業,01,10951142
E.用水供應及污染整治業,38 廢棄物清除、處理及資源回收處理業,383 資源回收處理業,01,16968272
E.用水供應及污染整治業,39 污染整治業,,01,569840
F.營建工程業,41 建築工程業,,01,55098171
F.營建工程業,42 土木工程業,421 道路工程業,01,6462964
F.營建工程業,42 土木工程業,422 公用事業設施工程業,01,5796881
F.營建工程業,42 土木工程業,429 其他土木工程業,01,1075082
F.營建工程業,43 專門營造業,431 整地、基礎及結構工程業,01,711995
F.營建工程業,43 專門營造業,432 庭園景觀工程業,01,97084
F.營建工程業,43 專門營造業,433 機電、管道及其他建築設備安裝業,01,1940740
F.營建工程業,43 專門營造業,434 建物完工裝修工程業,01,255562
F.營建工程業,43 專門營造業,439 其他專門營造業,01,474625
G.批發及零售業,45 批發業,451 商品批發經紀業,01,1317026
G.批發及零售業,45 批發業,452 綜合商品批發業,01,3016423
G.批發及零售業,45 批發業,453 農產原料及活動物批發業,01,4438024
G.批發及零售業,45 批發業,454 食品、飲料及菸草製品批發業,01,23535765
G.批發及零售業,45 批發業,455 布疋及服飾品批發業,01,2071145
G.批發及零售業,45 批發業,456 家用器具及用品批發業,01,3203614
G.批發及零售業,45 批發業,457 藥品、醫療用品及化粧品批發業,01,2773709
G.批發及零售業,45 批發業,458 文教育樂用品批發業,01,1141898
G.批發及零售業,45 批發業,461 建材批發業,01,8244590
G.批發及零售業,45 批發業,462 化學原材料及其製品批發業,01,4994516
G.批發及零售業,45 批發業,463 燃料及相關產品批發業,01,1289906
G.批發及零售業,45 批發業,464 機械器具批發業,01,9308938
G.批發及零售業,45 批發業,465 汽機車及其零配件、用品批發業,01,2823039
G.批發及零售業,45 批發業,469 其他專賣批發業,01,4096705
G.批發及零售業,47 零售業,471 綜合商品零售業,01,273606767
G.批發及零售業,47 零售業,472 食品、飲料及菸草製品零售業,01,20717350
G.批發及零售業,47 零售業,473 布疋及服飾品零售業,01,6430569
G.批發及零售業,47 零售業,474 家用器具及用品零售業,01,5191416
G.批發及零售業,47 零售業,475 藥品、醫療用品及化粧品零售業,01,5385167
G.批發及零售業,47 零售業,476 文教育樂用品零售業,01,1715766
G.批發及零售業,47 零售業,481 建材零售業,01,424105
G.批發及零售業,47 零售業,482 燃料及相關產品零售業,01,15392272
G.批發及零售業,47 零售業,483 資訊及通訊設備零售業,01,5589602
G.批發及零售業,47 零售業,484 汽機車及其零配件、用品零售業,01,8362495
G.批發及零售業,47 零售業,485 其他專賣零售業,01,3016540
G.批發及零售業,47 零售業,486 零售攤販,01,528644
G.批發及零售業,47 零售業,487 其他非店面零售業,01,1612042
H.運輸及倉儲業,49 陸上運輸業,491 鐵路運輸業,01,116356008
H.運輸及倉儲業,49 陸上運輸業,492 大眾捷運系統運輸業,01,74351160
H.運輸及倉儲業,49 陸上運輸業,493 汽車客運業,01,5111595
H.運輸及倉儲業,49 陸上運輸業,494 汽車貨運業,01,3885532
H.運輸及倉儲業,49 陸上運輸業,499 其他陸上運輸業,01,94379
H.運輸及倉儲業,50 水上運輸業,501 海洋水運業,01,1188884
H.運輸及倉儲業,50 水上運輸業,502 內河及湖泊水運業,01,0
H.運輸及倉儲業,51 航空運輸業,,01,3581917
H.運輸及倉儲業,52 運輸輔助業,521 報關業,01,78007
H.運輸及倉儲業,52 運輸輔助業,522 船務代理業,01,616667
H.運輸及倉儲業,52 運輸輔助業,523 貨運承攬業,01,1791794
H.運輸及倉儲業,52 運輸輔助業,524 陸上運輸輔助業,01,15366184
H.運輸及倉儲業,52 運輸輔助業,525 水上運輸輔助業,01,18472919
H.運輸及倉儲業,52 運輸輔助業,526 航空運輸輔助業,01,22875478
H.運輸及倉儲業,52 運輸輔助業,529 其他運輸輔助業,01,8994390
H.運輸及倉儲業,53 倉儲業,,01,62041262
H.運輸及倉儲業,54 郵政及快遞業,541 郵政業,01,2785765
H.運輸及倉儲業,54 郵政及快遞業,542 快遞業,01,3142318
I.住宿及餐飲業,55 住宿業,551 短期住宿業,01,148519848
I.住宿及餐飲業,55 住宿業,559 其他住宿業,01,404605
I.住宿及餐飲業,56 餐飲業,561 餐食業,01,73186642
I.住宿及餐飲業,56 餐飲業,562 外燴及團膳承包業,01,2622673
I.住宿及餐飲業,56 餐飲業,563 飲料業,01,4112115
J.出版、影音製作、傳播及資通訊服務業,58 出版業,581 新聞、雜誌、期刊、書籍及其他出版業,01,2695409
J.出版、影音製作、傳播及資通訊服務業,58 出版業,582 軟體出版業,01,264880
J.出版、影音製作、傳播及資通訊服務業,59 影片及電視節目業；聲音錄製及音樂發行業,591 影片及電視節目業,01,8770709
J.出版、影音製作、傳播及資通訊服務業,59 影片及電視節目業；聲音錄製及音樂發行業,592 聲音錄製及音樂發行業,01,91288
J.出版、影音製作、傳播及資通訊服務業,60 廣播、電視節目編排及傳播業,601 廣播業,01,2992091
J.出版、影音製作、傳播及資通訊服務業,60 廣播、電視節目編排及傳播業,602 電視節目編排及傳播業,01,5124463
J.出版、影音製作、傳播及資通訊服務業,61 電信業,,01,92297243
J.出版、影音製作、傳播及資通訊服務業,62 電腦程式設計、諮詢及相關服務業,,01,4236205
J.出版、影音製作、傳播及資通訊服務業,63 資訊服務業,631 入口網站經營、資料處理、主機及網站代管服務業,01,110638090
J.出版、影音製作、傳播及資通訊服務業,63 資訊服務業,639 其他資訊服務業,01,2739529
K.金融及保險業,64 金融服務業,641 貨幣中介業,01,30689092
K.金融及保險業,64 金融服務業,642 控股業,01,205285
K.金融及保險業,64 金融服務業,643 信託、基金及類似金融實體,01,105740
K.金融及保險業,64 金融服務業,649 其他金融服務業,01,1256419
K.金融及保險業,65 保險業,651 人身保險業,01,19675260
K.金融及保險業,65 保險業,652 財產保險業,01,1265639
K.金融及保險業,65 保險業,653 再保險業,01,0
K.金融及保險業,65 保險業,654 退休基金,01,0
K.金融及保險業,65 保險業,655 保險輔助業,01,206578
K.金融及保險業,66 證券期貨及金融輔助業,661 證券業,01,4238413
K.金融及保險業,66 證券期貨及金融輔助業,662 期貨業,01,101551
K.金融及保險業,66 證券期貨及金融輔助業,664 基金管理業,01,76880
K.金融及保險業,66 證券期貨及金融輔助業,669 其他金融輔助業,01,787893
L.不動產業,67 不動產開發業,,01,13403959
L.不動產業,68 不動產經營及相關服務業,681 不動產經營業,01,25963969
L.不動產業,68 不動產經營及相關服務業,689 其他不動產業,01,575725
M.專業、科學及技術服務業,69 法律及會計服務業,691 法律服務業,01,979029
M.專業、科學及技術服務業,69 法律及會計服務業,692 會計服務業,01,112073
M.專業、科學及技術服務業,70 企業總管理機構及管理顧問業,701 企業總管理機構,01,4380761
M.專業、科學及技術服務業,70 企業總管理機構及管理顧問業,702 管理顧問業,01,1515182
M.專業、科學及技術服務業,71 建築、工程服務及技術檢測、分析服務業,711 建築、工程服務及相關技術顧問業,01,1534148
M.專業、科學及技術服務業,71 建築、工程服務及技術檢測、分析服務業,712 技術檢測及分析服務業,01,5522111
M.專業、科學及技術服務業,72 研究發展服務業,721 自然及工程科學研究發展服務業,01,14971737
M.專業、科學及技術服務業,72 研究發展服務業,722 社會及人文科學研究發展服務業,01,40640
M.專業、科學及技術服務業,72 研究發展服務業,723 綜合研究發展服務業,01,15216132
M.專業、科學及技術服務業,73 廣告業及市場研究業,731 廣告業,01,527039
M.專業、科學及技術服務業,73 廣告業及市場研究業,732 市場研究及民意調查業,01,30960
M.專業、科學及技術服務業,74 專門設計業,,01,535883
M.專業、科學及技術服務業,75 獸醫業,,01,164719
M.專業、科學及技術服務業,76 其他專業、科學及技術服務業,,01,2655817
N.支援服務業,77 租賃業,771 機械設備租賃業,01,713506
N.支援服務業,77 租賃業,772 運輸工具租賃業,01,85699
N.支援服務業,77 租賃業,773 個人及家庭用品租賃業,01,421560
N.支援服務業,77 租賃業,774 智慧財產租賃業,01,25322
N.支援服務業,78 人力仲介及供應業,781 人力仲介業,01,620362
N.支援服務業,78 人力仲介及供應業,782 人力供應業,01,552251
N.支援服務業,79 旅行及相關服務業,,01,543175
N.支援服務業,80 保全及偵探業,,01,685827
N.支援服務業,81 建築物及綠化服務業,811 複合支援服務業,01,193885
N.支援服務業,81 建築物及綠化服務業,812 清潔服務業,01,13593411
N.支援服務業,81 建築物及綠化服務業,813 綠化服務業,01,68059
N.支援服務業,82 行政支援服務業,,01,4632614
O.公共行政及國防；強制性社會安全,83 公共行政及國防；強制性社會安全,,01,184915459
O.公共行政及國防；強制性社會安全,84 國際組織及外國機構,,01,574399
P.教育業,85 教育業,851 學前教育,01,2300717
P.教育業,85 教育業,852 小學教育,01,22075068
P.教育業,85 教育業,853 國民中學教育,01,20157047
P.教育業,85 教育業,854 高級中等教育,01,19779425
P.教育業,85 教育業,855 大專校院,01,115592118
P.教育業,85 教育業,856 特殊教育學校,01,120360
P.教育業,85 教育業,858 教育輔助業,01,88511
P.教育業,85 教育業,859 其他教育業,01,4097510
Q.醫療保健及社會工作服務業,86 醫療保健業,861 醫院,01,191571935
Q.醫療保健及社會工作服務業,86 醫療保健業,862 診所,01,6177131
Q.醫療保健及社會工作服務業,86 醫療保健業,869 其他醫療保健業,01,2265493
Q.醫療保健及社會工作服務業,87 居住型照顧服務業,,01,19350002
Q.醫療保健及社會工作服務業,88 其他社會工作服務業,,01,4111711
R.藝術、娛樂及休閒服務業,90 創作及藝術表演業,901 創作業,01,265372
R.藝術、娛樂及休閒服務業,90 創作及藝術表演業,902 藝術表演業,01,628128
R.藝術、娛樂及休閒服務業,90 創作及藝術表演業,903 創作及藝術表演輔助業,01,4265869
R.藝術、娛樂及休閒服務業,91 圖書館、檔案保存、博物館及類似機構,,01,12755471
R.藝術、娛樂及休閒服務業,92 博弈業,,01,256585
R.藝術、娛樂及休閒服務業,93 運動、娛樂及休閒服務業,931 運動服務業,01,29789960
R.藝術、娛樂及休閒服務業,93 運動、娛樂及休閒服務業,932 娛樂及休閒服務業,01,24185617
S.其他服務業,94 宗教、職業及類似組織,941 宗教組織,01,8885872
S.其他服務業,94 宗教、職業及類似組織,942 職業團體,01,588086
S.其他服務業,94 宗教、職業及類似組織,949 其他組織,01,19623299
S.其他服務業,95 個人及家庭用品維修業,951 汽車維修及美容業,01,5848893
S.其他服務業,95 個人及家庭用品維修業,952 電腦、通訊傳播設備及電子產品維修業,01,248406
S.其他服務業,95 個人及家庭用品維修業,959 其他個人及家庭用品維修業,01,82756
S.其他服務業,96 未分類其他服務業,961 洗衣業,01,4333344
S.其他服務業,96 未分類其他服務業,962 美髮及美容美體業,01,3945603
S.其他服務業,96 未分類其他服務業,963 殯葬及相關服務業,01,4560872
S.其他服務業,96 未分類其他服務業,964 家事服務業,01,75971
S.其他服務業,96 未分類其他服務業,969 其他個人服務業,01,2103104
T.家庭(住宅用),97 住宅與公共設施,,01,193555588
U.其他不能歸類,98 其他不能歸類,,01,125926200
A.農、林、漁、牧業,01 農、牧業,011 農作物栽培業,02,41525488
A.農、林、漁、牧業,01 農、牧業,012 畜牧業,02,55766773
A.農、林、漁、牧業,01 農、牧業,013 農事及畜牧服務業,02,49302440
A.農、林、漁、牧業,02 林業,021 林業,02,169652
A.農、林、漁、牧業,03 漁業,031 漁撈業,02,270267
A.農、林、漁、牧業,03 漁業,032 水產養殖業,02,70348583
B.礦業及土石採取業,05 石油及天然氣礦業,,02,2408825
B.礦業及土石採取業,06 砂、石採取及其他礦業,,02,19979703
C.製造業,08 食品及飲料製造業,081 肉類加工及保藏業,02,45747025
C.製造業,08 食品及飲料製造業,082 水產加工及保藏業,02,21001689
C.製造業,08 食品及飲料製造業,083 蔬果加工及保藏業,02,19604352
C.製造業,08 食品及飲料製造業,084 動植物油脂製造業,02,13001459
C.製造業,08 食品及飲料製造業,085 乳品製造業,02,23692309
C.製造業,08 食品及飲料製造業,086 碾穀、磨粉及澱粉製品製造業,02,16815026
C.製造業,08 食品及飲料製造業,087 動物飼品製造業,02,25825824
C.製造業,08 食品及飲料製造業,089 其他食品製造業,02,138455959
C.製造業,09 飲料製造業,091 酒精飲料製造業,02,8470495
C.製造業,09 飲料製造業,092 非酒精飲料製造業,02,14132548
C.製造業,10菸草製造業,,02,3356763
C.製造業,11 紡織業,111 紡紗業,02,74337745
C.製造業,11 紡織業,112 織布業,02,112751031
C.製造業,11 紡織業,113 不織布業,02,19014207
C.製造業,11 紡織業,114 染整業,02,42857837
C.製造業,11 紡織業,115 紡織品製造業,02,18014315
C.製造業,12 成衣及服飾品製造業,121 成衣製造業,02,5910607
C.製造業,12 成衣及服飾品製造業,123 服飾品製造業,02,2598858
C.製造業,13 皮革、毛皮及其製品製造業,,02,7215364
C.製造業,14 木竹製品製造業,,02,9159364
C.製造業,15 紙漿、紙及紙製品製造業,151 紙漿、紙及紙板製造業,02,75901669
C.製造業,15 紙漿、紙及紙製品製造業,152 瓦楞紙板及紙容器製造業,02,27186538
C.製造業,15 紙漿、紙及紙製品製造業,153 其他紙製品製造業,02,28151164
C.製造業,16 印刷及資料儲存媒體複製業,,02,26213064
C.製造業,17 石油及煤製品製造業,,02,151453557
C.製造業,18 化學原材料、肥料、氮化合物、塑橡膠原料及人造纖維,181 化學原材料製造業,02,432585794
C.製造業,18 化學原材料、肥料、氮化合物、塑橡膠原料及人造纖維,183 肥料及氮化合物製造業,02,12193991
C.製造業,18 化學原材料、肥料、氮化合物、塑橡膠原料及人造纖維,184 塑膠及合成橡膠原料製造業,02,215278220
C.製造業,18 化學原材料、肥料、氮化合物、塑橡膠原料及人造纖維,185 人造纖維製造業,02,105815429
C.製造業,19 其他化學製品製造業,191 農藥及環境用藥製造業,02,4014773
C.製造業,19 其他化學製品製造業,192 塗料、染料及顏料製造業,02,16048099
C.製造業,19 其他化學製品製造業,193 清潔用品及化粧品製造業,02,10214576
C.製造業,19 其他化學製品製造業,199 未分類其他化學製品製造業,02,43537918
C.製造業,20 藥品及醫用化學製品製造業,,02,59774546
C.製造業,21 橡膠製品製造業,,02,60223905
C.製造業,22 塑膠製品製造業,,02,307118296
C.製造業,23 非金屬礦物製品製造業,231 玻璃及其製品製造業,02,201445661
C.製造業,23 非金屬礦物製品製造業,232 耐火、黏土建材及其他陶瓷製品製造業,02,22511944
C.製造業,23 非金屬礦物製品製造業,233 水泥及其製品製造業,02,103851255
C.製造業,23 非金屬礦物製品製造業,234 石材製品製造業,02,5912444
C.製造業,23 非金屬礦物製品製造業,239 其他非金屬礦物製品製造業,02,30007783
C.製造業,24 基本金屬製造業,241 鋼鐵製造業,02,785365043
C.製造業,24 基本金屬製造業,242 鋁製造業,02,60763775
C.製造業,24 基本金屬製造業,243 銅製造業,02,134002490
C.製造業,24 基本金屬製造業,249 其他基本金屬製造業,02,24206343
C.製造業,25 金屬製品製造業,251 金屬刀具、手工具及模具製造業,02,71247071
C.製造業,25 金屬製品製造業,252 金屬結構及建築組件製造業,02,21917799
C.製造業,25 金屬製品製造業,253 金屬容器製造業,02,10281536
C.製造業,25 金屬製品製造業,254 金屬加工處理業,02,196927474
C.製造業,25 金屬製品製造業,259 其他金屬製品製造業,02,134437996
C.製造業,26 電子零組件製造業,261 半導體製造業,02,2993981318
C.製造業,26 電子零組件製造業,262 被動電子元件製造業,02,142298537
C.製造業,26 電子零組件製造業,263 印刷電路板製造業,02,239952524
C.製造業,26 電子零組件製造業,264 光電材料及元件製造業,02,774601561
C.製造業,26 電子零組件製造業,269 其他電子零組件製造業,02,249376743
C.製造業,27 電腦、電子產品及光學製品製造業,271 電腦及其週邊設備製造業,02,43217409
C.製造業,27 電腦、電子產品及光學製品製造業,272 通訊傳播設備製造業,02,26198172
C.製造業,27 電腦、電子產品及光學製品製造業,273 視聽電子產品製造業,02,4180560
C.製造業,27 電腦、電子產品及光學製品製造業,274 資料儲存媒體製造業,02,11314599
C.製造業,27 電腦、電子產品及光學製品製造業,275 量測、導航、控制設備及鐘錶製造業,02,10055790
C.製造業,27 電腦、電子產品及光學製品製造業,276 輻射及電子醫學設備製造業,02,1154944
C.製造業,27 電腦、電子產品及光學製品製造業,277 光學儀器及設備製造業,02,74235694
C.製造業,28 電力設備及配備製造業,281 發電、輸電及配電機械製造業,02,12508158
C.製造業,28 電力設備及配備製造業,282 電池製造業,02,24778512
C.製造業,28 電力設備及配備製造業,283 電線及配線器材製造業,02,32991928
C.製造業,28 電力設備及配備製造業,284 照明設備及配備製造業,02,3657710
C.製造業,28 電力設備及配備製造業,285 家用電器製造業,02,10362026
C.製造業,28 電力設備及配備製造業,289 其他電力設備及配備製造業,02,14603953
C.製造業,29 機械設備製造業,291 金屬加工用機械設備製造業,02,30849223
C.製造業,29 機械設備製造業,292 其他專用機械設備製造業,02,30793575
C.製造業,29 機械設備製造業,293 通用機械設備製造業,02,69651280
C.製造業,30 汽車及其零件製造業,301 汽車製造業,02,8316439
C.製造業,30 汽車及其零件製造業,302 車體製造業,02,1161940
C.製造業,30 汽車及其零件製造業,303 汽車零件製造業,02,87563135
C.製造業,31 其他運輸工具及其零件製造業,311 船舶及浮動設施製造業,02,7730690
C.製造業,31 其他運輸工具及其零件製造業,312 機車及其零件製造業,02,15993506
C.製造業,31 其他運輸工具及其零件製造業,313 自行車及其零件製造業,02,23424020
C.製造業,31 其他運輸工具及其零件製造業,319 未分類其他運輸工具及其零件製造業,02,17606987
C.製造業,32 家具製造業,321 非金屬家具製造業,02,5369718
C.製造業,32 家具製造業,322 金屬家具製造業,02,4201061
C.製造業,33 其他製造業,331 育樂用品製造業,02,19317197
C.製造業,33 其他製造業,332 醫療器材及用品製造業,02,33904477
C.製造業,33 其他製造業,339 未分類其他製造業,02,11904496
C.製造業,34 產業用機械設備維修及安裝業,,02,10456308
D.電力及燃氣供應業,35 電力及燃氣供應業,351 電力供應業,02,14171500
D.電力及燃氣供應業,35 電力及燃氣供應業,352 氣體燃料供應業,02,38979039
D.電力及燃氣供應業,35 電力及燃氣供應業,353 蒸汽供應業,02,382009
E.用水供應及污染整治業,36 用水供應業,,02,99984501
E.用水供應及污染整治業,37 廢水及污水處理業,,02,25658433
E.用水供應及污染整治業,38 廢棄物清除、處理及資源回收處理業,381 廢棄物清除業,02,3681654
E.用水供應及污染整治業,38 廢棄物清除、處理及資源回收處理業,382 廢棄物處理業,02,10256933
E.用水供應及污染整治業,38 廢棄物清除、處理及資源回收處理業,383 資源回收處理業,02,16501756
E.用水供應及污染整治業,39 污染整治業,,02,606326
F.營建工程業,41 建築工程業,,02,45600075
F.營建工程業,42 土木工程業,421 道路工程業,02,5870379
F.營建工程業,42 土木工程業,422 公用事業設施工程業,02,5733998
F.營建工程業,42 土木工程業,429 其他土木工程業,02,849171
F.營建工程業,43 專門營造業,431 整地、基礎及結構工程業,02,728927
F.營建工程業,43 專門營造業,432 庭園景觀工程業,02,95958
F.營建工程業,43 專門營造業,433 機電、管道及其他建築設備安裝業,02,1877533
F.營建工程業,43 專門營造業,434 建物完工裝修工程業,02,226255
F.營建工程業,43 專門營造業,439 其他專門營造業,02,413060
G.批發及零售業,45 批發業,451 商品批發經紀業,02,1262066
G.批發及零售業,45 批發業,452 綜合商品批發業,02,2955992
G.批發及零售業,45 批發業,453 農產原料及活動物批發業,02,4256384
G.批發及零售業,45 批發業,454 食品、飲料及菸草製品批發業,02,22661680
G.批發及零售業,45 批發業,455 布疋及服飾品批發業,02,1977581
G.批發及零售業,45 批發業,456 家用器具及用品批發業,02,2921641
G.批發及零售業,45 批發業,457 藥品、醫療用品及化粧品批發業,02,2646076
G.批發及零售業,45 批發業,458 文教育樂用品批發業,02,1179234
G.批發及零售業,45 批發業,461 建材批發業,02,7700837
G.批發及零售業,45 批發業,462 化學原材料及其製品批發業,02,4737724
G.批發及零售業,45 批發業,463 燃料及相關產品批發業,02,1278075
G.批發及零售業,45 批發業,464 機械器具批發業,02,8609582
G.批發及零售業,45 批發業,465 汽機車及其零配件、用品批發業,02,2795683
G.批發及零售業,45 批發業,469 其他專賣批發業,02,3809135
G.批發及零售業,47 零售業,471 綜合商品零售業,02,252823963
G.批發及零售業,47 零售業,472 食品、飲料及菸草製品零售業,02,20288962
G.批發及零售業,47 零售業,473 布疋及服飾品零售業,02,6237456
G.批發及零售業,47 零售業,474 家用器具及用品零售業,02,5025641
G.批發及零售業,47 零售業,475 藥品、醫療用品及化粧品零售業,02,5362636
G.批發及零售業,47 零售業,476 文教育樂用品零售業,02,1639868
G.批發及零售業,47 零售業,481 建材零售業,02,366170
G.批發及零售業,47 零售業,482 燃料及相關產品零售業,02,16047797
G.批發及零售業,47 零售業,483 資訊及通訊設備零售業,02,5403765
G.批發及零售業,47 零售業,484 汽機車及其零配件、用品零售業,02,7774852
G.批發及零售業,47 零售業,485 其他專賣零售業,02,3012271
G.批發及零售業,47 零售業,486 零售攤販,02,467051
G.批發及零售業,47 零售業,487 其他非店面零售業,02,1436635
H.運輸及倉儲業,49 陸上運輸業,491 鐵路運輸業,02,105501723
H.運輸及倉儲業,49 陸上運輸業,492 大眾捷運系統運輸業,02,67202269
H.運輸及倉儲業,49 陸上運輸業,493 汽車客運業,02,4907049
H.運輸及倉儲業,49 陸上運輸業,494 汽車貨運業,02,3656203
H.運輸及倉儲業,49 陸上運輸業,499 其他陸上運輸業,02,106292
H.運輸及倉儲業,50 水上運輸業,501 海洋水運業,02,1075206
H.運輸及倉儲業,50 水上運輸業,502 內河及湖泊水運業,02,0
H.運輸及倉儲業,51 航空運輸業,,02,3261049
H.運輸及倉儲業,52 運輸輔助業,521 報關業,02,72602
H.運輸及倉儲業,52 運輸輔助業,522 船務代理業,02,571548
H.運輸及倉儲業,52 運輸輔助業,523 貨運承攬業,02,1603285
H.運輸及倉儲業,52 運輸輔助業,524 陸上運輸輔助業,02,14985033
H.運輸及倉儲業,52 運輸輔助業,525 水上運輸輔助業,02,15952496
H.運輸及倉儲業,52 運輸輔助業,526 航空運輸輔助業,02,19604188
H.運輸及倉儲業,52 運輸輔助業,529 其他運輸輔助業,02,7933354
H.運輸及倉儲業,53 倉儲業,,02,58369496
H.運輸及倉儲業,54 郵政及快遞業,541 郵政業,02,2624195
H.運輸及倉儲業,54 郵政及快遞業,542 快遞業,02,2979149
I.住宿及餐飲業,55 住宿業,551 短期住宿業,02,137313093
I.住宿及餐飲業,55 住宿業,559 其他住宿業,02,438159
I.住宿及餐飲業,56 餐飲業,561 餐食業,02,73115717
I.住宿及餐飲業,56 餐飲業,562 外燴及團膳承包業,02,2394731
I.住宿及餐飲業,56 餐飲業,563 飲料業,02,4140478
J.出版、影音製作、傳播及資通訊服務業,58 出版業,581 新聞、雜誌、期刊、書籍及其他出版業,02,2519113
J.出版、影音製作、傳播及資通訊服務業,58 出版業,582 軟體出版業,02,259453
J.出版、影音製作、傳播及資通訊服務業,59 影片及電視節目業；聲音錄製及音樂發行業,591 影片及電視節目業,02,7660232
J.出版、影音製作、傳播及資通訊服務業,59 影片及電視節目業；聲音錄製及音樂發行業,592 聲音錄製及音樂發行業,02,85119
J.出版、影音製作、傳播及資通訊服務業,60 廣播、電視節目編排及傳播業,601 廣播業,02,2998490
J.出版、影音製作、傳播及資通訊服務業,60 廣播、電視節目編排及傳播業,602 電視節目編排及傳播業,02,5426452
J.出版、影音製作、傳播及資通訊服務業,61 電信業,,02,84850029
J.出版、影音製作、傳播及資通訊服務業,62 電腦程式設計、諮詢及相關服務業,,02,4110189
J.出版、影音製作、傳播及資通訊服務業,63 資訊服務業,631 入口網站經營、資料處理、主機及網站代管服務業,02,101993391
J.出版、影音製作、傳播及資通訊服務業,63 資訊服務業,639 其他資訊服務業,02,2554004
K.金融及保險業,64 金融服務業,641 貨幣中介業,02,27390561
K.金融及保險業,64 金融服務業,642 控股業,02,167510
K.金融及保險業,64 金融服務業,643 信託、基金及類似金融實體,02,84830
K.金融及保險業,64 金融服務業,649 其他金融服務業,02,1214529
K.金融及保險業,65 保險業,651 人身保險業,02,17816081
K.金融及保險業,65 保險業,652 財產保險業,02,1142128
K.金融及保險業,65 保險業,653 再保險業,02,0
K.金融及保險業,65 保險業,654 退休基金,02,0
K.金融及保險業,65 保險業,655 保險輔助業,02,196355
K.金融及保險業,66 證券期貨及金融輔助業,661 證券業,02,3577334
K.金融及保險業,66 證券期貨及金融輔助業,662 期貨業,02,64888
K.金融及保險業,66 證券期貨及金融輔助業,664 基金管理業,02,68840
K.金融及保險業,66 證券期貨及金融輔助業,669 其他金融輔助業,02,737626
L.不動產業,67 不動產開發業,,02,12364496
L.不動產業,68 不動產經營及相關服務業,681 不動產經營業,02,24656983
L.不動產業,68 不動產經營及相關服務業,689 其他不動產業,02,540549
M.專業、科學及技術服務業,69 法律及會計服務業,691 法律服務業,02,945317
M.專業、科學及技術服務業,69 法律及會計服務業,692 會計服務業,02,110425
M.專業、科學及技術服務業,70 企業總管理機構及管理顧問業,701 企業總管理機構,02,4150088
M.專業、科學及技術服務業,70 企業總管理機構及管理顧問業,702 管理顧問業,02,1412690
M.專業、科學及技術服務業,71 建築、工程服務及技術檢測、分析服務業,711 建築、工程服務及相關技術顧問業,02,1182840
M.專業、科學及技術服務業,71 建築、工程服務及技術檢測、分析服務業,712 技術檢測及分析服務業,02,5107821
M.專業、科學及技術服務業,72 研究發展服務業,721 自然及工程科學研究發展服務業,02,16910627
M.專業、科學及技術服務業,72 研究發展服務業,722 社會及人文科學研究發展服務業,02,36220
M.專業、科學及技術服務業,72 研究發展服務業,723 綜合研究發展服務業,02,14408727
M.專業、科學及技術服務業,73 廣告業及市場研究業,731 廣告業,02,491105
M.專業、科學及技術服務業,73 廣告業及市場研究業,732 市場研究及民意調查業,02,30560
M.專業、科學及技術服務業,74 專門設計業,,02,506439
M.專業、科學及技術服務業,75 獸醫業,,02,159603
M.專業、科學及技術服務業,76 其他專業、科學及技術服務業,,02,2498743
N.支援服務業,77 租賃業,771 機械設備租賃業,02,687514
N.支援服務業,77 租賃業,772 運輸工具租賃業,02,81008
N.支援服務業,77 租賃業,773 個人及家庭用品租賃業,02,394918
N.支援服務業,77 租賃業,774 智慧財產租賃業,02,22038
N.支援服務業,78 人力仲介及供應業,781 人力仲介業,02,662408
N.支援服務業,78 人力仲介及供應業,782 人力供應業,02,541674
N.支援服務業,79 旅行及相關服務業,,02,507041
N.支援服務業,80 保全及偵探業,,02,631319
N.支援服務業,81 建築物及綠化服務業,811 複合支援服務業,02,186919
N.支援服務業,81 建築物及綠化服務業,812 清潔服務業,02,12571310
N.支援服務業,81 建築物及綠化服務業,813 綠化服務業,02,69148
N.支援服務業,82 行政支援服務業,,02,4181029
O.公共行政及國防；強制性社會安全,83 公共行政及國防；強制性社會安全,,02,174402453
O.公共行政及國防；強制性社會安全,84 國際組織及外國機構,,02,534121
P.教育業,85 教育業,851 學前教育,02,2158391
P.教育業,85 教育業,852 小學教育,02,20502899
P.教育業,85 教育業,853 國民中學教育,02,19202119
P.教育業,85 教育業,854 高級中等教育,02,19128401
P.教育業,85 教育業,855 大專校院,02,110611020
P.教育業,85 教育業,856 特殊教育學校,02,112072
P.教育業,85 教育業,858 教育輔助業,02,87101
P.教育業,85 教育業,859 其他教育業,02,3879394
Q.醫療保健及社會工作服務業,86 醫療保健業,861 醫院,02,178353066
Q.醫療保健及社會工作服務業,86 醫療保健業,862 診所,02,5971448
Q.醫療保健及社會工作服務業,86 醫療保健業,869 其他醫療保健業,02,2253012
Q.醫療保健及社會工作服務業,87 居住型照顧服務業,,02,18922535
Q.醫療保健及社會工作服務業,88 其他社會工作服務業,,02,3996059
R.藝術、娛樂及休閒服務業,90 創作及藝術表演業,901 創作業,02,250222
R.藝術、娛樂及休閒服務業,90 創作及藝術表演業,902 藝術表演業,02,628905
R.藝術、娛樂及休閒服務業,90 創作及藝術表演業,903 創作及藝術表演輔助業,02,4798001
R.藝術、娛樂及休閒服務業,91 圖書館、檔案保存、博物館及類似機構,,02,11026507
R.藝術、娛樂及休閒服務業,92 博弈業,,02,247168
R.藝術、娛樂及休閒服務業,93 運動、娛樂及休閒服務業,931 運動服務業,02,28751241
R.藝術、娛樂及休閒服務業,93 運動、娛樂及休閒服務業,932 娛樂及休閒服務業,02,23602365
S.其他服務業,94 宗教、職業及類似組織,941 宗教組織,02,8635891
S.其他服務業,94 宗教、職業及類似組織,942 職業團體,02,559417
S.其他服務業,94 宗教、職業及類似組織,949 其他組織,02,18801570
S.其他服務業,95 個人及家庭用品維修業,951 汽車維修及美容業,02,5420452
S.其他服務業,95 個人及家庭用品維修業,952 電腦、通訊傳播設備及電子產品維修業,02,236600
S.其他服務業,95 個人及家庭用品維修業,959 其他個人及家庭用品維修業,02,89834
S.其他服務業,96 未分類其他服務業,961 洗衣業,02,4233034
S.其他服務業,96 未分類其他服務業,962 美髮及美容美體業,02,3985592
S.其他服務業,96 未分類其他服務業,963 殯葬及相關服務業,02,4459625
S.其他服務業,96 未分類其他服務業,964 家事服務業,02,66767
S.其他服務業,96 未分類其他服務業,969 其他個人服務業,02,2171131
T.家庭(住宅用),97 住宅與公共設施,,02,201770147
U.其他不能歸類,98 其他不能歸類,,02,119194575
A.農、林、漁、牧業,01 農、牧業,011 農作物栽培業,03,41567647
A.農、林、漁、牧業,01 農、牧業,012 畜牧業,03,56108369
A.農、林、漁、牧業,01 農、牧業,013 農事及畜牧服務業,03,49729548
A.農、林、漁、牧業,02 林業,021 林業,03,162092
A.農、林、漁、牧業,03 漁業,031 漁撈業,03,326568
A.農、林、漁、牧業,03 漁業,032 水產養殖業,03,66344357
B.礦業及土石採取業,05 石油及天然氣礦業,,03,3211648
B.礦業及土石採取業,06 砂、石採取及其他礦業,,03,25156592
C.製造業,08 食品及飲料製造業,081 肉類加工及保藏業,03,52563626
C.製造業,08 食品及飲料製造業,082 水產加工及保藏業,03,24284394
C.製造業,08 食品及飲料製造業,083 蔬果加工及保藏業,03,21727001
C.製造業,08 食品及飲料製造業,084 動植物油脂製造業,03,14486102
C.製造業,08 食品及飲料製造業,085 乳品製造業,03,27003680
C.製造業,08 食品及飲料製造業,086 碾穀、磨粉及澱粉製品製造業,03,18146151
C.製造業,08 食品及飲料製造業,087 動物飼品製造業,03,29625014
C.製造業,08 食品及飲料製造業,089 其他食品製造業,03,157375286
C.製造業,09 飲料製造業,091 酒精飲料製造業,03,9878355
C.製造業,09 飲料製造業,092 非酒精飲料製造業,03,15939744
C.製造業,10菸草製造業,,03,3803573
C.製造業,11 紡織業,111 紡紗業,03,83554355
C.製造業,11 紡織業,112 織布業,03,127002461
C.製造業,11 紡織業,113 不織布業,03,23505319
C.製造業,11 紡織業,114 染整業,03,47538878
C.製造業,11 紡織業,115 紡織品製造業,03,20251504
C.製造業,12 成衣及服飾品製造業,121 成衣製造業,03,6767899
C.製造業,12 成衣及服飾品製造業,123 服飾品製造業,03,2863478
C.製造業,13 皮革、毛皮及其製品製造業,,03,8225579
C.製造業,14 木竹製品製造業,,03,9731848
C.製造業,15 紙漿、紙及紙製品製造業,151 紙漿、紙及紙板製造業,03,94755466
C.製造業,15 紙漿、紙及紙製品製造業,152 瓦楞紙板及紙容器製造業,03,23766041
C.製造業,15 紙漿、紙及紙製品製造業,153 其他紙製品製造業,03,30659733
C.製造業,16 印刷及資料儲存媒體複製業,,03,29194830
C.製造業,17 石油及煤製品製造業,,03,146710724
C.製造業,18 化學原材料、肥料、氮化合物、塑橡膠原料及人造纖維,181 化學原材料製造業,03,506209503
C.製造業,18 化學原材料、肥料、氮化合物、塑橡膠原料及人造纖維,183 肥料及氮化合物製造業,03,13618314
C.製造業,18 化學原材料、肥料、氮化合物、塑橡膠原料及人造纖維,184 塑膠及合成橡膠原料製造業,03,229552640
C.製造業,18 化學原材料、肥料、氮化合物、塑橡膠原料及人造纖維,185 人造纖維製造業,03,118542683
C.製造業,19 其他化學製品製造業,191 農藥及環境用藥製造業,03,4387456
C.製造業,19 其他化學製品製造業,192 塗料、染料及顏料製造業,03,17734464
C.製造業,19 其他化學製品製造業,193 清潔用品及化粧品製造業,03,11913221
C.製造業,19 其他化學製品製造業,199 未分類其他化學製品製造業,03,50685837
C.製造業,20 藥品及醫用化學製品製造業,,03,70058915
C.製造業,21 橡膠製品製造業,,03,65165532
C.製造業,22 塑膠製品製造業,,03,345621052
C.製造業,23 非金屬礦物製品製造業,231 玻璃及其製品製造業,03,226621752
C.製造業,23 非金屬礦物製品製造業,232 耐火、黏土建材及其他陶瓷製品製造業,03,35274052
C.製造業,23 非金屬礦物製品製造業,233 水泥及其製品製造業,03,144306207
C.製造業,23 非金屬礦物製品製造業,234 石材製品製造業,03,6743575
C.製造業,23 非金屬礦物製品製造業,239 其他非金屬礦物製品製造業,03,37712329
C.製造業,24 基本金屬製造業,241 鋼鐵製造業,03,951507232
C.製造業,24 基本金屬製造業,242 鋁製造業,03,69748054
C.製造業,24 基本金屬製造業,243 銅製造業,03,154118980
C.製造業,24 基本金屬製造業,249 其他基本金屬製造業,03,27219376
C.製造業,25 金屬製品製造業,251 金屬刀具、手工具及模具製造業,03,81228139
C.製造業,25 金屬製品製造業,252 金屬結構及建築組件製造業,03,24629803
C.製造業,25 金屬製品製造業,253 金屬容器製造業,03,11253252
C.製造業,25 金屬製品製造業,254 金屬加工處理業,03,223158431
C.製造業,25 金屬製品製造業,259 其他金屬製品製造業,03,149906819
C.製造業,26 電子零組件製造業,261 半導體製造業,03,3462964695
C.製造業,26 電子零組件製造業,262 被動電子元件製造業,03,159240572
C.製造業,26 電子零組件製造業,263 印刷電路板製造業,03,271699611
C.製造業,26 電子零組件製造業,264 光電材料及元件製造業,03,867814985
C.製造業,26 電子零組件製造業,269 其他電子零組件製造業,03,281451638
C.製造業,27 電腦、電子產品及光學製品製造業,271 電腦及其週邊設備製造業,03,51387273
C.製造業,27 電腦、電子產品及光學製品製造業,272 通訊傳播設備製造業,03,30130135
C.製造業,27 電腦、電子產品及光學製品製造業,273 視聽電子產品製造業,03,4886369
C.製造業,27 電腦、電子產品及光學製品製造業,274 資料儲存媒體製造業,03,12930167
C.製造業,27 電腦、電子產品及光學製品製造業,275 量測、導航、控制設備及鐘錶製造業,03,11767098
C.製造業,27 電腦、電子產品及光學製品製造業,276 輻射及電子醫學設備製造業,03,1356240
C.製造業,27 電腦、電子產品及光學製品製造業,277 光學儀器及設備製造業,03,85301907
C.製造業,28 電力設備及配備製造業,281 發電、輸電及配電機械製造業,03,14851222
C.製造業,28 電力設備及配備製造業,282 電池製造業,03,29500843
C.製造業,28 電力設備及配備製造業,283 電線及配線器材製造業,03,38058214
C.製造業,28 電力設備及配備製造業,284 照明設備及配備製造業,03,4303590
C.製造業,28 電力設備及配備製造業,285 家用電器製造業,03,11331656
C.製造業,28 電力設備及配備製造業,289 其他電力設備及配備製造業,03,16716578
C.製造業,29 機械設備製造業,291 金屬加工用機械設備製造業,03,35621397
C.製造業,29 機械設備製造業,292 其他專用機械設備製造業,03,35368207
C.製造業,29 機械設備製造業,293 通用機械設備製造業,03,79028578
C.製造業,30 汽車及其零件製造業,301 汽車製造業,03,9368828
C.製造業,30 汽車及其零件製造業,302 車體製造業,03,1312676
C.製造業,30 汽車及其零件製造業,303 汽車零件製造業,03,99586490
C.製造業,31 其他運輸工具及其零件製造業,311 船舶及浮動設施製造業,03,9195173
C.製造業,31 其他運輸工具及其零件製造業,312 機車及其零件製造業,03,18899062
C.製造業,31 其他運輸工具及其零件製造業,313 自行車及其零件製造業,03,26892783
C.製造業,31 其他運輸工具及其零件製造業,319 未分類其他運輸工具及其零件製造業,03,19924004
C.製造業,32 家具製造業,321 非金屬家具製造業,03,5855418
C.製造業,32 家具製造業,322 金屬家具製造業,03,4644930
C.製造業,33 其他製造業,331 育樂用品製造業,03,21925991
C.製造業,33 其他製造業,332 醫療器材及用品製造業,03,38746272
C.製造業,33 其他製造業,339 未分類其他製造業,03,13483096
C.製造業,34 產業用機械設備維修及安裝業,,03,12302697
D.電力及燃氣供應業,35 電力及燃氣供應業,351 電力供應業,03,16653030
D.電力及燃氣供應業,35 電力及燃氣供應業,352 氣體燃料供應業,03,42932805
D.電力及燃氣供應業,35 電力及燃氣供應業,353 蒸汽供應業,03,399289
E.用水供應及污染整治業,36 用水供應業,,03,105509141
E.用水供應及污染整治業,37 廢水及污水處理業,,03,27844810
E.用水供應及污染整治業,38 廢棄物清除、處理及資源回收處理業,381 廢棄物清除業,03,3130665
E.用水供應及污染整治業,38 廢棄物清除、處理及資源回收處理業,382 廢棄物處理業,03,13113155
E.用水供應及污染整治業,38 廢棄物清除、處理及資源回收處理業,383 資源回收處理業,03,17306012
E.用水供應及污染整治業,39 污染整治業,,03,577532
F.營建工程業,41 建築工程業,,03,47124977
F.營建工程業,42 土木工程業,421 道路工程業,03,6301353
F.營建工程業,42 土木工程業,422 公用事業設施工程業,03,6181430
F.營建工程業,42 土木工程業,429 其他土木工程業,03,942420
F.營建工程業,43 專門營造業,431 整地、基礎及結構工程業,03,697432
F.營建工程業,43 專門營造業,432 庭園景觀工程業,03,106613
F.營建工程業,43 專門營造業,433 機電、管道及其他建築設備安裝業,03,1092446
F.營建工程業,43 專門營造業,434 建物完工裝修工程業,03,243872
F.營建工程業,43 專門營造業,439 其他專門營造業,03,512095
G.批發及零售業,45 批發業,451 商品批發經紀業,03,1434787
G.批發及零售業,45 批發業,452 綜合商品批發業,03,3127652
G.批發及零售業,45 批發業,453 農產原料及活動物批發業,03,4531509
G.批發及零售業,45 批發業,454 食品、飲料及菸草製品批發業,03,24216232
G.批發及零售業,45 批發業,455 布疋及服飾品批發業,03,2120441
G.批發及零售業,45 批發業,456 家用器具及用品批發業,03,3142375
G.批發及零售業,45 批發業,457 藥品、醫療用品及化粧品批發業,03,2938171
G.批發及零售業,45 批發業,458 文教育樂用品批發業,03,1362961
G.批發及零售業,45 批發業,461 建材批發業,03,8420963
G.批發及零售業,45 批發業,462 化學原材料及其製品批發業,03,5204317
G.批發及零售業,45 批發業,463 燃料及相關產品批發業,03,1557750
G.批發及零售業,45 批發業,464 機械器具批發業,03,9513642
G.批發及零售業,45 批發業,465 汽機車及其零配件、用品批發業,03,3098324
G.批發及零售業,45 批發業,469 其他專賣批發業,03,4298110
G.批發及零售業,47 零售業,471 綜合商品零售業,03,281621838
G.批發及零售業,47 零售業,472 食品、飲料及菸草製品零售業,03,20449747
G.批發及零售業,47 零售業,473 布疋及服飾品零售業,03,6327457
G.批發及零售業,47 零售業,474 家用器具及用品零售業,03,5170272
G.批發及零售業,47 零售業,475 藥品、醫療用品及化粧品零售業,03,5402208
G.批發及零售業,47 零售業,476 文教育樂用品零售業,03,1701921
G.批發及零售業,47 零售業,481 建材零售業,03,428869
G.批發及零售業,47 零售業,482 燃料及相關產品零售業,03,16257813
G.批發及零售業,47 零售業,483 資訊及通訊設備零售業,03,5620259
G.批發及零售業,47 零售業,484 汽機車及其零配件、用品零售業,03,8601237
G.批發及零售業,47 零售業,485 其他專賣零售業,03,3015109
G.批發及零售業,47 零售業,486 零售攤販,03,537627
G.批發及零售業,47 零售業,487 其他非店面零售業,03,1581913
H.運輸及倉儲業,49 陸上運輸業,491 鐵路運輸業,03,114536081
H.運輸及倉儲業,49 陸上運輸業,492 大眾捷運系統運輸業,03,77164246
H.運輸及倉儲業,49 陸上運輸業,493 汽車客運業,03,5725602
H.運輸及倉儲業,49 陸上運輸業,494 汽車貨運業,03,4155481
H.運輸及倉儲業,49 陸上運輸業,499 其他陸上運輸業,03,98453
H.運輸及倉儲業,50 水上運輸業,501 海洋水運業,03,1223373
H.運輸及倉儲業,50 水上運輸業,502 內河及湖泊水運業,03,0
H.運輸及倉儲業,51 航空運輸業,,03,3681572
H.運輸及倉儲業,52 運輸輔助業,521 報關業,03,76264
H.運輸及倉儲業,52 運輸輔助業,522 船務代理業,03,662611
H.運輸及倉儲業,52 運輸輔助業,523 貨運承攬業,03,1867898
H.運輸及倉儲業,52 運輸輔助業,524 陸上運輸輔助業,03,16095876
H.運輸及倉儲業,52 運輸輔助業,525 水上運輸輔助業,03,19183460
H.運輸及倉儲業,52 運輸輔助業,526 航空運輸輔助業,03,23675654
H.運輸及倉儲業,52 運輸輔助業,529 其他運輸輔助業,03,9156977
H.運輸及倉儲業,53 倉儲業,,03,65279569
H.運輸及倉儲業,54 郵政及快遞業,541 郵政業,03,3194621
H.運輸及倉儲業,54 郵政及快遞業,542 快遞業,03,3317551
I.住宿及餐飲業,55 住宿業,551 短期住宿業,03,153729266
I.住宿及餐飲業,55 住宿業,559 其他住宿業,03,445039
I.住宿及餐飲業,56 餐飲業,561 餐食業,03,73784619
I.住宿及餐飲業,56 餐飲業,562 外燴及團膳承包業,03,2697723
I.住宿及餐飲業,56 餐飲業,563 飲料業,03,4181757
J.出版、影音製作、傳播及資通訊服務業,58 出版業,581 新聞、雜誌、期刊、書籍及其他出版業,03,2866169
J.出版、影音製作、傳播及資通訊服務業,58 出版業,582 軟體出版業,03,265807
J.出版、影音製作、傳播及資通訊服務業,59 影片及電視節目業；聲音錄製及音樂發行業,591 影片及電視節目業,03,7831307
J.出版、影音製作、傳播及資通訊服務業,59 影片及電視節目業；聲音錄製及音樂發行業,592 聲音錄製及音樂發行業,03,95007
J.出版、影音製作、傳播及資通訊服務業,60 廣播、電視節目編排及傳播業,601 廣播業,03,3044480
J.出版、影音製作、傳播及資通訊服務業,60 廣播、電視節目編排及傳播業,602 電視節目編排及傳播業,03,6672417
J.出版、影音製作、傳播及資通訊服務業,61 電信業,,03,92700305
J.出版、影音製作、傳播及資通訊服務業,62 電腦程式設計、諮詢及相關服務業,,03,4592772
J.出版、影音製作、傳播及資通訊服務業,63 資訊服務業,631 入口網站經營、資料處理、主機及網站代管服務業,03,115938124
J.出版、影音製作、傳播及資通訊服務業,63 資訊服務業,639 其他資訊服務業,03,2968741
K.金融及保險業,64 金融服務業,641 貨幣中介業,03,31330840
K.金融及保險業,64 金融服務業,642 控股業,03,175140
K.金融及保險業,64 金融服務業,643 信託、基金及類似金融實體,03,90212
K.金融及保險業,64 金融服務業,649 其他金融服務業,03,1214401
K.金融及保險業,65 保險業,651 人身保險業,03,21772398
K.金融及保險業,65 保險業,652 財產保險業,03,1275394
K.金融及保險業,65 保險業,653 再保險業,03,0
K.金融及保險業,65 保險業,654 退休基金,03,0
K.金融及保險業,65 保險業,655 保險輔助業,03,198280
K.金融及保險業,66 證券期貨及金融輔助業,661 證券業,03,4010337
K.金融及保險業,66 證券期貨及金融輔助業,662 期貨業,03,67108
K.金融及保險業,66 證券期貨及金融輔助業,664 基金管理業,03,73071
K.金融及保險業,66 證券期貨及金融輔助業,669 其他金融輔助業,03,790068
L.不動產業,67 不動產開發業,,03,14316356
L.不動產業,68 不動產經營及相關服務業,681 不動產經營業,03,28978210
L.不動產業,68 不動產經營及相關服務業,689 其他不動產業,03,588394
M.專業、科學及技術服務業,69 法律及會計服務業,691 法律服務業,03,977182
M.專業、科學及技術服務業,69 法律及會計服務業,692 會計服務業,03,111087
M.專業、科學及技術服務業,70 企業總管理機構及管理顧問業,701 企業總管理機構,03,4348590
M.專業、科學及技術服務業,70 企業總管理機構及管理顧問業,702 管理顧問業,03,1547327
M.專業、科學及技術服務業,71 建築、工程服務及技術檢測、分析服務業,711 建築、工程服務及相關技術顧問業,03,1388735
M.專業、科學及技術服務業,71 建築、工程服務及技術檢測、分析服務業,712 技術檢測及分析服務業,03,5933448
M.專業、科學及技術服務業,72 研究發展服務業,721 自然及工程科學研究發展服務業,03,20181036
M.專業、科學及技術服務業,72 研究發展服務業,722 社會及人文科學研究發展服務業,03,41674
M.專業、科學及技術服務業,72 研究發展服務業,723 綜合研究發展服務業,03,15814928
M.專業、科學及技術服務業,73 廣告業及市場研究業,731 廣告業,03,530692
M.專業、科學及技術服務業,73 廣告業及市場研究業,732 市場研究及民意調查業,03,32520
M.專業、科學及技術服務業,74 專門設計業,,03,562065
M.專業、科學及技術服務業,75 獸醫業,,03,176227
M.專業、科學及技術服務業,76 其他專業、科學及技術服務業,,03,2804348
N.支援服務業,77 租賃業,771 機械設備租賃業,03,744136
N.支援服務業,77 租賃業,772 運輸工具租賃業,03,80420
N.支援服務業,77 租賃業,773 個人及家庭用品租賃業,03,392403
N.支援服務業,77 租賃業,774 智慧財產租賃業,03,21663
N.支援服務業,78 人力仲介及供應業,781 人力仲介業,03,628909
N.支援服務業,78 人力仲介及供應業,782 人力供應業,03,668615
N.支援服務業,79 旅行及相關服務業,,03,521545
N.支援服務業,80 保全及偵探業,,03,733341
N.支援服務業,81 建築物及綠化服務業,811 複合支援服務業,03,216406
N.支援服務業,81 建築物及綠化服務業,812 清潔服務業,03,13689761
N.支援服務業,81 建築物及綠化服務業,813 綠化服務業,03,65669
N.支援服務業,82 行政支援服務業,,03,4810985
O.公共行政及國防；強制性社會安全,83 公共行政及國防；強制性社會安全,,03,199064513
O.公共行政及國防；強制性社會安全,84 國際組織及外國機構,,03,604618
P.教育業,85 教育業,851 學前教育,03,2294175
P.教育業,85 教育業,852 小學教育,03,24945884
P.教育業,85 教育業,853 國民中學教育,03,24726077
P.教育業,85 教育業,854 高級中等教育,03,25189402
P.教育業,85 教育業,855 大專校院,03,151688421
P.教育業,85 教育業,856 特殊教育學校,03,168324
P.教育業,85 教育業,858 教育輔助業,03,89040
P.教育業,85 教育業,859 其他教育業,03,4354342
Q.醫療保健及社會工作服務業,86 醫療保健業,861 醫院,03,209572419
Q.醫療保健及社會工作服務業,86 醫療保健業,862 診所,03,6039916
Q.醫療保健及社會工作服務業,86 醫療保健業,869 其他醫療保健業,03,2263761
Q.醫療保健及社會工作服務業,87 居住型照顧服務業,,03,19545577
Q.醫療保健及社會工作服務業,88 其他社會工作服務業,,03,4284499
R.藝術、娛樂及休閒服務業,90 創作及藝術表演業,901 創作業,03,292501
R.藝術、娛樂及休閒服務業,90 創作及藝術表演業,902 藝術表演業,03,817267
R.藝術、娛樂及休閒服務業,90 創作及藝術表演業,903 創作及藝術表演輔助業,03,5954121
R.藝術、娛樂及休閒服務業,91 圖書館、檔案保存、博物館及類似機構,,03,12857267
R.藝術、娛樂及休閒服務業,92 博弈業,,03,270825
R.藝術、娛樂及休閒服務業,93 運動、娛樂及休閒服務業,931 運動服務業,03,32034058
R.藝術、娛樂及休閒服務業,93 運動、娛樂及休閒服務業,932 娛樂及休閒服務業,03,25190192
S.其他服務業,94 宗教、職業及類似組織,941 宗教組織,03,9154590
S.其他服務業,94 宗教、職業及類似組織,942 職業團體,03,636703
S.其他服務業,94 宗教、職業及類似組織,949 其他組織,03,22466471
S.其他服務業,95 個人及家庭用品維修業,951 汽車維修及美容業,03,5901378
S.其他服務業,95 個人及家庭用品維修業,952 電腦、通訊傳播設備及電子產品維修業,03,235733
S.其他服務業,95 個人及家庭用品維修業,959 其他個人及家庭用品維修業,03,140815
S.其他服務業,96 未分類其他服務業,961 洗衣業,03,4214375
S.其他服務業,96 未分類其他服務業,962 美髮及美容美體業,03,3857355
S.其他服務業,96 未分類其他服務業,963 殯葬及相關服務業,03,5179547
S.其他服務業,96 未分類其他服務業,964 家事服務業,03,72387
S.其他服務業,96 未分類其他服務業,969 其他個人服務業,03,2150824
T.家庭(住宅用),97 住宅與公共設施,,03,193893332
U.其他不能歸類,98 其他不能歸類,,03,131727654
A.農、林、漁、牧業,01 農、牧業,011 農作物栽培業,04,44728242
A.農、林、漁、牧業,01 農、牧業,012 畜牧業,04,63560547
A.農、林、漁、牧業,01 農、牧業,013 農事及畜牧服務業,04,54963276
A.農、林、漁、牧業,02 林業,021 林業,04,202929
A.農、林、漁、牧業,03 漁業,031 漁撈業,04,324012
A.農、林、漁、牧業,03 漁業,032 水產養殖業,04,71086735
B.礦業及土石採取業,05 石油及天然氣礦業,,04,6386443
B.礦業及土石採取業,06 砂、石採取及其他礦業,,04,24143204
C.製造業,08 食品及飲料製造業,081 肉類加工及保藏業,04,54482644
C.製造業,08 食品及飲料製造業,082 水產加工及保藏業,04,25502586
C.製造業,08 食品及飲料製造業,083 蔬果加工及保藏業,04,25065994
C.製造業,08 食品及飲料製造業,084 動植物油脂製造業,04,14119813
C.製造業,08 食品及飲料製造業,085 乳品製造業,04,28417094
C.製造業,08 食品及飲料製造業,086 碾穀、磨粉及澱粉製品製造業,04,18070346
C.製造業,08 食品及飲料製造業,087 動物飼品製造業,04,30102405
C.製造業,08 食品及飲料製造業,089 其他食品製造業,04,164984654
C.製造業,09 飲料製造業,091 酒精飲料製造業,04,10197805
C.製造業,09 飲料製造業,092 非酒精飲料製造業,04,17156862
C.製造業,10菸草製造業,,04,3625232
C.製造業,11 紡織業,111 紡紗業,04,83660781
C.製造業,11 紡織業,112 織布業,04,123239918
C.製造業,11 紡織業,113 不織布業,04,19035968
C.製造業,11 紡織業,114 染整業,04,44665934
C.製造業,11 紡織業,115 紡織品製造業,04,20052763
C.製造業,12 成衣及服飾品製造業,121 成衣製造業,04,6833838
C.製造業,12 成衣及服飾品製造業,123 服飾品製造業,04,3078877
C.製造業,13 皮革、毛皮及其製品製造業,,04,8176973
C.製造業,14 木竹製品製造業,,04,9810406
C.製造業,15 紙漿、紙及紙製品製造業,151 紙漿、紙及紙板製造業,04,88566496
C.製造業,15 紙漿、紙及紙製品製造業,152 瓦楞紙板及紙容器製造業,04,24891608
C.製造業,15 紙漿、紙及紙製品製造業,153 其他紙製品製造業,04,30010941
C.製造業,16 印刷及資料儲存媒體複製業,,04,31205812
C.製造業,17 石油及煤製品製造業,,04,143633150
C.製造業,18 化學原材料、肥料、氮化合物、塑橡膠原料及人造纖維,181 化學原材料製造業,04,477926449
C.製造業,18 化學原材料、肥料、氮化合物、塑橡膠原料及人造纖維,183 肥料及氮化合物製造業,04,14727172
C.製造業,18 化學原材料、肥料、氮化合物、塑橡膠原料及人造纖維,184 塑膠及合成橡膠原料製造業,04,230768293
C.製造業,18 化學原材料、肥料、氮化合物、塑橡膠原料及人造纖維,185 人造纖維製造業,04,116897506
C.製造業,19 其他化學製品製造業,191 農藥及環境用藥製造業,04,3907617
C.製造業,19 其他化學製品製造業,192 塗料、染料及顏料製造業,04,17421732
C.製造業,19 其他化學製品製造業,193 清潔用品及化粧品製造業,04,12077874
C.製造業,19 其他化學製品製造業,199 未分類其他化學製品製造業,04,50804075
C.製造業,20 藥品及醫用化學製品製造業,,04,71241366
C.製造業,21 橡膠製品製造業,,04,65359591
C.製造業,22 塑膠製品製造業,,04,336536786
C.製造業,23 非金屬礦物製品製造業,231 玻璃及其製品製造業,04,228916028
C.製造業,23 非金屬礦物製品製造業,232 耐火、黏土建材及其他陶瓷製品製造業,04,35700280
C.製造業,23 非金屬礦物製品製造業,233 水泥及其製品製造業,04,144542898
C.製造業,23 非金屬礦物製品製造業,234 石材製品製造業,04,6232991
C.製造業,23 非金屬礦物製品製造業,239 其他非金屬礦物製品製造業,04,36589546
C.製造業,24 基本金屬製造業,241 鋼鐵製造業,04,949287198
C.製造業,24 基本金屬製造業,242 鋁製造業,04,67647059
C.製造業,24 基本金屬製造業,243 銅製造業,04,147833197
C.製造業,24 基本金屬製造業,249 其他基本金屬製造業,04,26984875
C.製造業,25 金屬製品製造業,251 金屬刀具、手工具及模具製造業,04,83318720
C.製造業,25 金屬製品製造業,252 金屬結構及建築組件製造業,04,24397137
C.製造業,25 金屬製品製造業,253 金屬容器製造業,04,11414429
C.製造業,25 金屬製品製造業,254 金屬加工處理業,04,218126772
C.製造業,25 金屬製品製造業,259 其他金屬製品製造業,04,148120765
C.製造業,26 電子零組件製造業,261 半導體製造業,04,3454948429
C.製造業,26 電子零組件製造業,262 被動電子元件製造業,04,162310392
C.製造業,26 電子零組件製造業,263 印刷電路板製造業,04,270031436
C.製造業,26 電子零組件製造業,264 光電材料及元件製造業,04,866546744
C.製造業,26 電子零組件製造業,269 其他電子零組件製造業,04,286411753
C.製造業,27 電腦、電子產品及光學製品製造業,271 電腦及其週邊設備製造業,04,52116161
C.製造業,27 電腦、電子產品及光學製品製造業,272 通訊傳播設備製造業,04,31405264
C.製造業,27 電腦、電子產品及光學製品製造業,273 視聽電子產品製造業,04,5356383
C.製造業,27 電腦、電子產品及光學製品製造業,274 資料儲存媒體製造業,04,13601955
C.製造業,27 電腦、電子產品及光學製品製造業,275 量測、導航、控制設備及鐘錶製造業,04,11940714
C.製造業,27 電腦、電子產品及光學製品製造業,276 輻射及電子醫學設備製造業,04,1356606
C.製造業,27 電腦、電子產品及光學製品製造業,277 光學儀器及設備製造業,04,85437151
C.製造業,28 電力設備及配備製造業,281 發電、輸電及配電機械製造業,04,14838951
C.製造業,28 電力設備及配備製造業,282 電池製造業,04,28322072
C.製造業,28 電力設備及配備製造業,283 電線及配線器材製造業,04,34835663
C.製造業,28 電力設備及配備製造業,284 照明設備及配備製造業,04,4479955
C.製造業,28 電力設備及配備製造業,285 家用電器製造業,04,12011980
C.製造業,28 電力設備及配備製造業,289 其他電力設備及配備製造業,04,16023819
C.製造業,29 機械設備製造業,291 金屬加工用機械設備製造業,04,35965260
C.製造業,29 機械設備製造業,292 其他專用機械設備製造業,04,37495921
C.製造業,29 機械設備製造業,293 通用機械設備製造業,04,80417470
C.製造業,30 汽車及其零件製造業,301 汽車製造業,04,10010255
C.製造業,30 汽車及其零件製造業,302 車體製造業,04,1337713
C.製造業,30 汽車及其零件製造業,303 汽車零件製造業,04,97073599
C.製造業,31 其他運輸工具及其零件製造業,311 船舶及浮動設施製造業,04,9573369
C.製造業,31 其他運輸工具及其零件製造業,312 機車及其零件製造業,04,19248058
C.製造業,31 其他運輸工具及其零件製造業,313 自行車及其零件製造業,04,27239840
C.製造業,31 其他運輸工具及其零件製造業,319 未分類其他運輸工具及其零件製造業,04,20609183
C.製造業,32 家具製造業,321 非金屬家具製造業,04,5774770
C.製造業,32 家具製造業,322 金屬家具製造業,04,4720007
C.製造業,33 其他製造業,331 育樂用品製造業,04,21652233
C.製造業,33 其他製造業,332 醫療器材及用品製造業,04,39079390
C.製造業,33 其他製造業,339 未分類其他製造業,04,14051955
C.製造業,34 產業用機械設備維修及安裝業,,04,12636796
D.電力及燃氣供應業,35 電力及燃氣供應業,351 電力供應業,04,16728097
D.電力及燃氣供應業,35 電力及燃氣供應業,352 氣體燃料供應業,04,41469035
D.電力及燃氣供應業,35 電力及燃氣供應業,353 蒸汽供應業,04,385840
E.用水供應及污染整治業,36 用水供應業,,04,106641003
E.用水供應及污染整治業,37 廢水及污水處理業,,04,27694394
E.用水供應及污染整治業,38 廢棄物清除、處理及資源回收處理業,381 廢棄物清除業,04,3841165
E.用水供應及污染整治業,38 廢棄物清除、處理及資源回收處理業,382 廢棄物處理業,04,14698847
E.用水供應及污染整治業,38 廢棄物清除、處理及資源回收處理業,383 資源回收處理業,04,17473081
E.用水供應及污染整治業,39 污染整治業,,04,569081
F.營建工程業,41 建築工程業,,04,50181985
F.營建工程業,42 土木工程業,421 道路工程業,04,6308395
F.營建工程業,42 土木工程業,422 公用事業設施工程業,04,5745351
F.營建工程業,42 土木工程業,429 其他土木工程業,04,1204904
F.營建工程業,43 專門營造業,431 整地、基礎及結構工程業,04,684119
F.營建工程業,43 專門營造業,432 庭園景觀工程業,04,107199
F.營建工程業,43 專門營造業,433 機電、管道及其他建築設備安裝業,04,1160626
F.營建工程業,43 專門營造業,434 建物完工裝修工程業,04,283615
F.營建工程業,43 專門營造業,439 其他專門營造業,04,498222
G.批發及零售業,45 批發業,451 商品批發經紀業,04,1741459
G.批發及零售業,45 批發業,452 綜合商品批發業,04,3358297
G.批發及零售業,45 批發業,453 農產原料及活動物批發業,04,4986253
G.批發及零售業,45 批發業,454 食品、飲料及菸草製品批發業,04,26732963
G.批發及零售業,45 批發業,455 布疋及服飾品批發業,04,2321199
G.批發及零售業,45 批發業,456 家用器具及用品批發業,04,3440995
G.批發及零售業,45 批發業,457 藥品、醫療用品及化粧品批發業,04,3194894
G.批發及零售業,45 批發業,458 文教育樂用品批發業,04,1326764
G.批發及零售業,45 批發業,461 建材批發業,04,8571630
G.批發及零售業,45 批發業,462 化學原材料及其製品批發業,04,5178426
G.批發及零售業,45 批發業,463 燃料及相關產品批發業,04,1337771
G.批發及零售業,45 批發業,464 機械器具批發業,04,10172144
G.批發及零售業,45 批發業,465 汽機車及其零配件、用品批發業,04,3374501
G.批發及零售業,45 批發業,469 其他專賣批發業,04,4602801
G.批發及零售業,47 零售業,471 綜合商品零售業,04,298468373
G.批發及零售業,47 零售業,472 食品、飲料及菸草製品零售業,04,22615675
G.批發及零售業,47 零售業,473 布疋及服飾品零售業,04,7168527
G.批發及零售業,47 零售業,474 家用器具及用品零售業,04,5677795
G.批發及零售業,47 零售業,475 藥品、醫療用品及化粧品零售業,04,6026064
G.批發及零售業,47 零售業,476 文教育樂用品零售業,04,1792449
G.批發及零售業,47 零售業,481 建材零售業,04,433909
G.批發及零售業,47 零售業,482 燃料及相關產品零售業,04,17029826
G.批發及零售業,47 零售業,483 資訊及通訊設備零售業,04,6203912
G.批發及零售業,47 零售業,484 汽機車及其零配件、用品零售業,04,9705396
G.批發及零售業,47 零售業,485 其他專賣零售業,04,3263833
G.批發及零售業,47 零售業,486 零售攤販,04,586522
G.批發及零售業,47 零售業,487 其他非店面零售業,04,1690509
H.運輸及倉儲業,49 陸上運輸業,491 鐵路運輸業,04,118529275
H.運輸及倉儲業,49 陸上運輸業,492 大眾捷運系統運輸業,04,78793510
H.運輸及倉儲業,49 陸上運輸業,493 汽車客運業,04,6034284
H.運輸及倉儲業,49 陸上運輸業,494 汽車貨運業,04,4509013
H.運輸及倉儲業,49 陸上運輸業,499 其他陸上運輸業,04,95965
H.運輸及倉儲業,50 水上運輸業,501 海洋水運業,04,1308341
H.運輸及倉儲業,50 水上運輸業,502 內河及湖泊水運業,04,0
H.運輸及倉儲業,51 航空運輸業,,04,3908715
H.運輸及倉儲業,52 運輸輔助業,521 報關業,04,85915
H.運輸及倉儲業,52 運輸輔助業,522 船務代理業,04,709255
H.運輸及倉儲業,52 運輸輔助業,523 貨運承攬業,04,2067644
H.運輸及倉儲業,52 運輸輔助業,524 陸上運輸輔助業,04,16618840
H.運輸及倉儲業,52 運輸輔助業,525 水上運輸輔助業,04,19386938
H.運輸及倉儲業,52 運輸輔助業,526 航空運輸輔助業,04,24909066
H.運輸及倉儲業,52 運輸輔助業,529 其他運輸輔助業,04,9559275
H.運輸及倉儲業,53 倉儲業,,04,70556996
H.運輸及倉儲業,54 郵政及快遞業,541 郵政業,04,3591089
H.運輸及倉儲業,54 郵政及快遞業,542 快遞業,04,3598166
I.住宿及餐飲業,55 住宿業,551 短期住宿業,04,162189172
I.住宿及餐飲業,55 住宿業,559 其他住宿業,04,484666
I.住宿及餐飲業,56 餐飲業,561 餐食業,04,80453499
I.住宿及餐飲業,56 餐飲業,562 外燴及團膳承包業,04,2953840
I.住宿及餐飲業,56 餐飲業,563 飲料業,04,4567658
J.出版、影音製作、傳播及資通訊服務業,58 出版業,581 新聞、雜誌、期刊、書籍及其他出版業,04,2975219
J.出版、影音製作、傳播及資通訊服務業,58 出版業,582 軟體出版業,04,273656
J.出版、影音製作、傳播及資通訊服務業,59 影片及電視節目業；聲音錄製及音樂發行業,591 影片及電視節目業,04,8172797
J.出版、影音製作、傳播及資通訊服務業,59 影片及電視節目業；聲音錄製及音樂發行業,592 聲音錄製及音樂發行業,04,101860
J.出版、影音製作、傳播及資通訊服務業,60 廣播、電視節目編排及傳播業,601 廣播業,04,3152791
J.出版、影音製作、傳播及資通訊服務業,60 廣播、電視節目編排及傳播業,602 電視節目編排及傳播業,04,6899717
J.出版、影音製作、傳播及資通訊服務業,61 電信業,,04,92549124
J.出版、影音製作、傳播及資通訊服務業,62 電腦程式設計、諮詢及相關服務業,,04,4447793
J.出版、影音製作、傳播及資通訊服務業,63 資訊服務業,631 入口網站經營、資料處理、主機及網站代管服務業,04,116074452
J.出版、影音製作、傳播及資通訊服務業,63 資訊服務業,639 其他資訊服務業,04,2987756
K.金融及保險業,64 金融服務業,641 貨幣中介業,04,32952126
K.金融及保險業,64 金融服務業,642 控股業,04,191409
K.金融及保險業,64 金融服務業,643 信託、基金及類似金融實體,04,93428
K.金融及保險業,64 金融服務業,649 其他金融服務業,04,1312652
K.金融及保險業,65 保險業,651 人身保險業,04,22291898
K.金融及保險業,65 保險業,652 財產保險業,04,1417998
K.金融及保險業,65 保險業,653 再保險業,04,0
K.金融及保險業,65 保險業,654 退休基金,04,0
K.金融及保險業,65 保險業,655 保險輔助業,04,218190
K.金融及保險業,66 證券期貨及金融輔助業,661 證券業,04,4333683
K.金融及保險業,66 證券期貨及金融輔助業,662 期貨業,04,84432
K.金融及保險業,66 證券期貨及金融輔助業,664 基金管理業,04,86476
K.金融及保險業,66 證券期貨及金融輔助業,669 其他金融輔助業,04,821208
L.不動產業,67 不動產開發業,,04,14944888
L.不動產業,68 不動產經營及相關服務業,681 不動產經營業,04,30536448
L.不動產業,68 不動產經營及相關服務業,689 其他不動產業,04,672353
M.專業、科學及技術服務業,69 法律及會計服務業,691 法律服務業,04,1029451
M.專業、科學及技術服務業,69 法律及會計服務業,692 會計服務業,04,96301
M.專業、科學及技術服務業,70 企業總管理機構及管理顧問業,701 企業總管理機構,04,4596692
M.專業、科學及技術服務業,70 企業總管理機構及管理顧問業,702 管理顧問業,04,1668586
M.專業、科學及技術服務業,71 建築、工程服務及技術檢測、分析服務業,711 建築、工程服務及相關技術顧問業,04,1520277
M.專業、科學及技術服務業,71 建築、工程服務及技術檢測、分析服務業,712 技術檢測及分析服務業,04,6365009
M.專業、科學及技術服務業,72 研究發展服務業,721 自然及工程科學研究發展服務業,04,20111694
M.專業、科學及技術服務業,72 研究發展服務業,722 社會及人文科學研究發展服務業,04,42400
M.專業、科學及技術服務業,72 研究發展服務業,723 綜合研究發展服務業,04,16564949
M.專業、科學及技術服務業,73 廣告業及市場研究業,731 廣告業,04,602694
M.專業、科學及技術服務業,73 廣告業及市場研究業,732 市場研究及民意調查業,04,37840
M.專業、科學及技術服務業,74 專門設計業,,04,585823
M.專業、科學及技術服務業,75 獸醫業,,04,188918
M.專業、科學及技術服務業,76 其他專業、科學及技術服務業,,04,3128153
N.支援服務業,77 租賃業,771 機械設備租賃業,04,738121
N.支援服務業,77 租賃業,772 運輸工具租賃業,04,90448
N.支援服務業,77 租賃業,773 個人及家庭用品租賃業,04,438211
N.支援服務業,77 租賃業,774 智慧財產租賃業,04,24653
N.支援服務業,78 人力仲介及供應業,781 人力仲介業,04,713079
N.支援服務業,78 人力仲介及供應業,782 人力供應業,04,689560
N.支援服務業,79 旅行及相關服務業,,04,577038
N.支援服務業,80 保全及偵探業,,04,762003
N.支援服務業,81 建築物及綠化服務業,811 複合支援服務業,04,48059
N.支援服務業,81 建築物及綠化服務業,812 清潔服務業,04,13718296
N.支援服務業,81 建築物及綠化服務業,813 綠化服務業,04,73879
N.支援服務業,82 行政支援服務業,,04,5012627
O.公共行政及國防；強制性社會安全,83 公共行政及國防；強制性社會安全,,04,211654503
O.公共行政及國防；強制性社會安全,84 國際組織及外國機構,,04,680319
P.教育業,85 教育業,851 學前教育,04,2600236
P.教育業,85 教育業,852 小學教育,04,27156888
P.教育業,85 教育業,853 國民中學教育,04,28057089
P.教育業,85 教育業,854 高級中等教育,04,28439937
P.教育業,85 教育業,855 大專校院,04,162241297
P.教育業,85 教育業,856 特殊教育學校,04,176812
P.教育業,85 教育業,858 教育輔助業,04,94916
P.教育業,85 教育業,859 其他教育業,04,4536006
Q.醫療保健及社會工作服務業,86 醫療保健業,861 醫院,04,222016605
Q.醫療保健及社會工作服務業,86 醫療保健業,862 診所,04,6725532
Q.醫療保健及社會工作服務業,86 醫療保健業,869 其他醫療保健業,04,2339957
Q.醫療保健及社會工作服務業,87 居住型照顧服務業,,04,20005153
Q.醫療保健及社會工作服務業,88 其他社會工作服務業,,04,4593036
R.藝術、娛樂及休閒服務業,90 創作及藝術表演業,901 創作業,04,326047
R.藝術、娛樂及休閒服務業,90 創作及藝術表演業,902 藝術表演業,04,862152
R.藝術、娛樂及休閒服務業,90 創作及藝術表演業,903 創作及藝術表演輔助業,04,6503709
R.藝術、娛樂及休閒服務業,91 圖書館、檔案保存、博物館及類似機構,,04,13782123
R.藝術、娛樂及休閒服務業,92 博弈業,,04,287866
R.藝術、娛樂及休閒服務業,93 運動、娛樂及休閒服務業,931 運動服務業,04,35016127
R.藝術、娛樂及休閒服務業,93 運動、娛樂及休閒服務業,932 娛樂及休閒服務業,04,27285124
S.其他服務業,94 宗教、職業及類似組織,941 宗教組織,04,9825228
S.其他服務業,94 宗教、職業及類似組織,942 職業團體,04,695087
S.其他服務業,94 宗教、職業及類似組織,949 其他組織,04,23269354
S.其他服務業,95 個人及家庭用品維修業,951 汽車維修及美容業,04,6426856
S.其他服務業,95 個人及家庭用品維修業,952 電腦、通訊傳播設備及電子產品維修業,04,261318
S.其他服務業,95 個人及家庭用品維修業,959 其他個人及家庭用品維修業,04,144495
S.其他服務業,96 未分類其他服務業,961 洗衣業,04,4359435
S.其他服務業,96 未分類其他服務業,962 美髮及美容美體業,04,4209211
S.其他服務業,96 未分類其他服務業,963 殯葬及相關服務業,04,5627652
S.其他服務業,96 未分類其他服務業,964 家事服務業,04,70049
S.其他服務業,96 未分類其他服務業,969 其他個人服務業,04,2283416
T.家庭(住宅用),97 住宅與公共設施,,04,201812407
U.其他不能歸類,98 其他不能歸類,,04,142229187
A.農、林、漁、牧業,01 農、牧業,011 農作物栽培業,05,49570937
A.農、林、漁、牧業,01 農、牧業,012 畜牧業,05,75636598
A.農、林、漁、牧業,01 農、牧業,013 農事及畜牧服務業,05,59952022
A.農、林、漁、牧業,02 林業,021 林業,05,222774
A.農、林、漁、牧業,03 漁業,031 漁撈業,05,364644
A.農、林、漁、牧業,03 漁業,032 水產養殖業,05,76025696
B.礦業及土石採取業,05 石油及天然氣礦業,,05,10824006
B.礦業及土石採取業,06 砂、石採取及其他礦業,,05,24603663
C.製造業,08 食品及飲料製造業,081 肉類加工及保藏業,05,60120223
C.製造業,08 食品及飲料製造業,082 水產加工及保藏業,05,28005618
C.製造業,08 食品及飲料製造業,083 蔬果加工及保藏業,05,29422830
C.製造業,08 食品及飲料製造業,084 動植物油脂製造業,05,14581739
C.製造業,08 食品及飲料製造業,085 乳品製造業,05,32441951
C.製造業,08 食品及飲料製造業,086 碾穀、磨粉及澱粉製品製造業,05,18821797
C.製造業,08 食品及飲料製造業,087 動物飼品製造業,05,31975035
C.製造業,08 食品及飲料製造業,089 其他食品製造業,05,185754128
C.製造業,09 飲料製造業,091 酒精飲料製造業,05,12026211
C.製造業,09 飲料製造業,092 非酒精飲料製造業,05,20133993
C.製造業,10菸草製造業,,05,4392333
C.製造業,11 紡織業,111 紡紗業,05,82583833
C.製造業,11 紡織業,112 織布業,05,121719946
C.製造業,11 紡織業,113 不織布業,05,22051056
C.製造業,11 紡織業,114 染整業,05,44612605
C.製造業,11 紡織業,115 紡織品製造業,05,21039836
C.製造業,12 成衣及服飾品製造業,121 成衣製造業,05,7532768
C.製造業,12 成衣及服飾品製造業,123 服飾品製造業,05,3315007
C.製造業,13 皮革、毛皮及其製品製造業,,05,8420488
C.製造業,14 木竹製品製造業,,05,10399337
C.製造業,15 紙漿、紙及紙製品製造業,151 紙漿、紙及紙板製造業,05,77507247
C.製造業,15 紙漿、紙及紙製品製造業,152 瓦楞紙板及紙容器製造業,05,26837445
C.製造業,15 紙漿、紙及紙製品製造業,153 其他紙製品製造業,05,31311213
C.製造業,16 印刷及資料儲存媒體複製業,,05,34340490
C.製造業,17 石油及煤製品製造業,,05,142618594
C.製造業,18 化學原材料、肥料、氮化合物、塑橡膠原料及人造纖維,181 化學原材料製造業,05,499969428
C.製造業,18 化學原材料、肥料、氮化合物、塑橡膠原料及人造纖維,183 肥料及氮化合物製造業,05,14999862
C.製造業,18 化學原材料、肥料、氮化合物、塑橡膠原料及人造纖維,184 塑膠及合成橡膠原料製造業,05,241226622
C.製造業,18 化學原材料、肥料、氮化合物、塑橡膠原料及人造纖維,185 人造纖維製造業,05,120081181
C.製造業,19 其他化學製品製造業,191 農藥及環境用藥製造業,05,4234537
C.製造業,19 其他化學製品製造業,192 塗料、染料及顏料製造業,05,18472920
C.製造業,19 其他化學製品製造業,193 清潔用品及化粧品製造業,05,13381053
C.製造業,19 其他化學製品製造業,199 未分類其他化學製品製造業,05,54419870
C.製造業,20 藥品及醫用化學製品製造業,,05,78855049
C.製造業,21 橡膠製品製造業,,05,69190856
C.製造業,22 塑膠製品製造業,,05,357123741
C.製造業,23 非金屬礦物製品製造業,231 玻璃及其製品製造業,05,239839149
C.製造業,23 非金屬礦物製品製造業,232 耐火、黏土建材及其他陶瓷製品製造業,05,36524256
C.製造業,23 非金屬礦物製品製造業,233 水泥及其製品製造業,05,141690400
C.製造業,23 非金屬礦物製品製造業,234 石材製品製造業,05,6571753
C.製造業,23 非金屬礦物製品製造業,239 其他非金屬礦物製品製造業,05,37316048
C.製造業,24 基本金屬製造業,241 鋼鐵製造業,05,962534835
C.製造業,24 基本金屬製造業,242 鋁製造業,05,69890078
C.製造業,24 基本金屬製造業,243 銅製造業,05,144482608
C.製造業,24 基本金屬製造業,249 其他基本金屬製造業,05,28757946
C.製造業,25 金屬製品製造業,251 金屬刀具、手工具及模具製造業,05,87926622
C.製造業,25 金屬製品製造業,252 金屬結構及建築組件製造業,05,24609365
C.製造業,25 金屬製品製造業,253 金屬容器製造業,05,10451582
C.製造業,25 金屬製品製造業,254 金屬加工處理業,05,224244456
C.製造業,25 金屬製品製造業,259 其他金屬製品製造業,05,154038461
C.製造業,26 電子零組件製造業,261 半導體製造業,05,3813163392
C.製造業,26 電子零組件製造業,262 被動電子元件製造業,05,174012304
C.製造業,26 電子零組件製造業,263 印刷電路板製造業,05,289189172
C.製造業,26 電子零組件製造業,264 光電材料及元件製造業,05,916972646
C.製造業,26 電子零組件製造業,269 其他電子零組件製造業,05,318505849
C.製造業,27 電腦、電子產品及光學製品製造業,271 電腦及其週邊設備製造業,05,57435664
C.製造業,27 電腦、電子產品及光學製品製造業,272 通訊傳播設備製造業,05,34123701
C.製造業,27 電腦、電子產品及光學製品製造業,273 視聽電子產品製造業,05,6229384
C.製造業,27 電腦、電子產品及光學製品製造業,274 資料儲存媒體製造業,05,15414456
C.製造業,27 電腦、電子產品及光學製品製造業,275 量測、導航、控制設備及鐘錶製造業,05,13339896
C.製造業,27 電腦、電子產品及光學製品製造業,276 輻射及電子醫學設備製造業,05,1530797
C.製造業,27 電腦、電子產品及光學製品製造業,277 光學儀器及設備製造業,05,88574244
C.製造業,28 電力設備及配備製造業,281 發電、輸電及配電機械製造業,05,17413902
C.製造業,28 電力設備及配備製造業,282 電池製造業,05,31715548
C.製造業,28 電力設備及配備製造業,283 電線及配線器材製造業,05,37625238
C.製造業,28 電力設備及配備製造業,284 照明設備及配備製造業,05,4918013
C.製造業,28 電力設備及配備製造業,285 家用電器製造業,05,13228565
C.製造業,28 電力設備及配備製造業,289 其他電力設備及配備製造業,05,17617925
C.製造業,29 機械設備製造業,291 金屬加工用機械設備製造業,05,38159167
C.製造業,29 機械設備製造業,292 其他專用機械設備製造業,05,41505968
C.製造業,29 機械設備製造業,293 通用機械設備製造業,05,87308109
C.製造業,30 汽車及其零件製造業,301 汽車製造業,05,10242640
C.製造業,30 汽車及其零件製造業,302 車體製造業,05,1380963
C.製造業,30 汽車及其零件製造業,303 汽車零件製造業,05,98861152
C.製造業,31 其他運輸工具及其零件製造業,311 船舶及浮動設施製造業,05,10380115
C.製造業,31 其他運輸工具及其零件製造業,312 機車及其零件製造業,05,19942331
C.製造業,31 其他運輸工具及其零件製造業,313 自行車及其零件製造業,05,29481237
C.製造業,31 其他運輸工具及其零件製造業,319 未分類其他運輸工具及其零件製造業,05,23068696
C.製造業,32 家具製造業,321 非金屬家具製造業,05,6163264
C.製造業,32 家具製造業,322 金屬家具製造業,05,5043791
C.製造業,33 其他製造業,331 育樂用品製造業,05,22418732
C.製造業,33 其他製造業,332 醫療器材及用品製造業,05,42540150
C.製造業,33 其他製造業,339 未分類其他製造業,05,15599812
C.製造業,34 產業用機械設備維修及安裝業,,05,14754781
D.電力及燃氣供應業,35 電力及燃氣供應業,351 電力供應業,05,18999717
D.電力及燃氣供應業,35 電力及燃氣供應業,352 氣體燃料供應業,05,43231205
D.電力及燃氣供應業,35 電力及燃氣供應業,353 蒸汽供應業,05,396219
E.用水供應及污染整治業,36 用水供應業,,05,108515610
E.用水供應及污染整治業,37 廢水及污水處理業,,05,28943354
E.用水供應及污染整治業,38 廢棄物清除、處理及資源回收處理業,381 廢棄物清除業,05,3647321
E.用水供應及污染整治業,38 廢棄物清除、處理及資源回收處理業,382 廢棄物處理業,05,12375541
E.用水供應及污染整治業,38 廢棄物清除、處理及資源回收處理業,383 資源回收處理業,05,19088040
E.用水供應及污染整治業,39 污染整治業,,05,614646
F.營建工程業,41 建築工程業,,05,53531199
F.營建工程業,42 土木工程業,421 道路工程業,05,6653577
F.營建工程業,42 土木工程業,422 公用事業設施工程業,05,6356996
F.營建工程業,42 土木工程業,429 其他土木工程業,05,1547755
F.營建工程業,43 專門營造業,431 整地、基礎及結構工程業,05,688685
F.營建工程業,43 專門營造業,432 庭園景觀工程業,05,122488
F.營建工程業,43 專門營造業,433 機電、管道及其他建築設備安裝業,05,1323077
F.營建工程業,43 專門營造業,434 建物完工裝修工程業,05,302651
F.營建工程業,43 專門營造業,439 其他專門營造業,05,534212
G.批發及零售業,45 批發業,451 商品批發經紀業,05,2000235
G.批發及零售業,45 批發業,452 綜合商品批發業,05,3796222
G.批發及零售業,45 批發業,453 農產原料及活動物批發業,05,5677728
G.批發及零售業,45 批發業,454 食品、飲料及菸草製品批發業,05,29084089
G.批發及零售業,45 批發業,455 布疋及服飾品批發業,05,2565612
G.批發及零售業,45 批發業,456 家用器具及用品批發業,05,3885096
G.批發及零售業,45 批發業,457 藥品、醫療用品及化粧品批發業,05,3590385
G.批發及零售業,45 批發業,458 文教育樂用品批發業,05,1593366
G.批發及零售業,45 批發業,461 建材批發業,05,9030593
G.批發及零售業,45 批發業,462 化學原材料及其製品批發業,05,5484885
G.批發及零售業,45 批發業,463 燃料及相關產品批發業,05,1635123
G.批發及零售業,45 批發業,464 機械器具批發業,05,11375038
G.批發及零售業,45 批發業,465 汽機車及其零配件、用品批發業,05,3897631
G.批發及零售業,45 批發業,469 其他專賣批發業,05,4801380
G.批發及零售業,47 零售業,471 綜合商品零售業,05,341295245
G.批發及零售業,47 零售業,472 食品、飲料及菸草製品零售業,05,25993087
G.批發及零售業,47 零售業,473 布疋及服飾品零售業,05,8772071
G.批發及零售業,47 零售業,474 家用器具及用品零售業,05,6803282
G.批發及零售業,47 零售業,475 藥品、醫療用品及化粧品零售業,05,7117652
G.批發及零售業,47 零售業,476 文教育樂用品零售業,05,2267463
G.批發及零售業,47 零售業,481 建材零售業,05,486089
G.批發及零售業,47 零售業,482 燃料及相關產品零售業,05,18247828
G.批發及零售業,47 零售業,483 資訊及通訊設備零售業,05,7299273
G.批發及零售業,47 零售業,484 汽機車及其零配件、用品零售業,05,11630887
G.批發及零售業,47 零售業,485 其他專賣零售業,05,3677565
G.批發及零售業,47 零售業,486 零售攤販,05,675959
G.批發及零售業,47 零售業,487 其他非店面零售業,05,1938866
H.運輸及倉儲業,49 陸上運輸業,491 鐵路運輸業,05,127376167
H.運輸及倉儲業,49 陸上運輸業,492 大眾捷運系統運輸業,05,89867281
H.運輸及倉儲業,49 陸上運輸業,493 汽車客運業,05,6758045
H.運輸及倉儲業,49 陸上運輸業,494 汽車貨運業,05,5255962
H.運輸及倉儲業,49 陸上運輸業,499 其他陸上運輸業,05,99765
H.運輸及倉儲業,50 水上運輸業,501 海洋水運業,05,1413390
H.運輸及倉儲業,50 水上運輸業,502 內河及湖泊水運業,05,0
H.運輸及倉儲業,51 航空運輸業,,05,4343672
H.運輸及倉儲業,52 運輸輔助業,521 報關業,05,117134
H.運輸及倉儲業,52 運輸輔助業,522 船務代理業,05,817156
H.運輸及倉儲業,52 運輸輔助業,523 貨運承攬業,05,2353005
H.運輸及倉儲業,52 運輸輔助業,524 陸上運輸輔助業,05,18311166
H.運輸及倉儲業,52 運輸輔助業,525 水上運輸輔助業,05,22147406
H.運輸及倉儲業,52 運輸輔助業,526 航空運輸輔助業,05,28257571
H.運輸及倉儲業,52 運輸輔助業,529 其他運輸輔助業,05,11032856
H.運輸及倉儲業,53 倉儲業,,05,80409475
H.運輸及倉儲業,54 郵政及快遞業,541 郵政業,05,4296673
H.運輸及倉儲業,54 郵政及快遞業,542 快遞業,05,4238627
I.住宿及餐飲業,55 住宿業,551 短期住宿業,05,185997315
I.住宿及餐飲業,55 住宿業,559 其他住宿業,05,577124
I.住宿及餐飲業,56 餐飲業,561 餐食業,05,95581848
I.住宿及餐飲業,56 餐飲業,562 外燴及團膳承包業,05,3428583
I.住宿及餐飲業,56 餐飲業,563 飲料業,05,5286176
J.出版、影音製作、傳播及資通訊服務業,58 出版業,581 新聞、雜誌、期刊、書籍及其他出版業,05,3310532
J.出版、影音製作、傳播及資通訊服務業,58 出版業,582 軟體出版業,05,297343
J.出版、影音製作、傳播及資通訊服務業,59 影片及電視節目業；聲音錄製及音樂發行業,591 影片及電視節目業,05,9480319
J.出版、影音製作、傳播及資通訊服務業,59 影片及電視節目業；聲音錄製及音樂發行業,592 聲音錄製及音樂發行業,05,121307
J.出版、影音製作、傳播及資通訊服務業,60 廣播、電視節目編排及傳播業,601 廣播業,05,3296966
J.出版、影音製作、傳播及資通訊服務業,60 廣播、電視節目編排及傳播業,602 電視節目編排及傳播業,05,7401917
J.出版、影音製作、傳播及資通訊服務業,61 電信業,,05,101251363
J.出版、影音製作、傳播及資通訊服務業,62 電腦程式設計、諮詢及相關服務業,,05,4521355
J.出版、影音製作、傳播及資通訊服務業,63 資訊服務業,631 入口網站經營、資料處理、主機及網站代管服務業,05,123011233
J.出版、影音製作、傳播及資通訊服務業,63 資訊服務業,639 其他資訊服務業,05,3226613
K.金融及保險業,64 金融服務業,641 貨幣中介業,05,38264802
K.金融及保險業,64 金融服務業,642 控股業,05,203254
K.金融及保險業,64 金融服務業,643 信託、基金及類似金融實體,05,112146
K.金融及保險業,64 金融服務業,649 其他金融服務業,05,1517035
K.金融及保險業,65 保險業,651 人身保險業,05,25710034
K.金融及保險業,65 保險業,652 財產保險業,05,1582366
K.金融及保險業,65 保險業,653 再保險業,05,0
K.金融及保險業,65 保險業,654 退休基金,05,0
K.金融及保險業,65 保險業,655 保險輔助業,05,257530
K.金融及保險業,66 證券期貨及金融輔助業,661 證券業,05,4756981
K.金融及保險業,66 證券期貨及金融輔助業,662 期貨業,05,93325
K.金融及保險業,66 證券期貨及金融輔助業,664 基金管理業,05,89782
K.金融及保險業,66 證券期貨及金融輔助業,669 其他金融輔助業,05,947542
L.不動產業,67 不動產開發業,,05,17099298
L.不動產業,68 不動產經營及相關服務業,681 不動產經營業,05,35666787
L.不動產業,68 不動產經營及相關服務業,689 其他不動產業,05,845898
M.專業、科學及技術服務業,69 法律及會計服務業,691 法律服務業,05,1208288
M.專業、科學及技術服務業,69 法律及會計服務業,692 會計服務業,05,108596
M.專業、科學及技術服務業,70 企業總管理機構及管理顧問業,701 企業總管理機構,05,5415944
M.專業、科學及技術服務業,70 企業總管理機構及管理顧問業,702 管理顧問業,05,1928148
M.專業、科學及技術服務業,71 建築、工程服務及技術檢測、分析服務業,711 建築、工程服務及相關技術顧問業,05,1621937
M.專業、科學及技術服務業,71 建築、工程服務及技術檢測、分析服務業,712 技術檢測及分析服務業,05,7167509
M.專業、科學及技術服務業,72 研究發展服務業,721 自然及工程科學研究發展服務業,05,22324624
M.專業、科學及技術服務業,72 研究發展服務業,722 社會及人文科學研究發展服務業,05,52080
M.專業、科學及技術服務業,72 研究發展服務業,723 綜合研究發展服務業,05,19428564
M.專業、科學及技術服務業,73 廣告業及市場研究業,731 廣告業,05,711480
M.專業、科學及技術服務業,73 廣告業及市場研究業,732 市場研究及民意調查業,05,41400
M.專業、科學及技術服務業,74 專門設計業,,05,649088
M.專業、科學及技術服務業,75 獸醫業,,05,210160
M.專業、科學及技術服務業,76 其他專業、科學及技術服務業,,05,3493776
N.支援服務業,77 租賃業,771 機械設備租賃業,05,776701
N.支援服務業,77 租賃業,772 運輸工具租賃業,05,104158
N.支援服務業,77 租賃業,773 個人及家庭用品租賃業,05,405620
N.支援服務業,77 租賃業,774 智慧財產租賃業,05,28374
N.支援服務業,78 人力仲介及供應業,781 人力仲介業,05,849209
N.支援服務業,78 人力仲介及供應業,782 人力供應業,05,966904
N.支援服務業,79 旅行及相關服務業,,05,687274
N.支援服務業,80 保全及偵探業,,05,866439
N.支援服務業,81 建築物及綠化服務業,811 複合支援服務業,05,50899
N.支援服務業,81 建築物及綠化服務業,812 清潔服務業,05,14110489
N.支援服務業,81 建築物及綠化服務業,813 綠化服務業,05,74639
N.支援服務業,82 行政支援服務業,,05,5594652
O.公共行政及國防；強制性社會安全,83 公共行政及國防；強制性社會安全,,05,248726287
O.公共行政及國防；強制性社會安全,84 國際組織及外國機構,,05,759969
P.教育業,85 教育業,851 學前教育,05,3355414
P.教育業,85 教育業,852 小學教育,05,35949893
P.教育業,85 教育業,853 國民中學教育,05,36986236
P.教育業,85 教育業,854 高級中等教育,05,36880095
P.教育業,85 教育業,855 大專校院,05,199083641
P.教育業,85 教育業,856 特殊教育學校,05,221328
P.教育業,85 教育業,858 教育輔助業,05,124815
P.教育業,85 教育業,859 其他教育業,05,5483917
Q.醫療保健及社會工作服務業,86 醫療保健業,861 醫院,05,256394547
Q.醫療保健及社會工作服務業,86 醫療保健業,862 診所,05,7886857
Q.醫療保健及社會工作服務業,86 醫療保健業,869 其他醫療保健業,05,2580322
Q.醫療保健及社會工作服務業,87 居住型照顧服務業,,05,24697366
Q.醫療保健及社會工作服務業,88 其他社會工作服務業,,05,5450428
R.藝術、娛樂及休閒服務業,90 創作及藝術表演業,901 創作業,05,422507
R.藝術、娛樂及休閒服務業,90 創作及藝術表演業,902 藝術表演業,05,1095245
R.藝術、娛樂及休閒服務業,90 創作及藝術表演業,903 創作及藝術表演輔助業,05,7787680
R.藝術、娛樂及休閒服務業,91 圖書館、檔案保存、博物館及類似機構,,05,16801288
R.藝術、娛樂及休閒服務業,92 博弈業,,05,349138
R.藝術、娛樂及休閒服務業,93 運動、娛樂及休閒服務業,931 運動服務業,05,40427843
R.藝術、娛樂及休閒服務業,93 運動、娛樂及休閒服務業,932 娛樂及休閒服務業,05,31897694
S.其他服務業,94 宗教、職業及類似組織,941 宗教組織,05,11221541
S.其他服務業,94 宗教、職業及類似組織,942 職業團體,05,810802
S.其他服務業,94 宗教、職業及類似組織,949 其他組織,05,27061975
S.其他服務業,95 個人及家庭用品維修業,951 汽車維修及美容業,05,7562784
S.其他服務業,95 個人及家庭用品維修業,952 電腦、通訊傳播設備及電子產品維修業,05,282792
S.其他服務業,95 個人及家庭用品維修業,959 其他個人及家庭用品維修業,05,181088
S.其他服務業,96 未分類其他服務業,961 洗衣業,05,4617222
S.其他服務業,96 未分類其他服務業,962 美髮及美容美體業,05,4909531
S.其他服務業,96 未分類其他服務業,963 殯葬及相關服務業,05,6670663
S.其他服務業,96 未分類其他服務業,964 家事服務業,05,79297
S.其他服務業,96 未分類其他服務業,969 其他個人服務業,05,2525338
T.家庭(住宅用),97 住宅與公共設施,,05,209251787
U.其他不能歸類,98 其他不能歸類,,05,159284769
A.農、林、漁、牧業,01 農、牧業,011 農作物栽培業,06,52259885
A.農、林、漁、牧業,01 農、牧業,012 畜牧業,06,84855706
A.農、林、漁、牧業,01 農、牧業,013 農事及畜牧服務業,06,59946386
A.農、林、漁、牧業,02 林業,021 林業,06,235834
A.農、林、漁、牧業,03 漁業,031 漁撈業,06,364237
A.農、林、漁、牧業,03 漁業,032 水產養殖業,06,82133667
B.礦業及土石採取業,05 石油及天然氣礦業,,06,10476891
B.礦業及土石採取業,06 砂、石採取及其他礦業,,06,22230140
C.製造業,08 食品及飲料製造業,081 肉類加工及保藏業,06,60222773
C.製造業,08 食品及飲料製造業,082 水產加工及保藏業,06,28057463
C.製造業,08 食品及飲料製造業,083 蔬果加工及保藏業,06,28851859
C.製造業,08 食品及飲料製造業,084 動植物油脂製造業,06,14952722
C.製造業,08 食品及飲料製造業,085 乳品製造業,06,33062535
C.製造業,08 食品及飲料製造業,086 碾穀、磨粉及澱粉製品製造業,06,24133227
C.製造業,08 食品及飲料製造業,087 動物飼品製造業,06,32563478
C.製造業,08 食品及飲料製造業,089 其他食品製造業,06,194461974
C.製造業,09 飲料製造業,091 酒精飲料製造業,06,12494811
C.製造業,09 飲料製造業,092 非酒精飲料製造業,06,21402123
C.製造業,10菸草製造業,,06,4437496
C.製造業,11 紡織業,111 紡紗業,06,80934158
C.製造業,11 紡織業,112 織布業,06,121512616
C.製造業,11 紡織業,113 不織布業,06,23127058
C.製造業,11 紡織業,114 染整業,06,43982792
C.製造業,11 紡織業,115 紡織品製造業,06,21334722
C.製造業,12 成衣及服飾品製造業,121 成衣製造業,06,7992665
C.製造業,12 成衣及服飾品製造業,123 服飾品製造業,06,3383498
C.製造業,13 皮革、毛皮及其製品製造業,,06,8979529
C.製造業,14 木竹製品製造業,,06,10308700
C.製造業,15 紙漿、紙及紙製品製造業,151 紙漿、紙及紙板製造業,06,71458393
C.製造業,15 紙漿、紙及紙製品製造業,152 瓦楞紙板及紙容器製造業,06,26533537
C.製造業,15 紙漿、紙及紙製品製造業,153 其他紙製品製造業,06,29749356
C.製造業,16 印刷及資料儲存媒體複製業,,06,36968945
C.製造業,17 石油及煤製品製造業,,06,120111345
C.製造業,18 化學原材料、肥料、氮化合物、塑橡膠原料及人造纖維,181 化學原材料製造業,06,471616408
C.製造業,18 化學原材料、肥料、氮化合物、塑橡膠原料及人造纖維,183 肥料及氮化合物製造業,06,15021370
C.製造業,18 化學原材料、肥料、氮化合物、塑橡膠原料及人造纖維,184 塑膠及合成橡膠原料製造業,06,237444897
C.製造業,18 化學原材料、肥料、氮化合物、塑橡膠原料及人造纖維,185 人造纖維製造業,06,127974399
C.製造業,19 其他化學製品製造業,191 農藥及環境用藥製造業,06,4839304
C.製造業,19 其他化學製品製造業,192 塗料、染料及顏料製造業,06,18219900
C.製造業,19 其他化學製品製造業,193 清潔用品及化粧品製造業,06,13852849
C.製造業,19 其他化學製品製造業,199 未分類其他化學製品製造業,06,54988391
C.製造業,20 藥品及醫用化學製品製造業,,06,81645692
C.製造業,21 橡膠製品製造業,,06,70907132
C.製造業,22 塑膠製品製造業,,06,357119087
C.製造業,23 非金屬礦物製品製造業,231 玻璃及其製品製造業,06,235756311
C.製造業,23 非金屬礦物製品製造業,232 耐火、黏土建材及其他陶瓷製品製造業,06,35786722
C.製造業,23 非金屬礦物製品製造業,233 水泥及其製品製造業,06,140639703
C.製造業,23 非金屬礦物製品製造業,234 石材製品製造業,06,6699039
C.製造業,23 非金屬礦物製品製造業,239 其他非金屬礦物製品製造業,06,37668659
C.製造業,24 基本金屬製造業,241 鋼鐵製造業,06,776066455
C.製造業,24 基本金屬製造業,242 鋁製造業,06,68917526
C.製造業,24 基本金屬製造業,243 銅製造業,06,141549448
C.製造業,24 基本金屬製造業,249 其他基本金屬製造業,06,28855584
C.製造業,25 金屬製品製造業,251 金屬刀具、手工具及模具製造業,06,90246755
C.製造業,25 金屬製品製造業,252 金屬結構及建築組件製造業,06,24905632
C.製造業,25 金屬製品製造業,253 金屬容器製造業,06,10975595
C.製造業,25 金屬製品製造業,254 金屬加工處理業,06,218647657
C.製造業,25 金屬製品製造業,259 其他金屬製品製造業,06,155944990
C.製造業,26 電子零組件製造業,261 半導體製造業,06,3778546844
C.製造業,26 電子零組件製造業,262 被動電子元件製造業,06,176348319
C.製造業,26 電子零組件製造業,263 印刷電路板製造業,06,287744835
C.製造業,26 電子零組件製造業,264 光電材料及元件製造業,06,904875984
C.製造業,26 電子零組件製造業,269 其他電子零組件製造業,06,311893021
C.製造業,27 電腦、電子產品及光學製品製造業,271 電腦及其週邊設備製造業,06,61308256
C.製造業,27 電腦、電子產品及光學製品製造業,272 通訊傳播設備製造業,06,36444091
C.製造業,27 電腦、電子產品及光學製品製造業,273 視聽電子產品製造業,06,6935678
C.製造業,27 電腦、電子產品及光學製品製造業,274 資料儲存媒體製造業,06,16488078
C.製造業,27 電腦、電子產品及光學製品製造業,275 量測、導航、控制設備及鐘錶製造業,06,13946798
C.製造業,27 電腦、電子產品及光學製品製造業,276 輻射及電子醫學設備製造業,06,1626927
C.製造業,27 電腦、電子產品及光學製品製造業,277 光學儀器及設備製造業,06,88943866
C.製造業,28 電力設備及配備製造業,281 發電、輸電及配電機械製造業,06,18508237
C.製造業,28 電力設備及配備製造業,282 電池製造業,06,31692338
C.製造業,28 電力設備及配備製造業,283 電線及配線器材製造業,06,37089965
C.製造業,28 電力設備及配備製造業,284 照明設備及配備製造業,06,5202802
C.製造業,28 電力設備及配備製造業,285 家用電器製造業,06,13859208
C.製造業,28 電力設備及配備製造業,289 其他電力設備及配備製造業,06,19482207
C.製造業,29 機械設備製造業,291 金屬加工用機械設備製造業,06,39366768
C.製造業,29 機械設備製造業,292 其他專用機械設備製造業,06,43744748
C.製造業,29 機械設備製造業,293 通用機械設備製造業,06,91431083
C.製造業,30 汽車及其零件製造業,301 汽車製造業,06,12147992
C.製造業,30 汽車及其零件製造業,302 車體製造業,06,1435357
C.製造業,30 汽車及其零件製造業,303 汽車零件製造業,06,101401907
C.製造業,31 其他運輸工具及其零件製造業,311 船舶及浮動設施製造業,06,10609184
C.製造業,31 其他運輸工具及其零件製造業,312 機車及其零件製造業,06,20175227
C.製造業,31 其他運輸工具及其零件製造業,313 自行車及其零件製造業,06,30309829
C.製造業,31 其他運輸工具及其零件製造業,319 未分類其他運輸工具及其零件製造業,06,24695505
C.製造業,32 家具製造業,321 非金屬家具製造業,06,6410377
C.製造業,32 家具製造業,322 金屬家具製造業,06,5327140
C.製造業,33 其他製造業,331 育樂用品製造業,06,23176820
C.製造業,33 其他製造業,332 醫療器材及用品製造業,06,43097505
C.製造業,33 其他製造業,339 未分類其他製造業,06,16093153
C.製造業,34 產業用機械設備維修及安裝業,,06,15613300
D.電力及燃氣供應業,35 電力及燃氣供應業,351 電力供應業,06,17839607
D.電力及燃氣供應業,35 電力及燃氣供應業,352 氣體燃料供應業,06,42557395
D.電力及燃氣供應業,35 電力及燃氣供應業,353 蒸汽供應業,06,408069
E.用水供應及污染整治業,36 用水供應業,,06,103029313
E.用水供應及污染整治業,37 廢水及污水處理業,,06,28974113
E.用水供應及污染整治業,38 廢棄物清除、處理及資源回收處理業,381 廢棄物清除業,06,2963278
E.用水供應及污染整治業,38 廢棄物清除、處理及資源回收處理業,382 廢棄物處理業,06,11274092
E.用水供應及污染整治業,38 廢棄物清除、處理及資源回收處理業,383 資源回收處理業,06,19374480
E.用水供應及污染整治業,39 污染整治業,,06,601075
F.營建工程業,41 建築工程業,,06,56658422
F.營建工程業,42 土木工程業,421 道路工程業,06,6635849
F.營建工程業,42 土木工程業,422 公用事業設施工程業,06,6570684
F.營建工程業,42 土木工程業,429 其他土木工程業,06,1752874
F.營建工程業,43 專門營造業,431 整地、基礎及結構工程業,06,685695
F.營建工程業,43 專門營造業,432 庭園景觀工程業,06,129396
F.營建工程業,43 專門營造業,433 機電、管道及其他建築設備安裝業,06,1372284
F.營建工程業,43 專門營造業,434 建物完工裝修工程業,06,332835
F.營建工程業,43 專門營造業,439 其他專門營造業,06,541018
G.批發及零售業,45 批發業,451 商品批發經紀業,06,2201244
G.批發及零售業,45 批發業,452 綜合商品批發業,06,4089364
G.批發及零售業,45 批發業,453 農產原料及活動物批發業,06,6004358
G.批發及零售業,45 批發業,454 食品、飲料及菸草製品批發業,06,30544736
G.批發及零售業,45 批發業,455 布疋及服飾品批發業,06,2897748
G.批發及零售業,45 批發業,456 家用器具及用品批發業,06,4246752
G.批發及零售業,45 批發業,457 藥品、醫療用品及化粧品批發業,06,3971980
G.批發及零售業,45 批發業,458 文教育樂用品批發業,06,1820449
G.批發及零售業,45 批發業,461 建材批發業,06,8986707
G.批發及零售業,45 批發業,462 化學原材料及其製品批發業,06,5739423
G.批發及零售業,45 批發業,463 燃料及相關產品批發業,06,1612076
G.批發及零售業,45 批發業,464 機械器具批發業,06,12255547
G.批發及零售業,45 批發業,465 汽機車及其零配件、用品批發業,06,4217240
G.批發及零售業,45 批發業,469 其他專賣批發業,06,5096422
G.批發及零售業,47 零售業,471 綜合商品零售業,06,357529078
G.批發及零售業,47 零售業,472 食品、飲料及菸草製品零售業,06,27975991
G.批發及零售業,47 零售業,473 布疋及服飾品零售業,06,9920743
G.批發及零售業,47 零售業,474 家用器具及用品零售業,06,7747931
G.批發及零售業,47 零售業,475 藥品、醫療用品及化粧品零售業,06,7790851
G.批發及零售業,47 零售業,476 文教育樂用品零售業,06,2675043
G.批發及零售業,47 零售業,481 建材零售業,06,510647
G.批發及零售業,47 零售業,482 燃料及相關產品零售業,06,18608993
G.批發及零售業,47 零售業,483 資訊及通訊設備零售業,06,8147129
G.批發及零售業,47 零售業,484 汽機車及其零配件、用品零售業,06,13337153
G.批發及零售業,47 零售業,485 其他專賣零售業,06,4065570
G.批發及零售業,47 零售業,486 零售攤販,06,728186
G.批發及零售業,47 零售業,487 其他非店面零售業,06,2034327
H.運輸及倉儲業,49 陸上運輸業,491 鐵路運輸業,06,128204763
H.運輸及倉儲業,49 陸上運輸業,492 大眾捷運系統運輸業,06,92942543
H.運輸及倉儲業,49 陸上運輸業,493 汽車客運業,06,7020777
H.運輸及倉儲業,49 陸上運輸業,494 汽車貨運業,06,5108122
H.運輸及倉儲業,49 陸上運輸業,499 其他陸上運輸業,06,100057
H.運輸及倉儲業,50 水上運輸業,501 海洋水運業,06,1566802
H.運輸及倉儲業,50 水上運輸業,502 內河及湖泊水運業,06,0
H.運輸及倉儲業,51 航空運輸業,,06,4627086
H.運輸及倉儲業,52 運輸輔助業,521 報關業,06,144794
H.運輸及倉儲業,52 運輸輔助業,522 船務代理業,06,854788
H.運輸及倉儲業,52 運輸輔助業,523 貨運承攬業,06,2578460
H.運輸及倉儲業,52 運輸輔助業,524 陸上運輸輔助業,06,19275611
H.運輸及倉儲業,52 運輸輔助業,525 水上運輸輔助業,06,22235010
H.運輸及倉儲業,52 運輸輔助業,526 航空運輸輔助業,06,30273907
H.運輸及倉儲業,52 運輸輔助業,529 其他運輸輔助業,06,11812235
H.運輸及倉儲業,53 倉儲業,,06,86345989
H.運輸及倉儲業,54 郵政及快遞業,541 郵政業,06,4945728
H.運輸及倉儲業,54 郵政及快遞業,542 快遞業,06,4653477
I.住宿及餐飲業,55 住宿業,551 短期住宿業,06,197646324
I.住宿及餐飲業,55 住宿業,559 其他住宿業,06,646948
I.住宿及餐飲業,56 餐飲業,561 餐食業,06,105770146
I.住宿及餐飲業,56 餐飲業,562 外燴及團膳承包業,06,3609039
I.住宿及餐飲業,56 餐飲業,563 飲料業,06,5764113
J.出版、影音製作、傳播及資通訊服務業,58 出版業,581 新聞、雜誌、期刊、書籍及其他出版業,06,3458921
J.出版、影音製作、傳播及資通訊服務業,58 出版業,582 軟體出版業,06,299391
J.出版、影音製作、傳播及資通訊服務業,59 影片及電視節目業；聲音錄製及音樂發行業,591 影片及電視節目業,06,10142299
J.出版、影音製作、傳播及資通訊服務業,59 影片及電視節目業；聲音錄製及音樂發行業,592 聲音錄製及音樂發行業,06,132114
J.出版、影音製作、傳播及資通訊服務業,60 廣播、電視節目編排及傳播業,601 廣播業,06,3253777
J.出版、影音製作、傳播及資通訊服務業,60 廣播、電視節目編排及傳播業,602 電視節目編排及傳播業,06,7663325
J.出版、影音製作、傳播及資通訊服務業,61 電信業,,06,96801910
J.出版、影音製作、傳播及資通訊服務業,62 電腦程式設計、諮詢及相關服務業,,06,5052305
J.出版、影音製作、傳播及資通訊服務業,63 資訊服務業,631 入口網站經營、資料處理、主機及網站代管服務業,06,123732082
J.出版、影音製作、傳播及資通訊服務業,63 資訊服務業,639 其他資訊服務業,06,3221383
K.金融及保險業,64 金融服務業,641 貨幣中介業,06,43083305
K.金融及保險業,64 金融服務業,642 控股業,06,224176
K.金融及保險業,64 金融服務業,643 信託、基金及類似金融實體,06,136821
K.金融及保險業,64 金融服務業,649 其他金融服務業,06,1658856
K.金融及保險業,65 保險業,651 人身保險業,06,27090308
K.金融及保險業,65 保險業,652 財產保險業,06,1714137
K.金融及保險業,65 保險業,653 再保險業,06,0
K.金融及保險業,65 保險業,654 退休基金,06,0
K.金融及保險業,65 保險業,655 保險輔助業,06,291351
K.金融及保險業,66 證券期貨及金融輔助業,661 證券業,06,5270122
K.金融及保險業,66 證券期貨及金融輔助業,662 期貨業,06,101692
K.金融及保險業,66 證券期貨及金融輔助業,664 基金管理業,06,107728
K.金融及保險業,66 證券期貨及金融輔助業,669 其他金融輔助業,06,985315
L.不動產業,67 不動產開發業,,06,18619675
L.不動產業,68 不動產經營及相關服務業,681 不動產經營業,06,38394695
L.不動產業,68 不動產經營及相關服務業,689 其他不動產業,06,931359
M.專業、科學及技術服務業,69 法律及會計服務業,691 法律服務業,06,1300532
M.專業、科學及技術服務業,69 法律及會計服務業,692 會計服務業,06,127920
M.專業、科學及技術服務業,70 企業總管理機構及管理顧問業,701 企業總管理機構,06,5938022
M.專業、科學及技術服務業,70 企業總管理機構及管理顧問業,702 管理顧問業,06,2088920
M.專業、科學及技術服務業,71 建築、工程服務及技術檢測、分析服務業,711 建築、工程服務及相關技術顧問業,06,1741666
M.專業、科學及技術服務業,71 建築、工程服務及技術檢測、分析服務業,712 技術檢測及分析服務業,06,7943631
M.專業、科學及技術服務業,72 研究發展服務業,721 自然及工程科學研究發展服務業,06,22395306
M.專業、科學及技術服務業,72 研究發展服務業,722 社會及人文科學研究發展服務業,06,58200
M.專業、科學及技術服務業,72 研究發展服務業,723 綜合研究發展服務業,06,20621912
M.專業、科學及技術服務業,73 廣告業及市場研究業,731 廣告業,06,794217
M.專業、科學及技術服務業,73 廣告業及市場研究業,732 市場研究及民意調查業,06,44560
M.專業、科學及技術服務業,74 專門設計業,,06,704247
M.專業、科學及技術服務業,75 獸醫業,,06,239675
M.專業、科學及技術服務業,76 其他專業、科學及技術服務業,,06,3708893
N.支援服務業,77 租賃業,771 機械設備租賃業,06,794145
N.支援服務業,77 租賃業,772 運輸工具租賃業,06,123669
N.支援服務業,77 租賃業,773 個人及家庭用品租賃業,06,453124
N.支援服務業,77 租賃業,774 智慧財產租賃業,06,29224
N.支援服務業,78 人力仲介及供應業,781 人力仲介業,06,959038
N.支援服務業,78 人力仲介及供應業,782 人力供應業,06,1019808
N.支援服務業,79 旅行及相關服務業,,06,784353
N.支援服務業,80 保全及偵探業,,06,907352
N.支援服務業,81 建築物及綠化服務業,811 複合支援服務業,06,51726
N.支援服務業,81 建築物及綠化服務業,812 清潔服務業,06,14017019
N.支援服務業,81 建築物及綠化服務業,813 綠化服務業,06,73669
N.支援服務業,82 行政支援服務業,,06,5966602
O.公共行政及國防；強制性社會安全,83 公共行政及國防；強制性社會安全,,06,268423242
O.公共行政及國防；強制性社會安全,84 國際組織及外國機構,,06,789260
P.教育業,85 教育業,851 學前教育,06,4201408
P.教育業,85 教育業,852 小學教育,06,45928429
P.教育業,85 教育業,853 國民中學教育,06,40289787
P.教育業,85 教育業,854 高級中等教育,06,37664085
P.教育業,85 教育業,855 大專校院,06,197053037
P.教育業,85 教育業,856 特殊教育學校,06,249280
P.教育業,85 教育業,858 教育輔助業,06,153606
P.教育業,85 教育業,859 其他教育業,06,6229280
Q.醫療保健及社會工作服務業,86 醫療保健業,861 醫院,06,270608817
Q.醫療保健及社會工作服務業,86 醫療保健業,862 診所,06,8904020
Q.醫療保健及社會工作服務業,86 醫療保健業,869 其他醫療保健業,06,2795598
Q.醫療保健及社會工作服務業,87 居住型照顧服務業,,06,28929317
Q.醫療保健及社會工作服務業,88 其他社會工作服務業,,06,6269489
R.藝術、娛樂及休閒服務業,90 創作及藝術表演業,901 創作業,06,458497
R.藝術、娛樂及休閒服務業,90 創作及藝術表演業,902 藝術表演業,06,1227166
R.藝術、娛樂及休閒服務業,90 創作及藝術表演業,903 創作及藝術表演輔助業,06,8421688
R.藝術、娛樂及休閒服務業,91 圖書館、檔案保存、博物館及類似機構,,06,18059676
R.藝術、娛樂及休閒服務業,92 博弈業,,06,403642
R.藝術、娛樂及休閒服務業,93 運動、娛樂及休閒服務業,931 運動服務業,06,43494902
R.藝術、娛樂及休閒服務業,93 運動、娛樂及休閒服務業,932 娛樂及休閒服務業,06,34603747
S.其他服務業,94 宗教、職業及類似組織,941 宗教組織,06,12303658
S.其他服務業,94 宗教、職業及類似組織,942 職業團體,06,912245
S.其他服務業,94 宗教、職業及類似組織,949 其他組織,06,29468178
S.其他服務業,95 個人及家庭用品維修業,951 汽車維修及美容業,06,8651671
S.其他服務業,95 個人及家庭用品維修業,952 電腦、通訊傳播設備及電子產品維修業,06,292825
S.其他服務業,95 個人及家庭用品維修業,959 其他個人及家庭用品維修業,06,171702
S.其他服務業,96 未分類其他服務業,961 洗衣業,06,4637665
S.其他服務業,96 未分類其他服務業,962 美髮及美容美體業,06,5419350
S.其他服務業,96 未分類其他服務業,963 殯葬及相關服務業,06,6993151
S.其他服務業,96 未分類其他服務業,964 家事服務業,06,79890
S.其他服務業,96 未分類其他服務業,969 其他個人服務業,06,2674817
T.家庭(住宅用),97 住宅與公共設施,,06,218665964
U.其他不能歸類,98 其他不能歸類,,06,175373446
A.農、林、漁、牧業,01 農、牧業,011 農作物栽培業,07,56466689
A.農、林、漁、牧業,01 農、牧業,012 畜牧業,07,93299745
A.農、林、漁、牧業,01 農、牧業,013 農事及畜牧服務業,07,63035081
A.農、林、漁、牧業,02 林業,021 林業,07,243696
A.農、林、漁、牧業,03 漁業,031 漁撈業,07,396898
A.農、林、漁、牧業,03 漁業,032 水產養殖業,07,88144892
B.礦業及土石採取業,05 石油及天然氣礦業,,07,2129744
B.礦業及土石採取業,06 砂、石採取及其他礦業,,07,22016094
C.製造業,08 食品及飲料製造業,081 肉類加工及保藏業,07,63881313
C.製造業,08 食品及飲料製造業,082 水產加工及保藏業,07,29515113
C.製造業,08 食品及飲料製造業,083 蔬果加工及保藏業,07,28017998
C.製造業,08 食品及飲料製造業,084 動植物油脂製造業,07,15948182
C.製造業,08 食品及飲料製造業,085 乳品製造業,07,34892556
C.製造業,08 食品及飲料製造業,086 碾穀、磨粉及澱粉製品製造業,07,26177694
C.製造業,08 食品及飲料製造業,087 動物飼品製造業,07,34713086
C.製造業,08 食品及飲料製造業,089 其他食品製造業,07,206764167
C.製造業,09 飲料製造業,091 酒精飲料製造業,07,13036406
C.製造業,09 飲料製造業,092 非酒精飲料製造業,07,22908682
C.製造業,10菸草製造業,,07,4550869
C.製造業,11 紡織業,111 紡紗業,07,77096625
C.製造業,11 紡織業,112 織布業,07,131784629
C.製造業,11 紡織業,113 不織布業,07,21436374
C.製造業,11 紡織業,114 染整業,07,47480326
C.製造業,11 紡織業,115 紡織品製造業,07,22767693
C.製造業,12 成衣及服飾品製造業,121 成衣製造業,07,8717501
C.製造業,12 成衣及服飾品製造業,123 服飾品製造業,07,3656076
C.製造業,13 皮革、毛皮及其製品製造業,,07,9272224
C.製造業,14 木竹製品製造業,,07,11054722
C.製造業,15 紙漿、紙及紙製品製造業,151 紙漿、紙及紙板製造業,07,74726608
C.製造業,15 紙漿、紙及紙製品製造業,152 瓦楞紙板及紙容器製造業,07,28292783
C.製造業,15 紙漿、紙及紙製品製造業,153 其他紙製品製造業,07,30531256
C.製造業,16 印刷及資料儲存媒體複製業,,07,40274646
C.製造業,17 石油及煤製品製造業,,07,112103665
C.製造業,18 化學原材料、肥料、氮化合物、塑橡膠原料及人造纖維,181 化學原材料製造業,07,485225860
C.製造業,18 化學原材料、肥料、氮化合物、塑橡膠原料及人造纖維,183 肥料及氮化合物製造業,07,12466255
C.製造業,18 化學原材料、肥料、氮化合物、塑橡膠原料及人造纖維,184 塑膠及合成橡膠原料製造業,07,243737078
C.製造業,18 化學原材料、肥料、氮化合物、塑橡膠原料及人造纖維,185 人造纖維製造業,07,94064616
C.製造業,19 其他化學製品製造業,191 農藥及環境用藥製造業,07,4916335
C.製造業,19 其他化學製品製造業,192 塗料、染料及顏料製造業,07,19263577
C.製造業,19 其他化學製品製造業,193 清潔用品及化粧品製造業,07,14880845
C.製造業,19 其他化學製品製造業,199 未分類其他化學製品製造業,07,58613658
C.製造業,20 藥品及醫用化學製品製造業,,07,85219326
C.製造業,21 橡膠製品製造業,,07,74257205
C.製造業,22 塑膠製品製造業,,07,367868224
C.製造業,23 非金屬礦物製品製造業,231 玻璃及其製品製造業,07,243832502
C.製造業,23 非金屬礦物製品製造業,232 耐火、黏土建材及其他陶瓷製品製造業,07,35665053
C.製造業,23 非金屬礦物製品製造業,233 水泥及其製品製造業,07,139657228
C.製造業,23 非金屬礦物製品製造業,234 石材製品製造業,07,6783501
C.製造業,23 非金屬礦物製品製造業,239 其他非金屬礦物製品製造業,07,35345961
C.製造業,24 基本金屬製造業,241 鋼鐵製造業,07,797343275
C.製造業,24 基本金屬製造業,242 鋁製造業,07,69975648
C.製造業,24 基本金屬製造業,243 銅製造業,07,142026376
C.製造業,24 基本金屬製造業,249 其他基本金屬製造業,07,29602043
C.製造業,25 金屬製品製造業,251 金屬刀具、手工具及模具製造業,07,95681519
C.製造業,25 金屬製品製造業,252 金屬結構及建築組件製造業,07,26349883
C.製造業,25 金屬製品製造業,253 金屬容器製造業,07,11285054
C.製造業,25 金屬製品製造業,254 金屬加工處理業,07,226987274
C.製造業,25 金屬製品製造業,259 其他金屬製品製造業,07,163125165
C.製造業,26 電子零組件製造業,261 半導體製造業,07,3965448122
C.製造業,26 電子零組件製造業,262 被動電子元件製造業,07,182867851
C.製造業,26 電子零組件製造業,263 印刷電路板製造業,07,306790429
C.製造業,26 電子零組件製造業,264 光電材料及元件製造業,07,938816544
C.製造業,26 電子零組件製造業,269 其他電子零組件製造業,07,334267339
C.製造業,27 電腦、電子產品及光學製品製造業,271 電腦及其週邊設備製造業,07,66318053
C.製造業,27 電腦、電子產品及光學製品製造業,272 通訊傳播設備製造業,07,38918994
C.製造業,27 電腦、電子產品及光學製品製造業,273 視聽電子產品製造業,07,7878308
C.製造業,27 電腦、電子產品及光學製品製造業,274 資料儲存媒體製造業,07,16484254
C.製造業,27 電腦、電子產品及光學製品製造業,275 量測、導航、控制設備及鐘錶製造業,07,14990961
C.製造業,27 電腦、電子產品及光學製品製造業,276 輻射及電子醫學設備製造業,07,1714989
C.製造業,27 電腦、電子產品及光學製品製造業,277 光學儀器及設備製造業,07,93099509
C.製造業,28 電力設備及配備製造業,281 發電、輸電及配電機械製造業,07,20107484
C.製造業,28 電力設備及配備製造業,282 電池製造業,07,29338902
C.製造業,28 電力設備及配備製造業,283 電線及配線器材製造業,07,39121000
C.製造業,28 電力設備及配備製造業,284 照明設備及配備製造業,07,5531562
C.製造業,28 電力設備及配備製造業,285 家用電器製造業,07,14491100
C.製造業,28 電力設備及配備製造業,289 其他電力設備及配備製造業,07,20502152
C.製造業,29 機械設備製造業,291 金屬加工用機械設備製造業,07,41452716
C.製造業,29 機械設備製造業,292 其他專用機械設備製造業,07,47409617
C.製造業,29 機械設備製造業,293 通用機械設備製造業,07,95513392
C.製造業,30 汽車及其零件製造業,301 汽車製造業,07,13039775
C.製造業,30 汽車及其零件製造業,302 車體製造業,07,1544400
C.製造業,30 汽車及其零件製造業,303 汽車零件製造業,07,106514197
C.製造業,31 其他運輸工具及其零件製造業,311 船舶及浮動設施製造業,07,10120967
C.製造業,31 其他運輸工具及其零件製造業,312 機車及其零件製造業,07,21080974
C.製造業,31 其他運輸工具及其零件製造業,313 自行車及其零件製造業,07,32059084
C.製造業,31 其他運輸工具及其零件製造業,319 未分類其他運輸工具及其零件製造業,07,25550649
C.製造業,32 家具製造業,321 非金屬家具製造業,07,6601230
C.製造業,32 家具製造業,322 金屬家具製造業,07,5395838
C.製造業,33 其他製造業,331 育樂用品製造業,07,24683490
C.製造業,33 其他製造業,332 醫療器材及用品製造業,07,45394221
C.製造業,33 其他製造業,339 未分類其他製造業,07,17623709
C.製造業,34 產業用機械設備維修及安裝業,,07,16389267
D.電力及燃氣供應業,35 電力及燃氣供應業,351 電力供應業,07,20238844
D.電力及燃氣供應業,35 電力及燃氣供應業,352 氣體燃料供應業,07,44891919
D.電力及燃氣供應業,35 電力及燃氣供應業,353 蒸汽供應業,07,430891
E.用水供應及污染整治業,36 用水供應業,,07,105461626
E.用水供應及污染整治業,37 廢水及污水處理業,,07,29567047
E.用水供應及污染整治業,38 廢棄物清除、處理及資源回收處理業,381 廢棄物清除業,07,3072327
E.用水供應及污染整治業,38 廢棄物清除、處理及資源回收處理業,382 廢棄物處理業,07,10860458
E.用水供應及污染整治業,38 廢棄物清除、處理及資源回收處理業,383 資源回收處理業,07,19697234
E.用水供應及污染整治業,39 污染整治業,,07,615610
F.營建工程業,41 建築工程業,,07,63317551
F.營建工程業,42 土木工程業,421 道路工程業,07,7250020
F.營建工程業,42 土木工程業,422 公用事業設施工程業,07,7003700
F.營建工程業,42 土木工程業,429 其他土木工程業,07,1871807
F.營建工程業,43 專門營造業,431 整地、基礎及結構工程業,07,721786
F.營建工程業,43 專門營造業,432 庭園景觀工程業,07,143718
F.營建工程業,43 專門營造業,433 機電、管道及其他建築設備安裝業,07,1525673
F.營建工程業,43 專門營造業,434 建物完工裝修工程業,07,376283
F.營建工程業,43 專門營造業,439 其他專門營造業,07,564794
G.批發及零售業,45 批發業,451 商品批發經紀業,07,2479223
G.批發及零售業,45 批發業,452 綜合商品批發業,07,4463456
G.批發及零售業,45 批發業,453 農產原料及活動物批發業,07,6543241
G.批發及零售業,45 批發業,454 食品、飲料及菸草製品批發業,07,32952511
G.批發及零售業,45 批發業,455 布疋及服飾品批發業,07,3310805
G.批發及零售業,45 批發業,456 家用器具及用品批發業,07,4793896
G.批發及零售業,45 批發業,457 藥品、醫療用品及化粧品批發業,07,4366882
G.批發及零售業,45 批發業,458 文教育樂用品批發業,07,2112385
G.批發及零售業,45 批發業,461 建材批發業,07,9461020
G.批發及零售業,45 批發業,462 化學原材料及其製品批發業,07,6037031
G.批發及零售業,45 批發業,463 燃料及相關產品批發業,07,1750307
G.批發及零售業,45 批發業,464 機械器具批發業,07,13491512
G.批發及零售業,45 批發業,465 汽機車及其零配件、用品批發業,07,4695617
G.批發及零售業,45 批發業,469 其他專賣批發業,07,5246043
G.批發及零售業,47 零售業,471 綜合商品零售業,07,381414691
G.批發及零售業,47 零售業,472 食品、飲料及菸草製品零售業,07,31169802
G.批發及零售業,47 零售業,473 布疋及服飾品零售業,07,11333991
G.批發及零售業,47 零售業,474 家用器具及用品零售業,07,8864916
G.批發及零售業,47 零售業,475 藥品、醫療用品及化粧品零售業,07,8624786
G.批發及零售業,47 零售業,476 文教育樂用品零售業,07,3060618
G.批發及零售業,47 零售業,481 建材零售業,07,588533
G.批發及零售業,47 零售業,482 燃料及相關產品零售業,07,19979604
G.批發及零售業,47 零售業,483 資訊及通訊設備零售業,07,9074988
G.批發及零售業,47 零售業,484 汽機車及其零配件、用品零售業,07,14239551
G.批發及零售業,47 零售業,485 其他專賣零售業,07,4653331
G.批發及零售業,47 零售業,486 零售攤販,07,804246
G.批發及零售業,47 零售業,487 其他非店面零售業,07,2219727
H.運輸及倉儲業,49 陸上運輸業,491 鐵路運輸業,07,131649325
H.運輸及倉儲業,49 陸上運輸業,492 大眾捷運系統運輸業,07,102069400
H.運輸及倉儲業,49 陸上運輸業,493 汽車客運業,07,7507197
H.運輸及倉儲業,49 陸上運輸業,494 汽車貨運業,07,5393752
H.運輸及倉儲業,49 陸上運輸業,499 其他陸上運輸業,07,106287
H.運輸及倉儲業,50 水上運輸業,501 海洋水運業,07,1626781
H.運輸及倉儲業,50 水上運輸業,502 內河及湖泊水運業,07,0
H.運輸及倉儲業,51 航空運輸業,,07,4900744
H.運輸及倉儲業,52 運輸輔助業,521 報關業,07,173902
H.運輸及倉儲業,52 運輸輔助業,522 船務代理業,07,915369
H.運輸及倉儲業,52 運輸輔助業,523 貨運承攬業,07,2791092
H.運輸及倉儲業,52 運輸輔助業,524 陸上運輸輔助業,07,20656390
H.運輸及倉儲業,52 運輸輔助業,525 水上運輸輔助業,07,22694832
H.運輸及倉儲業,52 運輸輔助業,526 航空運輸輔助業,07,38057316
H.運輸及倉儲業,52 運輸輔助業,529 其他運輸輔助業,07,12210926
H.運輸及倉儲業,53 倉儲業,,07,92600618
H.運輸及倉儲業,54 郵政及快遞業,541 郵政業,07,5304358
H.運輸及倉儲業,54 郵政及快遞業,542 快遞業,07,4974465
I.住宿及餐飲業,55 住宿業,551 短期住宿業,07,211511742
I.住宿及餐飲業,55 住宿業,559 其他住宿業,07,691400
I.住宿及餐飲業,56 餐飲業,561 餐食業,07,117193227
I.住宿及餐飲業,56 餐飲業,562 外燴及團膳承包業,07,3785427
I.住宿及餐飲業,56 餐飲業,563 飲料業,07,6396328
J.出版、影音製作、傳播及資通訊服務業,58 出版業,581 新聞、雜誌、期刊、書籍及其他出版業,07,3775142
J.出版、影音製作、傳播及資通訊服務業,58 出版業,582 軟體出版業,07,309894
J.出版、影音製作、傳播及資通訊服務業,59 影片及電視節目業；聲音錄製及音樂發行業,591 影片及電視節目業,07,10854604
J.出版、影音製作、傳播及資通訊服務業,59 影片及電視節目業；聲音錄製及音樂發行業,592 聲音錄製及音樂發行業,07,150280
J.出版、影音製作、傳播及資通訊服務業,60 廣播、電視節目編排及傳播業,601 廣播業,07,3425394
J.出版、影音製作、傳播及資通訊服務業,60 廣播、電視節目編排及傳播業,602 電視節目編排及傳播業,07,8072160
J.出版、影音製作、傳播及資通訊服務業,61 電信業,,07,106860147
J.出版、影音製作、傳播及資通訊服務業,62 電腦程式設計、諮詢及相關服務業,,07,5519702
J.出版、影音製作、傳播及資通訊服務業,63 資訊服務業,631 入口網站經營、資料處理、主機及網站代管服務業,07,132755686
J.出版、影音製作、傳播及資通訊服務業,63 資訊服務業,639 其他資訊服務業,07,3426760
K.金融及保險業,64 金融服務業,641 貨幣中介業,07,48826790
K.金融及保險業,64 金融服務業,642 控股業,07,259019
K.金融及保險業,64 金融服務業,643 信託、基金及類似金融實體,07,167465
K.金融及保險業,64 金融服務業,649 其他金融服務業,07,1883882
K.金融及保險業,65 保險業,651 人身保險業,07,30441844
K.金融及保險業,65 保險業,652 財產保險業,07,1819539
K.金融及保險業,65 保險業,653 再保險業,07,0
K.金融及保險業,65 保險業,654 退休基金,07,0
K.金融及保險業,65 保險業,655 保險輔助業,07,357066
K.金融及保險業,66 證券期貨及金融輔助業,661 證券業,07,5496808
K.金融及保險業,66 證券期貨及金融輔助業,662 期貨業,07,112711
K.金融及保險業,66 證券期貨及金融輔助業,664 基金管理業,07,121610
K.金融及保險業,66 證券期貨及金融輔助業,669 其他金融輔助業,07,1073193
L.不動產業,67 不動產開發業,,07,19715093
L.不動產業,68 不動產經營及相關服務業,681 不動產經營業,07,41441023
L.不動產業,68 不動產經營及相關服務業,689 其他不動產業,07,1022502
M.專業、科學及技術服務業,69 法律及會計服務業,691 法律服務業,07,1433285
M.專業、科學及技術服務業,69 法律及會計服務業,692 會計服務業,07,135447
M.專業、科學及技術服務業,70 企業總管理機構及管理顧問業,701 企業總管理機構,07,6486017
M.專業、科學及技術服務業,70 企業總管理機構及管理顧問業,702 管理顧問業,07,2342393
M.專業、科學及技術服務業,71 建築、工程服務及技術檢測、分析服務業,711 建築、工程服務及相關技術顧問業,07,2013477
M.專業、科學及技術服務業,71 建築、工程服務及技術檢測、分析服務業,712 技術檢測及分析服務業,07,8811794
M.專業、科學及技術服務業,72 研究發展服務業,721 自然及工程科學研究發展服務業,07,24284652
M.專業、科學及技術服務業,72 研究發展服務業,722 社會及人文科學研究發展服務業,07,59800
M.專業、科學及技術服務業,72 研究發展服務業,723 綜合研究發展服務業,07,21983291
M.專業、科學及技術服務業,73 廣告業及市場研究業,731 廣告業,07,978971
M.專業、科學及技術服務業,73 廣告業及市場研究業,732 市場研究及民意調查業,07,55640
M.專業、科學及技術服務業,74 專門設計業,,07,727300
M.專業、科學及技術服務業,75 獸醫業,,07,277141
M.專業、科學及技術服務業,76 其他專業、科學及技術服務業,,07,4119356
N.支援服務業,77 租賃業,771 機械設備租賃業,07,834683
N.支援服務業,77 租賃業,772 運輸工具租賃業,07,146531
N.支援服務業,77 租賃業,773 個人及家庭用品租賃業,07,493740
N.支援服務業,77 租賃業,774 智慧財產租賃業,07,31707
N.支援服務業,78 人力仲介及供應業,781 人力仲介業,07,1065484
N.支援服務業,78 人力仲介及供應業,782 人力供應業,07,1070616
N.支援服務業,79 旅行及相關服務業,,07,874267
N.支援服務業,80 保全及偵探業,,07,996184
N.支援服務業,81 建築物及綠化服務業,811 複合支援服務業,07,53692
N.支援服務業,81 建築物及綠化服務業,812 清潔服務業,07,14807087
N.支援服務業,81 建築物及綠化服務業,813 綠化服務業,07,78863
N.支援服務業,82 行政支援服務業,,07,6374259
O.公共行政及國防；強制性社會安全,83 公共行政及國防；強制性社會安全,,07,286997810
O.公共行政及國防；強制性社會安全,84 國際組織及外國機構,,07,843829
P.教育業,85 教育業,851 學前教育,07,5172486
P.教育業,85 教育業,852 小學教育,07,36903442
P.教育業,85 教育業,853 國民中學教育,07,30037560
P.教育業,85 教育業,854 高級中等教育,07,28051623
P.教育業,85 教育業,855 大專校院,07,172035062
P.教育業,85 教育業,856 特殊教育學校,07,181496
P.教育業,85 教育業,858 教育輔助業,07,164334
P.教育業,85 教育業,859 其他教育業,07,6666634
Q.醫療保健及社會工作服務業,86 醫療保健業,861 醫院,07,285051671
Q.醫療保健及社會工作服務業,86 醫療保健業,862 診所,07,10289701
Q.醫療保健及社會工作服務業,86 醫療保健業,869 其他醫療保健業,07,3144390
Q.醫療保健及社會工作服務業,87 居住型照顧服務業,,07,32014151
Q.醫療保健及社會工作服務業,88 其他社會工作服務業,,07,7199953
R.藝術、娛樂及休閒服務業,90 創作及藝術表演業,901 創作業,07,513146
R.藝術、娛樂及休閒服務業,90 創作及藝術表演業,902 藝術表演業,07,1187684
R.藝術、娛樂及休閒服務業,90 創作及藝術表演業,903 創作及藝術表演輔助業,07,9048801
R.藝術、娛樂及休閒服務業,91 圖書館、檔案保存、博物館及類似機構,,07,19711992
R.藝術、娛樂及休閒服務業,92 博弈業,,07,455248
R.藝術、娛樂及休閒服務業,93 運動、娛樂及休閒服務業,931 運動服務業,07,46986006
R.藝術、娛樂及休閒服務業,93 運動、娛樂及休閒服務業,932 娛樂及休閒服務業,07,38189822
S.其他服務業,94 宗教、職業及類似組織,941 宗教組織,07,13567993
S.其他服務業,94 宗教、職業及類似組織,942 職業團體,07,967861
S.其他服務業,94 宗教、職業及類似組織,949 其他組織,07,31916004
S.其他服務業,95 個人及家庭用品維修業,951 汽車維修及美容業,07,9570411
S.其他服務業,95 個人及家庭用品維修業,952 電腦、通訊傳播設備及電子產品維修業,07,320998
S.其他服務業,95 個人及家庭用品維修業,959 其他個人及家庭用品維修業,07,194062
S.其他服務業,96 未分類其他服務業,961 洗衣業,07,5048639
S.其他服務業,96 未分類其他服務業,962 美髮及美容美體業,07,6040169
S.其他服務業,96 未分類其他服務業,963 殯葬及相關服務業,07,7373077
S.其他服務業,96 未分類其他服務業,964 家事服務業,07,87105
S.其他服務業,96 未分類其他服務業,969 其他個人服務業,07,2873171
T.家庭(住宅用),97 住宅與公共設施,,07,243845032
U.其他不能歸類,98 其他不能歸類,,07,202372925
A.農、林、漁、牧業,01 農、牧業,011 農作物栽培業,08,56799001
A.農、林、漁、牧業,01 農、牧業,012 畜牧業,08,97013259
A.農、林、漁、牧業,01 農、牧業,013 農事及畜牧服務業,08,60195894
A.農、林、漁、牧業,02 林業,021 林業,08,266307
A.農、林、漁、牧業,03 漁業,031 漁撈業,08,397403
A.農、林、漁、牧業,03 漁業,032 水產養殖業,08,88280749
B.礦業及土石採取業,05 石油及天然氣礦業,,08,12762628
B.礦業及土石採取業,06 砂、石採取及其他礦業,,08,21909911
C.製造業,08 食品及飲料製造業,081 肉類加工及保藏業,08,63826564
C.製造業,08 食品及飲料製造業,082 水產加工及保藏業,08,30026079
C.製造業,08 食品及飲料製造業,083 蔬果加工及保藏業,08,28022709
C.製造業,08 食品及飲料製造業,084 動植物油脂製造業,08,15453077
C.製造業,08 食品及飲料製造業,085 乳品製造業,08,34317884
C.製造業,08 食品及飲料製造業,086 碾穀、磨粉及澱粉製品製造業,08,22763840
C.製造業,08 食品及飲料製造業,087 動物飼品製造業,08,35122056
C.製造業,08 食品及飲料製造業,089 其他食品製造業,08,206326124
C.製造業,09 飲料製造業,091 酒精飲料製造業,08,12638240
C.製造業,09 飲料製造業,092 非酒精飲料製造業,08,21393019
C.製造業,10菸草製造業,,08,4334031
C.製造業,11 紡織業,111 紡紗業,08,77058665
C.製造業,11 紡織業,112 織布業,08,131131892
C.製造業,11 紡織業,113 不織布業,08,21677068
C.製造業,11 紡織業,114 染整業,08,47773250
C.製造業,11 紡織業,115 紡織品製造業,08,22764988
C.製造業,12 成衣及服飾品製造業,121 成衣製造業,08,9118986
C.製造業,12 成衣及服飾品製造業,123 服飾品製造業,08,3623825
C.製造業,13 皮革、毛皮及其製品製造業,,08,9360407
C.製造業,14 木竹製品製造業,,08,10746210
C.製造業,15 紙漿、紙及紙製品製造業,151 紙漿、紙及紙板製造業,08,65761411
C.製造業,15 紙漿、紙及紙製品製造業,152 瓦楞紙板及紙容器製造業,08,27517714
C.製造業,15 紙漿、紙及紙製品製造業,153 其他紙製品製造業,08,30033759
C.製造業,16 印刷及資料儲存媒體複製業,,08,39965121
C.製造業,17 石油及煤製品製造業,,08,125658182
C.製造業,18 化學原材料、肥料、氮化合物、塑橡膠原料及人造纖維,181 化學原材料製造業,08,494094530
C.製造業,18 化學原材料、肥料、氮化合物、塑橡膠原料及人造纖維,183 肥料及氮化合物製造業,08,12692067
C.製造業,18 化學原材料、肥料、氮化合物、塑橡膠原料及人造纖維,184 塑膠及合成橡膠原料製造業,08,226096375
C.製造業,18 化學原材料、肥料、氮化合物、塑橡膠原料及人造纖維,185 人造纖維製造業,08,146921467
C.製造業,19 其他化學製品製造業,191 農藥及環境用藥製造業,08,4794969
C.製造業,19 其他化學製品製造業,192 塗料、染料及顏料製造業,08,18354925
C.製造業,19 其他化學製品製造業,193 清潔用品及化粧品製造業,08,14896450
C.製造業,19 其他化學製品製造業,199 未分類其他化學製品製造業,08,56476948
C.製造業,20 藥品及醫用化學製品製造業,,08,86010947
C.製造業,21 橡膠製品製造業,,08,67689923
C.製造業,22 塑膠製品製造業,,08,358910930
C.製造業,23 非金屬礦物製品製造業,231 玻璃及其製品製造業,08,242937017
C.製造業,23 非金屬礦物製品製造業,232 耐火、黏土建材及其他陶瓷製品製造業,08,33103743
C.製造業,23 非金屬礦物製品製造業,233 水泥及其製品製造業,08,140760570
C.製造業,23 非金屬礦物製品製造業,234 石材製品製造業,08,6516555
C.製造業,23 非金屬礦物製品製造業,239 其他非金屬礦物製品製造業,08,37001543
C.製造業,24 基本金屬製造業,241 鋼鐵製造業,08,812949246
C.製造業,24 基本金屬製造業,242 鋁製造業,08,68921505
C.製造業,24 基本金屬製造業,243 銅製造業,08,154375673
C.製造業,24 基本金屬製造業,249 其他基本金屬製造業,08,29081904
C.製造業,25 金屬製品製造業,251 金屬刀具、手工具及模具製造業,08,95559676
C.製造業,25 金屬製品製造業,252 金屬結構及建築組件製造業,08,25405133
C.製造業,25 金屬製品製造業,253 金屬容器製造業,08,11715212
C.製造業,25 金屬製品製造業,254 金屬加工處理業,08,223422130
C.製造業,25 金屬製品製造業,259 其他金屬製品製造業,08,160809666
C.製造業,26 電子零組件製造業,261 半導體製造業,08,3994981207
C.製造業,26 電子零組件製造業,262 被動電子元件製造業,08,182282233
C.製造業,26 電子零組件製造業,263 印刷電路板製造業,08,309041343
C.製造業,26 電子零組件製造業,264 光電材料及元件製造業,08,937111849
C.製造業,26 電子零組件製造業,269 其他電子零組件製造業,08,337030577
C.製造業,27 電腦、電子產品及光學製品製造業,271 電腦及其週邊設備製造業,08,69779060
C.製造業,27 電腦、電子產品及光學製品製造業,272 通訊傳播設備製造業,08,39637095
C.製造業,27 電腦、電子產品及光學製品製造業,273 視聽電子產品製造業,08,8157453
C.製造業,27 電腦、電子產品及光學製品製造業,274 資料儲存媒體製造業,08,16259085
C.製造業,27 電腦、電子產品及光學製品製造業,275 量測、導航、控制設備及鐘錶製造業,08,14690881
C.製造業,27 電腦、電子產品及光學製品製造業,276 輻射及電子醫學設備製造業,08,1616431
C.製造業,27 電腦、電子產品及光學製品製造業,277 光學儀器及設備製造業,08,93836261
C.製造業,28 電力設備及配備製造業,281 發電、輸電及配電機械製造業,08,20531437
C.製造業,28 電力設備及配備製造業,282 電池製造業,08,25866402
C.製造業,28 電力設備及配備製造業,283 電線及配線器材製造業,08,37393175
C.製造業,28 電力設備及配備製造業,284 照明設備及配備製造業,08,5568854
C.製造業,28 電力設備及配備製造業,285 家用電器製造業,08,13060282
C.製造業,28 電力設備及配備製造業,289 其他電力設備及配備製造業,08,20054692
C.製造業,29 機械設備製造業,291 金屬加工用機械設備製造業,08,40873542
C.製造業,29 機械設備製造業,292 其他專用機械設備製造業,08,47389020
C.製造業,29 機械設備製造業,293 通用機械設備製造業,08,93955141
C.製造業,30 汽車及其零件製造業,301 汽車製造業,08,10930456
C.製造業,30 汽車及其零件製造業,302 車體製造業,08,1425991
C.製造業,30 汽車及其零件製造業,303 汽車零件製造業,08,100528801
C.製造業,31 其他運輸工具及其零件製造業,311 船舶及浮動設施製造業,08,10062773
C.製造業,31 其他運輸工具及其零件製造業,312 機車及其零件製造業,08,20142917
C.製造業,31 其他運輸工具及其零件製造業,313 自行車及其零件製造業,08,30436745
C.製造業,31 其他運輸工具及其零件製造業,319 未分類其他運輸工具及其零件製造業,08,24373868
C.製造業,32 家具製造業,321 非金屬家具製造業,08,6610369
C.製造業,32 家具製造業,322 金屬家具製造業,08,5608457
C.製造業,33 其他製造業,331 育樂用品製造業,08,24695409
C.製造業,33 其他製造業,332 醫療器材及用品製造業,08,44783554
C.製造業,33 其他製造業,339 未分類其他製造業,08,16360039
C.製造業,34 產業用機械設備維修及安裝業,,08,16473572
D.電力及燃氣供應業,35 電力及燃氣供應業,351 電力供應業,08,22269172
D.電力及燃氣供應業,35 電力及燃氣供應業,352 氣體燃料供應業,08,44843162
D.電力及燃氣供應業,35 電力及燃氣供應業,353 蒸汽供應業,08,441541
E.用水供應及污染整治業,36 用水供應業,,08,107376727
E.用水供應及污染整治業,37 廢水及污水處理業,,08,29711982
E.用水供應及污染整治業,38 廢棄物清除、處理及資源回收處理業,381 廢棄物清除業,08,2684398
E.用水供應及污染整治業,38 廢棄物清除、處理及資源回收處理業,382 廢棄物處理業,08,11145809
E.用水供應及污染整治業,38 廢棄物清除、處理及資源回收處理業,383 資源回收處理業,08,19143159
E.用水供應及污染整治業,39 污染整治業,,08,581526
F.營建工程業,41 建築工程業,,08,66091385
F.營建工程業,42 土木工程業,421 道路工程業,08,7253239
F.營建工程業,42 土木工程業,422 公用事業設施工程業,08,7119682
F.營建工程業,42 土木工程業,429 其他土木工程業,08,2238716
F.營建工程業,43 專門營造業,431 整地、基礎及結構工程業,08,695581
F.營建工程業,43 專門營造業,432 庭園景觀工程業,08,134421
F.營建工程業,43 專門營造業,433 機電、管道及其他建築設備安裝業,08,1559098
F.營建工程業,43 專門營造業,434 建物完工裝修工程業,08,407685
F.營建工程業,43 專門營造業,439 其他專門營造業,08,602392
G.批發及零售業,45 批發業,451 商品批發經紀業,08,2609997
G.批發及零售業,45 批發業,452 綜合商品批發業,08,4649925
G.批發及零售業,45 批發業,453 農產原料及活動物批發業,08,6502771
G.批發及零售業,45 批發業,454 食品、飲料及菸草製品批發業,08,33823141
G.批發及零售業,45 批發業,455 布疋及服飾品批發業,08,3420724
G.批發及零售業,45 批發業,456 家用器具及用品批發業,08,4830397
G.批發及零售業,45 批發業,457 藥品、醫療用品及化粧品批發業,08,4474904
G.批發及零售業,45 批發業,458 文教育樂用品批發業,08,2276977
G.批發及零售業,45 批發業,461 建材批發業,08,9067761
G.批發及零售業,45 批發業,462 化學原材料及其製品批發業,08,6034804
G.批發及零售業,45 批發業,463 燃料及相關產品批發業,08,1802478
G.批發及零售業,45 批發業,464 機械器具批發業,08,13863214
G.批發及零售業,45 批發業,465 汽機車及其零配件、用品批發業,08,4854548
G.批發及零售業,45 批發業,469 其他專賣批發業,08,5399556
G.批發及零售業,47 零售業,471 綜合商品零售業,08,388774809
G.批發及零售業,47 零售業,472 食品、飲料及菸草製品零售業,08,32209257
G.批發及零售業,47 零售業,473 布疋及服飾品零售業,08,11581316
G.批發及零售業,47 零售業,474 家用器具及用品零售業,08,9026559
G.批發及零售業,47 零售業,475 藥品、醫療用品及化粧品零售業,08,8857241
G.批發及零售業,47 零售業,476 文教育樂用品零售業,08,3159792
G.批發及零售業,47 零售業,481 建材零售業,08,588433
G.批發及零售業,47 零售業,482 燃料及相關產品零售業,08,20701355
G.批發及零售業,47 零售業,483 資訊及通訊設備零售業,08,9359558
G.批發及零售業,47 零售業,484 汽機車及其零配件、用品零售業,08,14680694
G.批發及零售業,47 零售業,485 其他專賣零售業,08,4800717
G.批發及零售業,47 零售業,486 零售攤販,08,842450
G.批發及零售業,47 零售業,487 其他非店面零售業,08,2201464
H.運輸及倉儲業,49 陸上運輸業,491 鐵路運輸業,08,134356797
H.運輸及倉儲業,49 陸上運輸業,492 大眾捷運系統運輸業,08,98312557
H.運輸及倉儲業,49 陸上運輸業,493 汽車客運業,08,7777985
H.運輸及倉儲業,49 陸上運輸業,494 汽車貨運業,08,5509638
H.運輸及倉儲業,49 陸上運輸業,499 其他陸上運輸業,08,112319
H.運輸及倉儲業,50 水上運輸業,501 海洋水運業,08,1671527
H.運輸及倉儲業,50 水上運輸業,502 內河及湖泊水運業,08,0
H.運輸及倉儲業,51 航空運輸業,,08,4854237
H.運輸及倉儲業,52 運輸輔助業,521 報關業,08,185047
H.運輸及倉儲業,52 運輸輔助業,522 船務代理業,08,907757
H.運輸及倉儲業,52 運輸輔助業,523 貨運承攬業,08,2860752
H.運輸及倉儲業,52 運輸輔助業,524 陸上運輸輔助業,08,20928868
H.運輸及倉儲業,52 運輸輔助業,525 水上運輸輔助業,08,22520705
H.運輸及倉儲業,52 運輸輔助業,526 航空運輸輔助業,08,32456225
H.運輸及倉儲業,52 運輸輔助業,529 其他運輸輔助業,08,12416187
H.運輸及倉儲業,53 倉儲業,,08,94603494
H.運輸及倉儲業,54 郵政及快遞業,541 郵政業,08,5203402
H.運輸及倉儲業,54 郵政及快遞業,542 快遞業,08,5114188
I.住宿及餐飲業,55 住宿業,551 短期住宿業,08,217131325
I.住宿及餐飲業,55 住宿業,559 其他住宿業,08,720604
I.住宿及餐飲業,56 餐飲業,561 餐食業,08,121540612
I.住宿及餐飲業,56 餐飲業,562 外燴及團膳承包業,08,3848029
I.住宿及餐飲業,56 餐飲業,563 飲料業,08,6484173
J.出版、影音製作、傳播及資通訊服務業,58 出版業,581 新聞、雜誌、期刊、書籍及其他出版業,08,3786936
J.出版、影音製作、傳播及資通訊服務業,58 出版業,582 軟體出版業,08,320927
J.出版、影音製作、傳播及資通訊服務業,59 影片及電視節目業；聲音錄製及音樂發行業,591 影片及電視節目業,08,11107363
J.出版、影音製作、傳播及資通訊服務業,59 影片及電視節目業；聲音錄製及音樂發行業,592 聲音錄製及音樂發行業,08,161111
J.出版、影音製作、傳播及資通訊服務業,60 廣播、電視節目編排及傳播業,601 廣播業,08,3534070
J.出版、影音製作、傳播及資通訊服務業,60 廣播、電視節目編排及傳播業,602 電視節目編排及傳播業,08,8202709
J.出版、影音製作、傳播及資通訊服務業,61 電信業,,08,109442666
J.出版、影音製作、傳播及資通訊服務業,62 電腦程式設計、諮詢及相關服務業,,08,5757358
J.出版、影音製作、傳播及資通訊服務業,63 資訊服務業,631 入口網站經營、資料處理、主機及網站代管服務業,08,136390253
J.出版、影音製作、傳播及資通訊服務業,63 資訊服務業,639 其他資訊服務業,08,3468099
K.金融及保險業,64 金融服務業,641 貨幣中介業,08,52552667
K.金融及保險業,64 金融服務業,642 控股業,08,252354
K.金融及保險業,64 金融服務業,643 信託、基金及類似金融實體,08,175113
K.金融及保險業,64 金融服務業,649 其他金融服務業,08,1927746
K.金融及保險業,65 保險業,651 人身保險業,08,32595794
K.金融及保險業,65 保險業,652 財產保險業,08,1822761
K.金融及保險業,65 保險業,653 再保險業,08,0
K.金融及保險業,65 保險業,654 退休基金,08,0
K.金融及保險業,65 保險業,655 保險輔助業,08,359762
K.金融及保險業,66 證券期貨及金融輔助業,661 證券業,08,5853668
K.金融及保險業,66 證券期貨及金融輔助業,662 期貨業,08,120000
K.金融及保險業,66 證券期貨及金融輔助業,664 基金管理業,08,126868
K.金融及保險業,66 證券期貨及金融輔助業,669 其他金融輔助業,08,1150078
L.不動產業,67 不動產開發業,,08,20213103
L.不動產業,68 不動產經營及相關服務業,681 不動產經營業,08,41581537
L.不動產業,68 不動產經營及相關服務業,689 其他不動產業,08,1066767
M.專業、科學及技術服務業,69 法律及會計服務業,691 法律服務業,08,1469705
M.專業、科學及技術服務業,69 法律及會計服務業,692 會計服務業,08,141363
M.專業、科學及技術服務業,70 企業總管理機構及管理顧問業,701 企業總管理機構,08,6554979
M.專業、科學及技術服務業,70 企業總管理機構及管理顧問業,702 管理顧問業,08,2406593
M.專業、科學及技術服務業,71 建築、工程服務及技術檢測、分析服務業,711 建築、工程服務及相關技術顧問業,08,2202251
M.專業、科學及技術服務業,71 建築、工程服務及技術檢測、分析服務業,712 技術檢測及分析服務業,08,8769813
M.專業、科學及技術服務業,72 研究發展服務業,721 自然及工程科學研究發展服務業,08,22529451
M.專業、科學及技術服務業,72 研究發展服務業,722 社會及人文科學研究發展服務業,08,64800
M.專業、科學及技術服務業,72 研究發展服務業,723 綜合研究發展服務業,08,21925455
M.專業、科學及技術服務業,73 廣告業及市場研究業,731 廣告業,08,978546
M.專業、科學及技術服務業,73 廣告業及市場研究業,732 市場研究及民意調查業,08,55360
M.專業、科學及技術服務業,74 專門設計業,,08,765653
M.專業、科學及技術服務業,75 獸醫業,,08,277176
M.專業、科學及技術服務業,76 其他專業、科學及技術服務業,,08,3962331
N.支援服務業,77 租賃業,771 機械設備租賃業,08,903454
N.支援服務業,77 租賃業,772 運輸工具租賃業,08,146913
N.支援服務業,77 租賃業,773 個人及家庭用品租賃業,08,519207
N.支援服務業,77 租賃業,774 智慧財產租賃業,08,28840
N.支援服務業,78 人力仲介及供應業,781 人力仲介業,08,1235988
N.支援服務業,78 人力仲介及供應業,782 人力供應業,08,1087378
N.支援服務業,79 旅行及相關服務業,,08,950157
N.支援服務業,80 保全及偵探業,,08,1032229
N.支援服務業,81 建築物及綠化服務業,811 複合支援服務業,08,57055
N.支援服務業,81 建築物及綠化服務業,812 清潔服務業,08,14807205
N.支援服務業,81 建築物及綠化服務業,813 綠化服務業,08,83797
N.支援服務業,82 行政支援服務業,,08,6489451
O.公共行政及國防；強制性社會安全,83 公共行政及國防；強制性社會安全,,08,287553373
O.公共行政及國防；強制性社會安全,84 國際組織及外國機構,,08,776735
P.教育業,85 教育業,851 學前教育,08,5193480
P.教育業,85 教育業,852 小學教育,08,29308640
P.教育業,85 教育業,853 國民中學教育,08,28923871
P.教育業,85 教育業,854 高級中等教育,08,28844684
P.教育業,85 教育業,855 大專校院,08,170622462
P.教育業,85 教育業,856 特殊教育學校,08,195272
P.教育業,85 教育業,858 教育輔助業,08,151053
P.教育業,85 教育業,859 其他教育業,08,6766707
Q.醫療保健及社會工作服務業,86 醫療保健業,861 醫院,08,285249330
Q.醫療保健及社會工作服務業,86 醫療保健業,862 診所,08,10584823
Q.醫療保健及社會工作服務業,86 醫療保健業,869 其他醫療保健業,08,3246469
Q.醫療保健及社會工作服務業,87 居住型照顧服務業,,08,32738382
Q.醫療保健及社會工作服務業,88 其他社會工作服務業,,08,7262054
R.藝術、娛樂及休閒服務業,90 創作及藝術表演業,901 創作業,08,539530
R.藝術、娛樂及休閒服務業,90 創作及藝術表演業,902 藝術表演業,08,1212216
R.藝術、娛樂及休閒服務業,90 創作及藝術表演業,903 創作及藝術表演輔助業,08,9107528
R.藝術、娛樂及休閒服務業,91 圖書館、檔案保存、博物館及類似機構,,08,20352948
R.藝術、娛樂及休閒服務業,92 博弈業,,08,482381
R.藝術、娛樂及休閒服務業,93 運動、娛樂及休閒服務業,931 運動服務業,08,48984521
R.藝術、娛樂及休閒服務業,93 運動、娛樂及休閒服務業,932 娛樂及休閒服務業,08,39318461
S.其他服務業,94 宗教、職業及類似組織,941 宗教組織,08,13845141
S.其他服務業,94 宗教、職業及類似組織,942 職業團體,08,981383
S.其他服務業,94 宗教、職業及類似組織,949 其他組織,08,31771473
S.其他服務業,95 個人及家庭用品維修業,951 汽車維修及美容業,08,9847578
S.其他服務業,95 個人及家庭用品維修業,952 電腦、通訊傳播設備及電子產品維修業,08,384119
S.其他服務業,95 個人及家庭用品維修業,959 其他個人及家庭用品維修業,08,194631
S.其他服務業,96 未分類其他服務業,961 洗衣業,08,5248604
S.其他服務業,96 未分類其他服務業,962 美髮及美容美體業,08,6202226
S.其他服務業,96 未分類其他服務業,963 殯葬及相關服務業,08,7612590
S.其他服務業,96 未分類其他服務業,964 家事服務業,08,82809
S.其他服務業,96 未分類其他服務業,969 其他個人服務業,08,2949304
T.家庭(住宅用),97 住宅與公共設施,,08,257588001
U.其他不能歸類,98 其他不能歸類,,08,204241930
A.農、林、漁、牧業,01 農、牧業,011 農作物栽培業,09,56966218
A.農、林、漁、牧業,01 農、牧業,012 畜牧業,09,95195855
A.農、林、漁、牧業,01 農、牧業,013 農事及畜牧服務業,09,58593856
A.農、林、漁、牧業,02 林業,021 林業,09,261240
A.農、林、漁、牧業,03 漁業,031 漁撈業,09,370892
A.農、林、漁、牧業,03 漁業,032 水產養殖業,09,87965081
B.礦業及土石採取業,05 石油及天然氣礦業,,09,11774209
B.礦業及土石採取業,06 砂、石採取及其他礦業,,09,22787118
C.製造業,08 食品及飲料製造業,081 肉類加工及保藏業,09,62294141
C.製造業,08 食品及飲料製造業,082 水產加工及保藏業,09,29409012
C.製造業,08 食品及飲料製造業,083 蔬果加工及保藏業,09,26754776
C.製造業,08 食品及飲料製造業,084 動植物油脂製造業,09,14999512
C.製造業,08 食品及飲料製造業,085 乳品製造業,09,32653134
C.製造業,08 食品及飲料製造業,086 碾穀、磨粉及澱粉製品製造業,09,21130618
C.製造業,08 食品及飲料製造業,087 動物飼品製造業,09,34355569
C.製造業,08 食品及飲料製造業,089 其他食品製造業,09,201663047
C.製造業,09 飲料製造業,091 酒精飲料製造業,09,12130792
C.製造業,09 飲料製造業,092 非酒精飲料製造業,09,21079159
C.製造業,10菸草製造業,,09,4279844
C.製造業,11 紡織業,111 紡紗業,09,75619993
C.製造業,11 紡織業,112 織布業,09,125004464
C.製造業,11 紡織業,113 不織布業,09,21895097
C.製造業,11 紡織業,114 染整業,09,45534595
C.製造業,11 紡織業,115 紡織品製造業,09,22362361
C.製造業,12 成衣及服飾品製造業,121 成衣製造業,09,8825121
C.製造業,12 成衣及服飾品製造業,123 服飾品製造業,09,3465608
C.製造業,13 皮革、毛皮及其製品製造業,,09,9342309
C.製造業,14 木竹製品製造業,,09,10651031
C.製造業,15 紙漿、紙及紙製品製造業,151 紙漿、紙及紙板製造業,09,75682677
C.製造業,15 紙漿、紙及紙製品製造業,152 瓦楞紙板及紙容器製造業,09,26954290
C.製造業,15 紙漿、紙及紙製品製造業,153 其他紙製品製造業,09,29959878
C.製造業,16 印刷及資料儲存媒體複製業,,09,39375966
C.製造業,17 石油及煤製品製造業,,09,105851653
C.製造業,18 化學原材料、肥料、氮化合物、塑橡膠原料及人造纖維,181 化學原材料製造業,09,484974138
C.製造業,18 化學原材料、肥料、氮化合物、塑橡膠原料及人造纖維,183 肥料及氮化合物製造業,09,14616989
C.製造業,18 化學原材料、肥料、氮化合物、塑橡膠原料及人造纖維,184 塑膠及合成橡膠原料製造業,09,217241333
C.製造業,18 化學原材料、肥料、氮化合物、塑橡膠原料及人造纖維,185 人造纖維製造業,09,116156092
C.製造業,19 其他化學製品製造業,191 農藥及環境用藥製造業,09,4561623
C.製造業,19 其他化學製品製造業,192 塗料、染料及顏料製造業,09,18350293
C.製造業,19 其他化學製品製造業,193 清潔用品及化粧品製造業,09,14497297
C.製造業,19 其他化學製品製造業,199 未分類其他化學製品製造業,09,53093621
C.製造業,20 藥品及醫用化學製品製造業,,09,83100641
C.製造業,21 橡膠製品製造業,,09,70312266
C.製造業,22 塑膠製品製造業,,09,348052136
C.製造業,23 非金屬礦物製品製造業,231 玻璃及其製品製造業,09,234969891
C.製造業,23 非金屬礦物製品製造業,232 耐火、黏土建材及其他陶瓷製品製造業,09,32718538
C.製造業,23 非金屬礦物製品製造業,233 水泥及其製品製造業,09,137617753
C.製造業,23 非金屬礦物製品製造業,234 石材製品製造業,09,6329075
C.製造業,23 非金屬礦物製品製造業,239 其他非金屬礦物製品製造業,09,37288509
C.製造業,24 基本金屬製造業,241 鋼鐵製造業,09,771189304
C.製造業,24 基本金屬製造業,242 鋁製造業,09,67990916
C.製造業,24 基本金屬製造業,243 銅製造業,09,151521342
C.製造業,24 基本金屬製造業,249 其他基本金屬製造業,09,28818422
C.製造業,25 金屬製品製造業,251 金屬刀具、手工具及模具製造業,09,92305074
C.製造業,25 金屬製品製造業,252 金屬結構及建築組件製造業,09,25317188
C.製造業,25 金屬製品製造業,253 金屬容器製造業,09,10326133
C.製造業,25 金屬製品製造業,254 金屬加工處理業,09,211441383
C.製造業,25 金屬製品製造業,259 其他金屬製品製造業,09,157076574
C.製造業,26 電子零組件製造業,261 半導體製造業,09,3849498860
C.製造業,26 電子零組件製造業,262 被動電子元件製造業,09,173504258
C.製造業,26 電子零組件製造業,263 印刷電路板製造業,09,298722369
C.製造業,26 電子零組件製造業,264 光電材料及元件製造業,09,902297931
C.製造業,26 電子零組件製造業,269 其他電子零組件製造業,09,316061393
C.製造業,27 電腦、電子產品及光學製品製造業,271 電腦及其週邊設備製造業,09,67776166
C.製造業,27 電腦、電子產品及光學製品製造業,272 通訊傳播設備製造業,09,38111974
C.製造業,27 電腦、電子產品及光學製品製造業,273 視聽電子產品製造業,09,8462346
C.製造業,27 電腦、電子產品及光學製品製造業,274 資料儲存媒體製造業,09,15338533
C.製造業,27 電腦、電子產品及光學製品製造業,275 量測、導航、控制設備及鐘錶製造業,09,14641802
C.製造業,27 電腦、電子產品及光學製品製造業,276 輻射及電子醫學設備製造業,09,1528380
C.製造業,27 電腦、電子產品及光學製品製造業,277 光學儀器及設備製造業,09,91378773
C.製造業,28 電力設備及配備製造業,281 發電、輸電及配電機械製造業,09,18635451
C.製造業,28 電力設備及配備製造業,282 電池製造業,09,25258525
C.製造業,28 電力設備及配備製造業,283 電線及配線器材製造業,09,36741701
C.製造業,28 電力設備及配備製造業,284 照明設備及配備製造業,09,5196989
C.製造業,28 電力設備及配備製造業,285 家用電器製造業,09,13662523
C.製造業,28 電力設備及配備製造業,289 其他電力設備及配備製造業,09,19033719
C.製造業,29 機械設備製造業,291 金屬加工用機械設備製造業,09,39879533
C.製造業,29 機械設備製造業,292 其他專用機械設備製造業,09,46165995
C.製造業,29 機械設備製造業,293 通用機械設備製造業,09,91833880
C.製造業,30 汽車及其零件製造業,301 汽車製造業,09,10871207
C.製造業,30 汽車及其零件製造業,302 車體製造業,09,1449363
C.製造業,30 汽車及其零件製造業,303 汽車零件製造業,09,101670050
C.製造業,31 其他運輸工具及其零件製造業,311 船舶及浮動設施製造業,09,9857691
C.製造業,31 其他運輸工具及其零件製造業,312 機車及其零件製造業,09,20117707
C.製造業,31 其他運輸工具及其零件製造業,313 自行車及其零件製造業,09,29798907
C.製造業,31 其他運輸工具及其零件製造業,319 未分類其他運輸工具及其零件製造業,09,25189007
C.製造業,32 家具製造業,321 非金屬家具製造業,09,6364229
C.製造業,32 家具製造業,322 金屬家具製造業,09,5297614
C.製造業,33 其他製造業,331 育樂用品製造業,09,25527364
C.製造業,33 其他製造業,332 醫療器材及用品製造業,09,42702027
C.製造業,33 其他製造業,339 未分類其他製造業,09,16378644
C.製造業,34 產業用機械設備維修及安裝業,,09,16241415
D.電力及燃氣供應業,35 電力及燃氣供應業,351 電力供應業,09,20689768
D.電力及燃氣供應業,35 電力及燃氣供應業,352 氣體燃料供應業,09,39690374
D.電力及燃氣供應業,35 電力及燃氣供應業,353 蒸汽供應業,09,411542
E.用水供應及污染整治業,36 用水供應業,,09,104558584
E.用水供應及污染整治業,37 廢水及污水處理業,,09,28418687
E.用水供應及污染整治業,38 廢棄物清除、處理及資源回收處理業,381 廢棄物清除業,09,2960781
E.用水供應及污染整治業,38 廢棄物清除、處理及資源回收處理業,382 廢棄物處理業,09,11021250
E.用水供應及污染整治業,38 廢棄物清除、處理及資源回收處理業,383 資源回收處理業,09,19014945
E.用水供應及污染整治業,39 污染整治業,,09,563330
F.營建工程業,41 建築工程業,,09,66452425
F.營建工程業,42 土木工程業,421 道路工程業,09,7017182
F.營建工程業,42 土木工程業,422 公用事業設施工程業,09,6865743
F.營建工程業,42 土木工程業,429 其他土木工程業,09,2288719
F.營建工程業,43 專門營造業,431 整地、基礎及結構工程業,09,615434
F.營建工程業,43 專門營造業,432 庭園景觀工程業,09,140421
F.營建工程業,43 專門營造業,433 機電、管道及其他建築設備安裝業,09,1455049
F.營建工程業,43 專門營造業,434 建物完工裝修工程業,09,396889
F.營建工程業,43 專門營造業,439 其他專門營造業,09,612683
G.批發及零售業,45 批發業,451 商品批發經紀業,09,2511425
G.批發及零售業,45 批發業,452 綜合商品批發業,09,4594659
G.批發及零售業,45 批發業,453 農產原料及活動物批發業,09,6217327
G.批發及零售業,45 批發業,454 食品、飲料及菸草製品批發業,09,32503136
G.批發及零售業,45 批發業,455 布疋及服飾品批發業,09,3230275
G.批發及零售業,45 批發業,456 家用器具及用品批發業,09,4745537
G.批發及零售業,45 批發業,457 藥品、醫療用品及化粧品批發業,09,4332782
G.批發及零售業,45 批發業,458 文教育樂用品批發業,09,2168051
G.批發及零售業,45 批發業,461 建材批發業,09,9155046
G.批發及零售業,45 批發業,462 化學原材料及其製品批發業,09,5980655
G.批發及零售業,45 批發業,463 燃料及相關產品批發業,09,1747881
G.批發及零售業,45 批發業,464 機械器具批發業,09,13401739
G.批發及零售業,45 批發業,465 汽機車及其零配件、用品批發業,09,4711983
G.批發及零售業,45 批發業,469 其他專賣批發業,09,4535914
G.批發及零售業,47 零售業,471 綜合商品零售業,09,372762454
G.批發及零售業,47 零售業,472 食品、飲料及菸草製品零售業,09,30779904
G.批發及零售業,47 零售業,473 布疋及服飾品零售業,09,11170021
G.批發及零售業,47 零售業,474 家用器具及用品零售業,09,8796141
G.批發及零售業,47 零售業,475 藥品、醫療用品及化粧品零售業,09,8642617
G.批發及零售業,47 零售業,476 文教育樂用品零售業,09,3056736
G.批發及零售業,47 零售業,481 建材零售業,09,561729
G.批發及零售業,47 零售業,482 燃料及相關產品零售業,09,20610744
G.批發及零售業,47 零售業,483 資訊及通訊設備零售業,09,8918699
G.批發及零售業,47 零售業,484 汽機車及其零配件、用品零售業,09,13990803
G.批發及零售業,47 零售業,485 其他專賣零售業,09,4623657
G.批發及零售業,47 零售業,486 零售攤販,09,832581
G.批發及零售業,47 零售業,487 其他非店面零售業,09,2128963
H.運輸及倉儲業,49 陸上運輸業,491 鐵路運輸業,09,129269120
H.運輸及倉儲業,49 陸上運輸業,492 大眾捷運系統運輸業,09,99485895
H.運輸及倉儲業,49 陸上運輸業,493 汽車客運業,09,7585246
H.運輸及倉儲業,49 陸上運輸業,494 汽車貨運業,09,5226692
H.運輸及倉儲業,49 陸上運輸業,499 其他陸上運輸業,09,87640
H.運輸及倉儲業,50 水上運輸業,501 海洋水運業,09,1646871
H.運輸及倉儲業,50 水上運輸業,502 內河及湖泊水運業,09,0
H.運輸及倉儲業,51 航空運輸業,,09,4656697
H.運輸及倉儲業,52 運輸輔助業,521 報關業,09,178919
H.運輸及倉儲業,52 運輸輔助業,522 船務代理業,09,887706
H.運輸及倉儲業,52 運輸輔助業,523 貨運承攬業,09,2741261
H.運輸及倉儲業,52 運輸輔助業,524 陸上運輸輔助業,09,20371931
H.運輸及倉儲業,52 運輸輔助業,525 水上運輸輔助業,09,22393510
H.運輸及倉儲業,52 運輸輔助業,526 航空運輸輔助業,09,31303431
H.運輸及倉儲業,52 運輸輔助業,529 其他運輸輔助業,09,11870989
H.運輸及倉儲業,53 倉儲業,,09,90947978
H.運輸及倉儲業,54 郵政及快遞業,541 郵政業,09,5166758
H.運輸及倉儲業,54 郵政及快遞業,542 快遞業,09,4949359
I.住宿及餐飲業,55 住宿業,551 短期住宿業,09,206145253
I.住宿及餐飲業,55 住宿業,559 其他住宿業,09,627333
I.住宿及餐飲業,56 餐飲業,561 餐食業,09,116604185
I.住宿及餐飲業,56 餐飲業,562 外燴及團膳承包業,09,4016127
I.住宿及餐飲業,56 餐飲業,563 飲料業,09,6380655
J.出版、影音製作、傳播及資通訊服務業,58 出版業,581 新聞、雜誌、期刊、書籍及其他出版業,09,3707819
J.出版、影音製作、傳播及資通訊服務業,58 出版業,582 軟體出版業,09,275139
J.出版、影音製作、傳播及資通訊服務業,59 影片及電視節目業；聲音錄製及音樂發行業,591 影片及電視節目業,09,10572094
J.出版、影音製作、傳播及資通訊服務業,59 影片及電視節目業；聲音錄製及音樂發行業,592 聲音錄製及音樂發行業,09,161375
J.出版、影音製作、傳播及資通訊服務業,60 廣播、電視節目編排及傳播業,601 廣播業,09,3359620
J.出版、影音製作、傳播及資通訊服務業,60 廣播、電視節目編排及傳播業,602 電視節目編排及傳播業,09,7990775
J.出版、影音製作、傳播及資通訊服務業,61 電信業,,09,101733781
J.出版、影音製作、傳播及資通訊服務業,62 電腦程式設計、諮詢及相關服務業,,09,5458967
J.出版、影音製作、傳播及資通訊服務業,63 資訊服務業,631 入口網站經營、資料處理、主機及網站代管服務業,09,134659060
J.出版、影音製作、傳播及資通訊服務業,63 資訊服務業,639 其他資訊服務業,09,3397495
K.金融及保險業,64 金融服務業,641 貨幣中介業,09,49221253
K.金融及保險業,64 金融服務業,642 控股業,09,235166
K.金融及保險業,64 金融服務業,643 信託、基金及類似金融實體,09,165392
K.金融及保險業,64 金融服務業,649 其他金融服務業,09,1850069
K.金融及保險業,65 保險業,651 人身保險業,09,32293069
K.金融及保險業,65 保險業,652 財產保險業,09,1755447
K.金融及保險業,65 保險業,653 再保險業,09,0
K.金融及保險業,65 保險業,654 退休基金,09,0
K.金融及保險業,65 保險業,655 保險輔助業,09,351871
K.金融及保險業,66 證券期貨及金融輔助業,661 證券業,09,5651272
K.金融及保險業,66 證券期貨及金融輔助業,662 期貨業,09,111192
K.金融及保險業,66 證券期貨及金融輔助業,664 基金管理業,09,120456
K.金融及保險業,66 證券期貨及金融輔助業,669 其他金融輔助業,09,1110653
L.不動產業,67 不動產開發業,,09,19843094
L.不動產業,68 不動產經營及相關服務業,681 不動產經營業,09,40931072
L.不動產業,68 不動產經營及相關服務業,689 其他不動產業,09,999222
M.專業、科學及技術服務業,69 法律及會計服務業,691 法律服務業,09,1410332
M.專業、科學及技術服務業,69 法律及會計服務業,692 會計服務業,09,127010
M.專業、科學及技術服務業,70 企業總管理機構及管理顧問業,701 企業總管理機構,09,6252612
M.專業、科學及技術服務業,70 企業總管理機構及管理顧問業,702 管理顧問業,09,2367851
M.專業、科學及技術服務業,71 建築、工程服務及技術檢測、分析服務業,711 建築、工程服務及相關技術顧問業,09,2007819
M.專業、科學及技術服務業,71 建築、工程服務及技術檢測、分析服務業,712 技術檢測及分析服務業,09,8605907
M.專業、科學及技術服務業,72 研究發展服務業,721 自然及工程科學研究發展服務業,09,20941861
M.專業、科學及技術服務業,72 研究發展服務業,722 社會及人文科學研究發展服務業,09,62240
M.專業、科學及技術服務業,72 研究發展服務業,723 綜合研究發展服務業,09,20617099
M.專業、科學及技術服務業,73 廣告業及市場研究業,731 廣告業,09,1003250
M.專業、科學及技術服務業,73 廣告業及市場研究業,732 市場研究及民意調查業,09,52760
M.專業、科學及技術服務業,74 專門設計業,,09,753297
M.專業、科學及技術服務業,75 獸醫業,,09,277517
M.專業、科學及技術服務業,76 其他專業、科學及技術服務業,,09,3945971
N.支援服務業,77 租賃業,771 機械設備租賃業,09,777615
N.支援服務業,77 租賃業,772 運輸工具租賃業,09,145773
N.支援服務業,77 租賃業,773 個人及家庭用品租賃業,09,500866
N.支援服務業,77 租賃業,774 智慧財產租賃業,09,30885
N.支援服務業,78 人力仲介及供應業,781 人力仲介業,09,1149178
N.支援服務業,78 人力仲介及供應業,782 人力供應業,09,1145403
N.支援服務業,79 旅行及相關服務業,,09,930457
N.支援服務業,80 保全及偵探業,,09,1023737
N.支援服務業,81 建築物及綠化服務業,811 複合支援服務業,09,59401
N.支援服務業,81 建築物及綠化服務業,812 清潔服務業,09,13899397
N.支援服務業,81 建築物及綠化服務業,813 綠化服務業,09,91021
N.支援服務業,82 行政支援服務業,,09,6254732
O.公共行政及國防；強制性社會安全,83 公共行政及國防；強制性社會安全,,09,278803643
O.公共行政及國防；強制性社會安全,84 國際組織及外國機構,,09,872830
P.教育業,85 教育業,851 學前教育,09,5327750
P.教育業,85 教育業,852 小學教育,09,45193262
P.教育業,85 教育業,853 國民中學教育,09,44616529
P.教育業,85 教育業,854 高級中等教育,09,42381238
P.教育業,85 教育業,855 大專校院,09,207480887
P.教育業,85 教育業,856 特殊教育學校,09,264800
P.教育業,85 教育業,858 教育輔助業,09,164655
P.教育業,85 教育業,859 其他教育業,09,6415667
Q.醫療保健及社會工作服務業,86 醫療保健業,861 醫院,09,277579961
Q.醫療保健及社會工作服務業,86 醫療保健業,862 診所,09,10242621
Q.醫療保健及社會工作服務業,86 醫療保健業,869 其他醫療保健業,09,3066168
Q.醫療保健及社會工作服務業,87 居住型照顧服務業,,09,31210456
Q.醫療保健及社會工作服務業,88 其他社會工作服務業,,09,7013923
R.藝術、娛樂及休閒服務業,90 創作及藝術表演業,901 創作業,09,509486
R.藝術、娛樂及休閒服務業,90 創作及藝術表演業,902 藝術表演業,09,1260696
R.藝術、娛樂及休閒服務業,90 創作及藝術表演業,903 創作及藝術表演輔助業,09,8586816
R.藝術、娛樂及休閒服務業,91 圖書館、檔案保存、博物館及類似機構,,09,19305073
R.藝術、娛樂及休閒服務業,92 博弈業,,09,458573
R.藝術、娛樂及休閒服務業,93 運動、娛樂及休閒服務業,931 運動服務業,09,46974193
R.藝術、娛樂及休閒服務業,93 運動、娛樂及休閒服務業,932 娛樂及休閒服務業,09,36569357
S.其他服務業,94 宗教、職業及類似組織,941 宗教組織,09,13403372
S.其他服務業,94 宗教、職業及類似組織,942 職業團體,09,963325
S.其他服務業,94 宗教、職業及類似組織,949 其他組織,09,30615743
S.其他服務業,95 個人及家庭用品維修業,951 汽車維修及美容業,09,9509842
S.其他服務業,95 個人及家庭用品維修業,952 電腦、通訊傳播設備及電子產品維修業,09,382193
S.其他服務業,95 個人及家庭用品維修業,959 其他個人及家庭用品維修業,09,199365
S.其他服務業,96 未分類其他服務業,961 洗衣業,09,4860200
S.其他服務業,96 未分類其他服務業,962 美髮及美容美體業,09,5961656
S.其他服務業,96 未分類其他服務業,963 殯葬及相關服務業,09,7361850
S.其他服務業,96 未分類其他服務業,964 家事服務業,09,82648
S.其他服務業,96 未分類其他服務業,969 其他個人服務業,09,2820307
T.家庭(住宅用),97 住宅與公共設施,,09,247456012
U.其他不能歸類,98 其他不能歸類,,09,173314992
A.農、林、漁、牧業,01 農、牧業,011 農作物栽培業,10,59710867
A.農、林、漁、牧業,01 農、牧業,012 畜牧業,10,103189899
A.農、林、漁、牧業,01 農、牧業,013 農事及畜牧服務業,10,62026015
A.農、林、漁、牧業,02 林業,021 林業,10,286917
A.農、林、漁、牧業,03 漁業,031 漁撈業,10,381567
A.農、林、漁、牧業,03 漁業,032 水產養殖業,10,97134171
B.礦業及土石採取業,05 石油及天然氣礦業,,10,9086234
B.礦業及土石採取業,06 砂、石採取及其他礦業,,10,22977257
C.製造業,08 食品及飲料製造業,081 肉類加工及保藏業,10,62787452
C.製造業,08 食品及飲料製造業,082 水產加工及保藏業,10,29825022
C.製造業,08 食品及飲料製造業,083 蔬果加工及保藏業,10,27184442
C.製造業,08 食品及飲料製造業,084 動植物油脂製造業,10,14642839
C.製造業,08 食品及飲料製造業,085 乳品製造業,10,31969388
C.製造業,08 食品及飲料製造業,086 碾穀、磨粉及澱粉製品製造業,10,20361138
C.製造業,08 食品及飲料製造業,087 動物飼品製造業,10,35393011
C.製造業,08 食品及飲料製造業,089 其他食品製造業,10,197986160
C.製造業,09 飲料製造業,091 酒精飲料製造業,10,11781310
C.製造業,09 飲料製造業,092 非酒精飲料製造業,10,19920712
C.製造業,10菸草製造業,,10,4285752
C.製造業,11 紡織業,111 紡紗業,10,72076430
C.製造業,11 紡織業,112 織布業,10,122890355
C.製造業,11 紡織業,113 不織布業,10,19531886
C.製造業,11 紡織業,114 染整業,10,43045643
C.製造業,11 紡織業,115 紡織品製造業,10,21907455
C.製造業,12 成衣及服飾品製造業,121 成衣製造業,10,8364788
C.製造業,12 成衣及服飾品製造業,123 服飾品製造業,10,3624060
C.製造業,13 皮革、毛皮及其製品製造業,,10,8975017
C.製造業,14 木竹製品製造業,,10,10805448
C.製造業,15 紙漿、紙及紙製品製造業,151 紙漿、紙及紙板製造業,10,77101573
C.製造業,15 紙漿、紙及紙製品製造業,152 瓦楞紙板及紙容器製造業,10,27393925
C.製造業,15 紙漿、紙及紙製品製造業,153 其他紙製品製造業,10,30334527
C.製造業,16 印刷及資料儲存媒體複製業,,10,38815115
C.製造業,17 石油及煤製品製造業,,10,117154027
C.製造業,18 化學原材料、肥料、氮化合物、塑橡膠原料及人造纖維,181 化學原材料製造業,10,492281397
C.製造業,18 化學原材料、肥料、氮化合物、塑橡膠原料及人造纖維,183 肥料及氮化合物製造業,10,13836338
C.製造業,18 化學原材料、肥料、氮化合物、塑橡膠原料及人造纖維,184 塑膠及合成橡膠原料製造業,10,223399620
C.製造業,18 化學原材料、肥料、氮化合物、塑橡膠原料及人造纖維,185 人造纖維製造業,10,118038741
C.製造業,19 其他化學製品製造業,191 農藥及環境用藥製造業,10,4216769
C.製造業,19 其他化學製品製造業,192 塗料、染料及顏料製造業,10,17325512
C.製造業,19 其他化學製品製造業,193 清潔用品及化粧品製造業,10,14415786
C.製造業,19 其他化學製品製造業,199 未分類其他化學製品製造業,10,51354146
C.製造業,20 藥品及醫用化學製品製造業,,10,81546287
C.製造業,21 橡膠製品製造業,,10,70010058
C.製造業,22 塑膠製品製造業,,10,347759302
C.製造業,23 非金屬礦物製品製造業,231 玻璃及其製品製造業,10,237443387
C.製造業,23 非金屬礦物製品製造業,232 耐火、黏土建材及其他陶瓷製品製造業,10,32301766
C.製造業,23 非金屬礦物製品製造業,233 水泥及其製品製造業,10,131921591
C.製造業,23 非金屬礦物製品製造業,234 石材製品製造業,10,5954266
C.製造業,23 非金屬礦物製品製造業,239 其他非金屬礦物製品製造業,10,36928251
C.製造業,24 基本金屬製造業,241 鋼鐵製造業,10,798389205
C.製造業,24 基本金屬製造業,242 鋁製造業,10,67071601
C.製造業,24 基本金屬製造業,243 銅製造業,10,132378249
C.製造業,24 基本金屬製造業,249 其他基本金屬製造業,10,28454073
C.製造業,25 金屬製品製造業,251 金屬刀具、手工具及模具製造業,10,91286812
C.製造業,25 金屬製品製造業,252 金屬結構及建築組件製造業,10,24587910
C.製造業,25 金屬製品製造業,253 金屬容器製造業,10,9851837
C.製造業,25 金屬製品製造業,254 金屬加工處理業,10,210797382
C.製造業,25 金屬製品製造業,259 其他金屬製品製造業,10,155886893
C.製造業,26 電子零組件製造業,261 半導體製造業,10,3996434562
C.製造業,26 電子零組件製造業,262 被動電子元件製造業,10,174220462
C.製造業,26 電子零組件製造業,263 印刷電路板製造業,10,300330173
C.製造業,26 電子零組件製造業,264 光電材料及元件製造業,10,912942701
C.製造業,26 電子零組件製造業,269 其他電子零組件製造業,10,322503858
C.製造業,27 電腦、電子產品及光學製品製造業,271 電腦及其週邊設備製造業,10,66444071
C.製造業,27 電腦、電子產品及光學製品製造業,272 通訊傳播設備製造業,10,37893777
C.製造業,27 電腦、電子產品及光學製品製造業,273 視聽電子產品製造業,10,8574893
C.製造業,27 電腦、電子產品及光學製品製造業,274 資料儲存媒體製造業,10,15025529
C.製造業,27 電腦、電子產品及光學製品製造業,275 量測、導航、控制設備及鐘錶製造業,10,13998578
C.製造業,27 電腦、電子產品及光學製品製造業,276 輻射及電子醫學設備製造業,10,1585488
C.製造業,27 電腦、電子產品及光學製品製造業,277 光學儀器及設備製造業,10,92354489
C.製造業,28 電力設備及配備製造業,281 發電、輸電及配電機械製造業,10,18572388
C.製造業,28 電力設備及配備製造業,282 電池製造業,10,25734079
C.製造業,28 電力設備及配備製造業,283 電線及配線器材製造業,10,36562872
C.製造業,28 電力設備及配備製造業,284 照明設備及配備製造業,10,5099904
C.製造業,28 電力設備及配備製造業,285 家用電器製造業,10,13088848
C.製造業,28 電力設備及配備製造業,289 其他電力設備及配備製造業,10,18890710
C.製造業,29 機械設備製造業,291 金屬加工用機械設備製造業,10,39304067
C.製造業,29 機械設備製造業,292 其他專用機械設備製造業,10,45402761
C.製造業,29 機械設備製造業,293 通用機械設備製造業,10,90175402
C.製造業,30 汽車及其零件製造業,301 汽車製造業,10,11473398
C.製造業,30 汽車及其零件製造業,302 車體製造業,10,1472907
C.製造業,30 汽車及其零件製造業,303 汽車零件製造業,10,100441380
C.製造業,31 其他運輸工具及其零件製造業,311 船舶及浮動設施製造業,10,10056129
C.製造業,31 其他運輸工具及其零件製造業,312 機車及其零件製造業,10,19369156
C.製造業,31 其他運輸工具及其零件製造業,313 自行車及其零件製造業,10,28401516
C.製造業,31 其他運輸工具及其零件製造業,319 未分類其他運輸工具及其零件製造業,10,23773560
C.製造業,32 家具製造業,321 非金屬家具製造業,10,6357363
C.製造業,32 家具製造業,322 金屬家具製造業,10,5330125
C.製造業,33 其他製造業,331 育樂用品製造業,10,24633988
C.製造業,33 其他製造業,332 醫療器材及用品製造業,10,42928613
C.製造業,33 其他製造業,339 未分類其他製造業,10,16104584
C.製造業,34 產業用機械設備維修及安裝業,,10,15585582
D.電力及燃氣供應業,35 電力及燃氣供應業,351 電力供應業,10,18044962
D.電力及燃氣供應業,35 電力及燃氣供應業,352 氣體燃料供應業,10,45341040
D.電力及燃氣供應業,35 電力及燃氣供應業,353 蒸汽供應業,10,435419
E.用水供應及污染整治業,36 用水供應業,,10,110661854
E.用水供應及污染整治業,37 廢水及污水處理業,,10,29090041
E.用水供應及污染整治業,38 廢棄物清除、處理及資源回收處理業,381 廢棄物清除業,10,3034087
E.用水供應及污染整治業,38 廢棄物清除、處理及資源回收處理業,382 廢棄物處理業,10,12740246
E.用水供應及污染整治業,38 廢棄物清除、處理及資源回收處理業,383 資源回收處理業,10,19203134
E.用水供應及污染整治業,39 污染整治業,,10,628280
F.營建工程業,41 建築工程業,,10,72400230
F.營建工程業,42 土木工程業,421 道路工程業,10,7287754
F.營建工程業,42 土木工程業,422 公用事業設施工程業,10,6699420
F.營建工程業,42 土木工程業,429 其他土木工程業,10,2879001
F.營建工程業,43 專門營造業,431 整地、基礎及結構工程業,10,661603
F.營建工程業,43 專門營造業,432 庭園景觀工程業,10,141731
F.營建工程業,43 專門營造業,433 機電、管道及其他建築設備安裝業,10,1434494
F.營建工程業,43 專門營造業,434 建物完工裝修工程業,10,426586
F.營建工程業,43 專門營造業,439 其他專門營造業,10,645624
G.批發及零售業,45 批發業,451 商品批發經紀業,10,2553873
G.批發及零售業,45 批發業,452 綜合商品批發業,10,4642082
G.批發及零售業,45 批發業,453 農產原料及活動物批發業,10,6414512
G.批發及零售業,45 批發業,454 食品、飲料及菸草製品批發業,10,34015130
G.批發及零售業,45 批發業,455 布疋及服飾品批發業,10,3386026
G.批發及零售業,45 批發業,456 家用器具及用品批發業,10,4937312
G.批發及零售業,45 批發業,457 藥品、醫療用品及化粧品批發業,10,4433598
G.批發及零售業,45 批發業,458 文教育樂用品批發業,10,2205762
G.批發及零售業,45 批發業,461 建材批發業,10,9191547
G.批發及零售業,45 批發業,462 化學原材料及其製品批發業,10,5904519
G.批發及零售業,45 批發業,463 燃料及相關產品批發業,10,1731726
G.批發及零售業,45 批發業,464 機械器具批發業,10,13798661
G.批發及零售業,45 批發業,465 汽機車及其零配件、用品批發業,10,4717083
G.批發及零售業,45 批發業,469 其他專賣批發業,10,4709238
G.批發及零售業,47 零售業,471 綜合商品零售業,10,378162255
G.批發及零售業,47 零售業,472 食品、飲料及菸草製品零售業,10,32990418
G.批發及零售業,47 零售業,473 布疋及服飾品零售業,10,11769472
G.批發及零售業,47 零售業,474 家用器具及用品零售業,10,9319612
G.批發及零售業,47 零售業,475 藥品、醫療用品及化粧品零售業,10,9085512
G.批發及零售業,47 零售業,476 文教育樂用品零售業,10,3217598
G.批發及零售業,47 零售業,481 建材零售業,10,577808
G.批發及零售業,47 零售業,482 燃料及相關產品零售業,10,22821964
G.批發及零售業,47 零售業,483 資訊及通訊設備零售業,10,9338491
G.批發及零售業,47 零售業,484 汽機車及其零配件、用品零售業,10,14275105
G.批發及零售業,47 零售業,485 其他專賣零售業,10,4932456
G.批發及零售業,47 零售業,486 零售攤販,10,825476
G.批發及零售業,47 零售業,487 其他非店面零售業,10,2210621
H.運輸及倉儲業,49 陸上運輸業,491 鐵路運輸業,10,133611633
H.運輸及倉儲業,49 陸上運輸業,492 大眾捷運系統運輸業,10,96879908
H.運輸及倉儲業,49 陸上運輸業,493 汽車客運業,10,7636776
H.運輸及倉儲業,49 陸上運輸業,494 汽車貨運業,10,5003766
H.運輸及倉儲業,49 陸上運輸業,499 其他陸上運輸業,10,97936
H.運輸及倉儲業,50 水上運輸業,501 海洋水運業,10,1625081
H.運輸及倉儲業,50 水上運輸業,502 內河及湖泊水運業,10,0
H.運輸及倉儲業,51 航空運輸業,,10,4668603
H.運輸及倉儲業,52 運輸輔助業,521 報關業,10,185028
H.運輸及倉儲業,52 運輸輔助業,522 船務代理業,10,880844
H.運輸及倉儲業,52 運輸輔助業,523 貨運承攬業,10,2639568
H.運輸及倉儲業,52 運輸輔助業,524 陸上運輸輔助業,10,20920596
H.運輸及倉儲業,52 運輸輔助業,525 水上運輸輔助業,10,23286614
H.運輸及倉儲業,52 運輸輔助業,526 航空運輸輔助業,10,30764853
H.運輸及倉儲業,52 運輸輔助業,529 其他運輸輔助業,10,11554151
H.運輸及倉儲業,53 倉儲業,,10,92188110
H.運輸及倉儲業,54 郵政及快遞業,541 郵政業,10,5055095
H.運輸及倉儲業,54 郵政及快遞業,542 快遞業,10,4784376
I.住宿及餐飲業,55 住宿業,551 短期住宿業,10,208528892
I.住宿及餐飲業,55 住宿業,559 其他住宿業,10,659282
I.住宿及餐飲業,56 餐飲業,561 餐食業,10,122814584
I.住宿及餐飲業,56 餐飲業,562 外燴及團膳承包業,10,4339589
I.住宿及餐飲業,56 餐飲業,563 飲料業,10,6815655
J.出版、影音製作、傳播及資通訊服務業,58 出版業,581 新聞、雜誌、期刊、書籍及其他出版業,10,3707997
J.出版、影音製作、傳播及資通訊服務業,58 出版業,582 軟體出版業,10,309098
J.出版、影音製作、傳播及資通訊服務業,59 影片及電視節目業；聲音錄製及音樂發行業,591 影片及電視節目業,10,10362790
J.出版、影音製作、傳播及資通訊服務業,59 影片及電視節目業；聲音錄製及音樂發行業,592 聲音錄製及音樂發行業,10,154048
J.出版、影音製作、傳播及資通訊服務業,60 廣播、電視節目編排及傳播業,601 廣播業,10,3588269
J.出版、影音製作、傳播及資通訊服務業,60 廣播、電視節目編排及傳播業,602 電視節目編排及傳播業,10,8053058
J.出版、影音製作、傳播及資通訊服務業,61 電信業,,10,103578234
J.出版、影音製作、傳播及資通訊服務業,62 電腦程式設計、諮詢及相關服務業,,10,5833583
J.出版、影音製作、傳播及資通訊服務業,63 資訊服務業,631 入口網站經營、資料處理、主機及網站代管服務業,10,140076304
J.出版、影音製作、傳播及資通訊服務業,63 資訊服務業,639 其他資訊服務業,10,3543591
K.金融及保險業,64 金融服務業,641 貨幣中介業,10,48167373
K.金融及保險業,64 金融服務業,642 控股業,10,242765
K.金融及保險業,64 金融服務業,643 信託、基金及類似金融實體,10,169096
K.金融及保險業,64 金融服務業,649 其他金融服務業,10,1836293
K.金融及保險業,65 保險業,651 人身保險業,10,30856772
K.金融及保險業,65 保險業,652 財產保險業,10,1720759
K.金融及保險業,65 保險業,653 再保險業,10,0
K.金融及保險業,65 保險業,654 退休基金,10,0
K.金融及保險業,65 保險業,655 保險輔助業,10,378714
K.金融及保險業,66 證券期貨及金融輔助業,661 證券業,10,5570342
K.金融及保險業,66 證券期貨及金融輔助業,662 期貨業,10,119903
K.金融及保險業,66 證券期貨及金融輔助業,664 基金管理業,10,122696
K.金融及保險業,66 證券期貨及金融輔助業,669 其他金融輔助業,10,1105551
L.不動產業,67 不動產開發業,,10,18895795
L.不動產業,68 不動產經營及相關服務業,681 不動產經營業,10,39519814
L.不動產業,68 不動產經營及相關服務業,689 其他不動產業,10,971675
M.專業、科學及技術服務業,69 法律及會計服務業,691 法律服務業,10,1406078
M.專業、科學及技術服務業,69 法律及會計服務業,692 會計服務業,10,139738
M.專業、科學及技術服務業,70 企業總管理機構及管理顧問業,701 企業總管理機構,10,6063180
M.專業、科學及技術服務業,70 企業總管理機構及管理顧問業,702 管理顧問業,10,2423095
M.專業、科學及技術服務業,71 建築、工程服務及技術檢測、分析服務業,711 建築、工程服務及相關技術顧問業,10,2022098
M.專業、科學及技術服務業,71 建築、工程服務及技術檢測、分析服務業,712 技術檢測及分析服務業,10,8458107
M.專業、科學及技術服務業,72 研究發展服務業,721 自然及工程科學研究發展服務業,10,22896355
M.專業、科學及技術服務業,72 研究發展服務業,722 社會及人文科學研究發展服務業,10,63360
M.專業、科學及技術服務業,72 研究發展服務業,723 綜合研究發展服務業,10,20092674
M.專業、科學及技術服務業,73 廣告業及市場研究業,731 廣告業,10,1024401
M.專業、科學及技術服務業,73 廣告業及市場研究業,732 市場研究及民意調查業,10,58760
M.專業、科學及技術服務業,74 專門設計業,,10,737165
M.專業、科學及技術服務業,75 獸醫業,,10,282954
M.專業、科學及技術服務業,76 其他專業、科學及技術服務業,,10,3868452
N.支援服務業,77 租賃業,771 機械設備租賃業,10,814825
N.支援服務業,77 租賃業,772 運輸工具租賃業,10,146783
N.支援服務業,77 租賃業,773 個人及家庭用品租賃業,10,530452
N.支援服務業,77 租賃業,774 智慧財產租賃業,10,32800
N.支援服務業,78 人力仲介及供應業,781 人力仲介業,10,1199068
N.支援服務業,78 人力仲介及供應業,782 人力供應業,10,1165582
N.支援服務業,79 旅行及相關服務業,,10,928651
N.支援服務業,80 保全及偵探業,,10,991580
N.支援服務業,81 建築物及綠化服務業,811 複合支援服務業,10,59172
N.支援服務業,81 建築物及綠化服務業,812 清潔服務業,10,14417108
N.支援服務業,81 建築物及綠化服務業,813 綠化服務業,10,92280
N.支援服務業,82 行政支援服務業,,10,6424545
O.公共行政及國防；強制性社會安全,83 公共行政及國防；強制性社會安全,,10,272537508
O.公共行政及國防；強制性社會安全,84 國際組織及外國機構,,10,627487
P.教育業,85 教育業,851 學前教育,10,5637056
P.教育業,85 教育業,852 小學教育,10,51060502
P.教育業,85 教育業,853 國民中學教育,10,42592037
P.教育業,85 教育業,854 高級中等教育,10,37988149
P.教育業,85 教育業,855 大專校院,10,204285015
P.教育業,85 教育業,856 特殊教育學校,10,239660
P.教育業,85 教育業,858 教育輔助業,10,192528
P.教育業,85 教育業,859 其他教育業,10,6342652
Q.醫療保健及社會工作服務業,86 醫療保健業,861 醫院,10,272832073
Q.醫療保健及社會工作服務業,86 醫療保健業,862 診所,10,10914395
Q.醫療保健及社會工作服務業,86 醫療保健業,869 其他醫療保健業,10,3300007
Q.醫療保健及社會工作服務業,87 居住型照顧服務業,,10,31212749
Q.醫療保健及社會工作服務業,88 其他社會工作服務業,,10,6985241
R.藝術、娛樂及休閒服務業,90 創作及藝術表演業,901 創作業,10,503122
R.藝術、娛樂及休閒服務業,90 創作及藝術表演業,902 藝術表演業,10,1150226
R.藝術、娛樂及休閒服務業,90 創作及藝術表演業,903 創作及藝術表演輔助業,10,8558467
R.藝術、娛樂及休閒服務業,91 圖書館、檔案保存、博物館及類似機構,,10,18883370
R.藝術、娛樂及休閒服務業,92 博弈業,,10,465635
R.藝術、娛樂及休閒服務業,93 運動、娛樂及休閒服務業,931 運動服務業,10,46589968
R.藝術、娛樂及休閒服務業,93 運動、娛樂及休閒服務業,932 娛樂及休閒服務業,10,37725986
S.其他服務業,94 宗教、職業及類似組織,941 宗教組織,10,13404634
S.其他服務業,94 宗教、職業及類似組織,942 職業團體,10,952551
S.其他服務業,94 宗教、職業及類似組織,949 其他組織,10,29062511
S.其他服務業,95 個人及家庭用品維修業,951 汽車維修及美容業,10,9432795
S.其他服務業,95 個人及家庭用品維修業,952 電腦、通訊傳播設備及電子產品維修業,10,393495
S.其他服務業,95 個人及家庭用品維修業,959 其他個人及家庭用品維修業,10,184903
S.其他服務業,96 未分類其他服務業,961 洗衣業,10,5086505
S.其他服務業,96 未分類其他服務業,962 美髮及美容美體業,10,6260575
S.其他服務業,96 未分類其他服務業,963 殯葬及相關服務業,10,7356317
S.其他服務業,96 未分類其他服務業,964 家事服務業,10,84042
S.其他服務業,96 未分類其他服務業,969 其他個人服務業,10,2880481
T.家庭(住宅用),97 住宅與公共設施,,10,264305166
U.其他不能歸類,98 其他不能歸類,,10,167046419
A.農、林、漁、牧業,01 農、牧業,011 農作物栽培業,11,50976525
A.農、林、漁、牧業,01 農、牧業,012 畜牧業,11,83996798
A.農、林、漁、牧業,01 農、牧業,013 農事及畜牧服務業,11,56723091
A.農、林、漁、牧業,02 林業,021 林業,11,232195
A.農、林、漁、牧業,03 漁業,031 漁撈業,11,345266
A.農、林、漁、牧業,03 漁業,032 水產養殖業,11,89890791
B.礦業及土石採取業,05 石油及天然氣礦業,,11,10271952
B.礦業及土石採取業,06 砂、石採取及其他礦業,,11,22123759
C.製造業,08 食品及飲料製造業,081 肉類加工及保藏業,11,57559619
C.製造業,08 食品及飲料製造業,082 水產加工及保藏業,11,26126184
C.製造業,08 食品及飲料製造業,083 蔬果加工及保藏業,11,24643966
C.製造業,08 食品及飲料製造業,084 動植物油脂製造業,11,14322167
C.製造業,08 食品及飲料製造業,085 乳品製造業,11,26914214
C.製造業,08 食品及飲料製造業,086 碾穀、磨粉及澱粉製品製造業,11,21160713
C.製造業,08 食品及飲料製造業,087 動物飼品製造業,11,32070906
C.製造業,08 食品及飲料製造業,089 其他食品製造業,11,174617059
C.製造業,09 飲料製造業,091 酒精飲料製造業,11,9394760
C.製造業,09 飲料製造業,092 非酒精飲料製造業,11,16381713
C.製造業,10菸草製造業,,11,3781806
C.製造業,11 紡織業,111 紡紗業,11,68216807
C.製造業,11 紡織業,112 織布業,11,112509694
C.製造業,11 紡織業,113 不織布業,11,19291221
C.製造業,11 紡織業,114 染整業,11,41711785
C.製造業,11 紡織業,115 紡織品製造業,11,19554217
C.製造業,12 成衣及服飾品製造業,121 成衣製造業,11,7040327
C.製造業,12 成衣及服飾品製造業,123 服飾品製造業,11,3115552
C.製造業,13 皮革、毛皮及其製品製造業,,11,7780198
C.製造業,14 木竹製品製造業,,11,9829935
C.製造業,15 紙漿、紙及紙製品製造業,151 紙漿、紙及紙板製造業,11,79321286
C.製造業,15 紙漿、紙及紙製品製造業,152 瓦楞紙板及紙容器製造業,11,24990012
C.製造業,15 紙漿、紙及紙製品製造業,153 其他紙製品製造業,11,26266767
C.製造業,16 印刷及資料儲存媒體複製業,,11,34333240
C.製造業,17 石油及煤製品製造業,,11,126209854
C.製造業,18 化學原材料、肥料、氮化合物、塑橡膠原料及人造纖維,181 化學原材料製造業,11,464282433
C.製造業,18 化學原材料、肥料、氮化合物、塑橡膠原料及人造纖維,183 肥料及氮化合物製造業,11,12243471
C.製造業,18 化學原材料、肥料、氮化合物、塑橡膠原料及人造纖維,184 塑膠及合成橡膠原料製造業,11,210283824
C.製造業,18 化學原材料、肥料、氮化合物、塑橡膠原料及人造纖維,185 人造纖維製造業,11,111701272
C.製造業,19 其他化學製品製造業,191 農藥及環境用藥製造業,11,4008941
C.製造業,19 其他化學製品製造業,192 塗料、染料及顏料製造業,11,16223752
C.製造業,19 其他化學製品製造業,193 清潔用品及化粧品製造業,11,12664163
C.製造業,19 其他化學製品製造業,199 未分類其他化學製品製造業,11,51404784
C.製造業,20 藥品及醫用化學製品製造業,,11,73197215
C.製造業,21 橡膠製品製造業,,11,65281851
C.製造業,22 塑膠製品製造業,,11,327783154
C.製造業,23 非金屬礦物製品製造業,231 玻璃及其製品製造業,11,222140288
C.製造業,23 非金屬礦物製品製造業,232 耐火、黏土建材及其他陶瓷製品製造業,11,30551399
C.製造業,23 非金屬礦物製品製造業,233 水泥及其製品製造業,11,124104099
C.製造業,23 非金屬礦物製品製造業,234 石材製品製造業,11,5959883
C.製造業,23 非金屬礦物製品製造業,239 其他非金屬礦物製品製造業,11,35999793
C.製造業,24 基本金屬製造業,241 鋼鐵製造業,11,747740128
C.製造業,24 基本金屬製造業,242 鋁製造業,11,64119447
C.製造業,24 基本金屬製造業,243 銅製造業,11,112495130
C.製造業,24 基本金屬製造業,249 其他基本金屬製造業,11,26324640
C.製造業,25 金屬製品製造業,251 金屬刀具、手工具及模具製造業,11,81597525
C.製造業,25 金屬製品製造業,252 金屬結構及建築組件製造業,11,22825171
C.製造業,25 金屬製品製造業,253 金屬容器製造業,11,8519256
C.製造業,25 金屬製品製造業,254 金屬加工處理業,11,203831618
C.製造業,25 金屬製品製造業,259 其他金屬製品製造業,11,144413059
C.製造業,26 電子零組件製造業,261 半導體製造業,11,3577744601
C.製造業,26 電子零組件製造業,262 被動電子元件製造業,11,161409373
C.製造業,26 電子零組件製造業,263 印刷電路板製造業,11,278641841
C.製造業,26 電子零組件製造業,264 光電材料及元件製造業,11,847408337
C.製造業,26 電子零組件製造業,269 其他電子零組件製造業,11,288083881
C.製造業,27 電腦、電子產品及光學製品製造業,271 電腦及其週邊設備製造業,11,59575673
C.製造業,27 電腦、電子產品及光學製品製造業,272 通訊傳播設備製造業,11,33283244
C.製造業,27 電腦、電子產品及光學製品製造業,273 視聽電子產品製造業,11,7630884
C.製造業,27 電腦、電子產品及光學製品製造業,274 資料儲存媒體製造業,11,13060885
C.製造業,27 電腦、電子產品及光學製品製造業,275 量測、導航、控制設備及鐘錶製造業,11,12254475
C.製造業,27 電腦、電子產品及光學製品製造業,276 輻射及電子醫學設備製造業,11,1305742
C.製造業,27 電腦、電子產品及光學製品製造業,277 光學儀器及設備製造業,11,86867191
C.製造業,28 電力設備及配備製造業,281 發電、輸電及配電機械製造業,11,15815245
C.製造業,28 電力設備及配備製造業,282 電池製造業,11,23537674
C.製造業,28 電力設備及配備製造業,283 電線及配線器材製造業,11,32792672
C.製造業,28 電力設備及配備製造業,284 照明設備及配備製造業,11,4356293
C.製造業,28 電力設備及配備製造業,285 家用電器製造業,11,11492938
C.製造業,28 電力設備及配備製造業,289 其他電力設備及配備製造業,11,16548428
C.製造業,29 機械設備製造業,291 金屬加工用機械設備製造業,11,33877064
C.製造業,29 機械設備製造業,292 其他專用機械設備製造業,11,39054964
C.製造業,29 機械設備製造業,293 通用機械設備製造業,11,78090777
C.製造業,30 汽車及其零件製造業,301 汽車製造業,11,9541590
C.製造業,30 汽車及其零件製造業,302 車體製造業,11,1367615
C.製造業,30 汽車及其零件製造業,303 汽車零件製造業,11,92405510
C.製造業,31 其他運輸工具及其零件製造業,311 船舶及浮動設施製造業,11,9046188
C.製造業,31 其他運輸工具及其零件製造業,312 機車及其零件製造業,11,16856583
C.製造業,31 其他運輸工具及其零件製造業,313 自行車及其零件製造業,11,26483034
C.製造業,31 其他運輸工具及其零件製造業,319 未分類其他運輸工具及其零件製造業,11,20664791
C.製造業,32 家具製造業,321 非金屬家具製造業,11,5694089
C.製造業,32 家具製造業,322 金屬家具製造業,11,4729317
C.製造業,33 其他製造業,331 育樂用品製造業,11,20990676
C.製造業,33 其他製造業,332 醫療器材及用品製造業,11,38777898
C.製造業,33 其他製造業,339 未分類其他製造業,11,13117282
C.製造業,34 產業用機械設備維修及安裝業,,11,13334625
D.電力及燃氣供應業,35 電力及燃氣供應業,351 電力供應業,11,15969381
D.電力及燃氣供應業,35 電力及燃氣供應業,352 氣體燃料供應業,11,41840214
D.電力及燃氣供應業,35 電力及燃氣供應業,353 蒸汽供應業,11,448514
E.用水供應及污染整治業,36 用水供應業,,11,107367098
E.用水供應及污染整治業,37 廢水及污水處理業,,11,27686404
E.用水供應及污染整治業,38 廢棄物清除、處理及資源回收處理業,381 廢棄物清除業,11,4063262
E.用水供應及污染整治業,38 廢棄物清除、處理及資源回收處理業,382 廢棄物處理業,11,12727470
E.用水供應及污染整治業,38 廢棄物清除、處理及資源回收處理業,383 資源回收處理業,11,19308046
E.用水供應及污染整治業,39 污染整治業,,11,566289
F.營建工程業,41 建築工程業,,11,58693061
F.營建工程業,42 土木工程業,421 道路工程業,11,6484288
F.營建工程業,42 土木工程業,422 公用事業設施工程業,11,6265385
F.營建工程業,42 土木工程業,429 其他土木工程業,11,2485513
F.營建工程業,43 專門營造業,431 整地、基礎及結構工程業,11,537259
F.營建工程業,43 專門營造業,432 庭園景觀工程業,11,126990
F.營建工程業,43 專門營造業,433 機電、管道及其他建築設備安裝業,11,1218603
F.營建工程業,43 專門營造業,434 建物完工裝修工程業,11,382060
F.營建工程業,43 專門營造業,439 其他專門營造業,11,620944
G.批發及零售業,45 批發業,451 商品批發經紀業,11,2093775
G.批發及零售業,45 批發業,452 綜合商品批發業,11,4026385
G.批發及零售業,45 批發業,453 農產原料及活動物批發業,11,5588494
G.批發及零售業,45 批發業,454 食品、飲料及菸草製品批發業,11,29932294
G.批發及零售業,45 批發業,455 布疋及服飾品批發業,11,2805988
G.批發及零售業,45 批發業,456 家用器具及用品批發業,11,4230303
G.批發及零售業,45 批發業,457 藥品、醫療用品及化粧品批發業,11,3696963
G.批發及零售業,45 批發業,458 文教育樂用品批發業,11,1753448
G.批發及零售業,45 批發業,461 建材批發業,11,8640460
G.批發及零售業,45 批發業,462 化學原材料及其製品批發業,11,5313955
G.批發及零售業,45 批發業,463 燃料及相關產品批發業,11,1625970
G.批發及零售業,45 批發業,464 機械器具批發業,11,11806877
G.批發及零售業,45 批發業,465 汽機車及其零配件、用品批發業,11,4099285
G.批發及零售業,45 批發業,469 其他專賣批發業,11,4271158
G.批發及零售業,47 零售業,471 綜合商品零售業,11,322882023
G.批發及零售業,47 零售業,472 食品、飲料及菸草製品零售業,11,27982550
G.批發及零售業,47 零售業,473 布疋及服飾品零售業,11,9996881
G.批發及零售業,47 零售業,474 家用器具及用品零售業,11,7712807
G.批發及零售業,47 零售業,475 藥品、醫療用品及化粧品零售業,11,7678815
G.批發及零售業,47 零售業,476 文教育樂用品零售業,11,2611278
G.批發及零售業,47 零售業,481 建材零售業,11,461947
G.批發及零售業,47 零售業,482 燃料及相關產品零售業,11,20709221
G.批發及零售業,47 零售業,483 資訊及通訊設備零售業,11,7976109
G.批發及零售業,47 零售業,484 汽機車及其零配件、用品零售業,11,11411049
G.批發及零售業,47 零售業,485 其他專賣零售業,11,4062597
G.批發及零售業,47 零售業,486 零售攤販,11,739210
G.批發及零售業,47 零售業,487 其他非店面零售業,11,1938614
H.運輸及倉儲業,49 陸上運輸業,491 鐵路運輸業,11,117994784
H.運輸及倉儲業,49 陸上運輸業,492 大眾捷運系統運輸業,11,86507310
H.運輸及倉儲業,49 陸上運輸業,493 汽車客運業,11,6696674
H.運輸及倉儲業,49 陸上運輸業,494 汽車貨運業,11,4169892
H.運輸及倉儲業,49 陸上運輸業,499 其他陸上運輸業,11,91509
H.運輸及倉儲業,50 水上運輸業,501 海洋水運業,11,1452749
H.運輸及倉儲業,50 水上運輸業,502 內河及湖泊水運業,11,0
H.運輸及倉儲業,51 航空運輸業,,11,3976879
H.運輸及倉儲業,52 運輸輔助業,521 報關業,11,138794
H.運輸及倉儲業,52 運輸輔助業,522 船務代理業,11,764829
H.運輸及倉儲業,52 運輸輔助業,523 貨運承攬業,11,2179352
H.運輸及倉儲業,52 運輸輔助業,524 陸上運輸輔助業,11,18670292
H.運輸及倉儲業,52 運輸輔助業,525 水上運輸輔助業,11,20334226
H.運輸及倉儲業,52 運輸輔助業,526 航空運輸輔助業,11,25810041
H.運輸及倉儲業,52 運輸輔助業,529 其他運輸輔助業,11,10149534
H.運輸及倉儲業,53 倉儲業,,11,78422643
H.運輸及倉儲業,54 郵政及快遞業,541 郵政業,11,3871314
H.運輸及倉儲業,54 郵政及快遞業,542 快遞業,11,3732430
I.住宿及餐飲業,55 住宿業,551 短期住宿業,11,178787763
I.住宿及餐飲業,55 住宿業,559 其他住宿業,11,473617
I.住宿及餐飲業,56 餐飲業,561 餐食業,11,105785249
I.住宿及餐飲業,56 餐飲業,562 外燴及團膳承包業,11,3830464
I.住宿及餐飲業,56 餐飲業,563 飲料業,11,6019890
J.出版、影音製作、傳播及資通訊服務業,58 出版業,581 新聞、雜誌、期刊、書籍及其他出版業,11,3223761
J.出版、影音製作、傳播及資通訊服務業,58 出版業,582 軟體出版業,11,265402
J.出版、影音製作、傳播及資通訊服務業,59 影片及電視節目業；聲音錄製及音樂發行業,591 影片及電視節目業,11,8862123
J.出版、影音製作、傳播及資通訊服務業,59 影片及電視節目業；聲音錄製及音樂發行業,592 聲音錄製及音樂發行業,11,136510
J.出版、影音製作、傳播及資通訊服務業,60 廣播、電視節目編排及傳播業,601 廣播業,11,3201553
J.出版、影音製作、傳播及資通訊服務業,60 廣播、電視節目編排及傳播業,602 電視節目編排及傳播業,11,7271727
J.出版、影音製作、傳播及資通訊服務業,61 電信業,,11,89902851
J.出版、影音製作、傳播及資通訊服務業,62 電腦程式設計、諮詢及相關服務業,,11,6194416
J.出版、影音製作、傳播及資通訊服務業,63 資訊服務業,631 入口網站經營、資料處理、主機及網站代管服務業,11,131534326
J.出版、影音製作、傳播及資通訊服務業,63 資訊服務業,639 其他資訊服務業,11,3281013
K.金融及保險業,64 金融服務業,641 貨幣中介業,11,38084914
K.金融及保險業,64 金融服務業,642 控股業,11,212069
K.金融及保險業,64 金融服務業,643 信託、基金及類似金融實體,11,140840
K.金融及保險業,64 金融服務業,649 其他金融服務業,11,1453004
K.金融及保險業,65 保險業,651 人身保險業,11,23857737
K.金融及保險業,65 保險業,652 財產保險業,11,1539723
K.金融及保險業,65 保險業,653 再保險業,11,0
K.金融及保險業,65 保險業,654 退休基金,11,0
K.金融及保險業,65 保險業,655 保險輔助業,11,307200
K.金融及保險業,66 證券期貨及金融輔助業,661 證券業,11,4782983
K.金融及保險業,66 證券期貨及金融輔助業,662 期貨業,11,127817
K.金融及保險業,66 證券期貨及金融輔助業,664 基金管理業,11,91958
K.金融及保險業,66 證券期貨及金融輔助業,669 其他金融輔助業,11,930985
L.不動產業,67 不動產開發業,,11,15498656
L.不動產業,68 不動產經營及相關服務業,681 不動產經營業,11,32680431
L.不動產業,68 不動產經營及相關服務業,689 其他不動產業,11,775504
M.專業、科學及技術服務業,69 法律及會計服務業,691 法律服務業,11,1095353
M.專業、科學及技術服務業,69 法律及會計服務業,692 會計服務業,11,107995
M.專業、科學及技術服務業,70 企業總管理機構及管理顧問業,701 企業總管理機構,11,5206023
M.專業、科學及技術服務業,70 企業總管理機構及管理顧問業,702 管理顧問業,11,2008096
M.專業、科學及技術服務業,71 建築、工程服務及技術檢測、分析服務業,711 建築、工程服務及相關技術顧問業,11,1721974
M.專業、科學及技術服務業,71 建築、工程服務及技術檢測、分析服務業,712 技術檢測及分析服務業,11,7183847
M.專業、科學及技術服務業,72 研究發展服務業,721 自然及工程科學研究發展服務業,11,20504455
M.專業、科學及技術服務業,72 研究發展服務業,722 社會及人文科學研究發展服務業,11,59320
M.專業、科學及技術服務業,72 研究發展服務業,723 綜合研究發展服務業,11,17252895
M.專業、科學及技術服務業,73 廣告業及市場研究業,731 廣告業,11,835449
M.專業、科學及技術服務業,73 廣告業及市場研究業,732 市場研究及民意調查業,11,43000
M.專業、科學及技術服務業,74 專門設計業,,11,623812
M.專業、科學及技術服務業,75 獸醫業,,11,258922
M.專業、科學及技術服務業,76 其他專業、科學及技術服務業,,11,3646684
N.支援服務業,77 租賃業,771 機械設備租賃業,11,685247
N.支援服務業,77 租賃業,772 運輸工具租賃業,11,127971
N.支援服務業,77 租賃業,773 個人及家庭用品租賃業,11,449354
N.支援服務業,77 租賃業,774 智慧財產租賃業,11,28674
N.支援服務業,78 人力仲介及供應業,781 人力仲介業,11,1033545
N.支援服務業,78 人力仲介及供應業,782 人力供應業,11,941860
N.支援服務業,79 旅行及相關服務業,,11,783806
N.支援服務業,80 保全及偵探業,,11,904983
N.支援服務業,81 建築物及綠化服務業,811 複合支援服務業,11,51803
N.支援服務業,81 建築物及綠化服務業,812 清潔服務業,11,13410724
N.支援服務業,81 建築物及綠化服務業,813 綠化服務業,11,96701
N.支援服務業,82 行政支援服務業,,11,5547531
O.公共行政及國防；強制性社會安全,83 公共行政及國防；強制性社會安全,,11,223019553
O.公共行政及國防；強制性社會安全,84 國際組織及外國機構,,11,605186
P.教育業,85 教育業,851 學前教育,11,4127681
P.教育業,85 教育業,852 小學教育,11,34483648
P.教育業,85 教育業,853 國民中學教育,11,29444276
P.教育業,85 教育業,854 高級中等教育,11,26996280
P.教育業,85 教育業,855 大專校院,11,162188260
P.教育業,85 教育業,856 特殊教育學校,11,174664
P.教育業,85 教育業,858 教育輔助業,11,157437
P.教育業,85 教育業,859 其他教育業,11,5330848
Q.醫療保健及社會工作服務業,86 醫療保健業,861 醫院,11,227929782
Q.醫療保健及社會工作服務業,86 醫療保健業,862 診所,11,9206008
Q.醫療保健及社會工作服務業,86 醫療保健業,869 其他醫療保健業,11,2909001
Q.醫療保健及社會工作服務業,87 居住型照顧服務業,,11,24016065
Q.醫療保健及社會工作服務業,88 其他社會工作服務業,,11,5437361
R.藝術、娛樂及休閒服務業,90 創作及藝術表演業,901 創作業,11,402648
R.藝術、娛樂及休閒服務業,90 創作及藝術表演業,902 藝術表演業,11,911512
R.藝術、娛樂及休閒服務業,90 創作及藝術表演業,903 創作及藝術表演輔助業,11,7067259
R.藝術、娛樂及休閒服務業,91 圖書館、檔案保存、博物館及類似機構,,11,14947706
R.藝術、娛樂及休閒服務業,92 博弈業,,11,344104
R.藝術、娛樂及休閒服務業,93 運動、娛樂及休閒服務業,931 運動服務業,11,39139240
R.藝術、娛樂及休閒服務業,93 運動、娛樂及休閒服務業,932 娛樂及休閒服務業,11,31604196
S.其他服務業,94 宗教、職業及類似組織,941 宗教組織,11,11432315
S.其他服務業,94 宗教、職業及類似組織,942 職業團體,11,832291
S.其他服務業,94 宗教、職業及類似組織,949 其他組織,11,24008465
S.其他服務業,95 個人及家庭用品維修業,951 汽車維修及美容業,11,7753031
S.其他服務業,95 個人及家庭用品維修業,952 電腦、通訊傳播設備及電子產品維修業,11,329541
S.其他服務業,95 個人及家庭用品維修業,959 其他個人及家庭用品維修業,11,140634
S.其他服務業,96 未分類其他服務業,961 洗衣業,11,4792179
S.其他服務業,96 未分類其他服務業,962 美髮及美容美體業,11,5351769
S.其他服務業,96 未分類其他服務業,963 殯葬及相關服務業,11,5869566
S.其他服務業,96 未分類其他服務業,964 家事服務業,11,79780
S.其他服務業,96 未分類其他服務業,969 其他個人服務業,11,2507063
T.家庭(住宅用),97 住宅與公共設施,,11,233225225
U.其他不能歸類,98 其他不能歸類,,11,145725395
A.農、林、漁、牧業,01 農、牧業,011 農作物栽培業,12,44625895
A.農、林、漁、牧業,01 農、牧業,012 畜牧業,12,66325645
A.農、林、漁、牧業,01 農、牧業,013 農事及畜牧服務業,12,49765590
A.農、林、漁、牧業,02 林業,021 林業,12,199161
A.農、林、漁、牧業,03 漁業,031 漁撈業,12,329467
A.農、林、漁、牧業,03 漁業,032 水產養殖業,12,77218237
B.礦業及土石採取業,05 石油及天然氣礦業,,12,12048580
B.礦業及土石採取業,06 砂、石採取及其他礦業,,12,24714707
C.製造業,08 食品及飲料製造業,081 肉類加工及保藏業,12,58178972
C.製造業,08 食品及飲料製造業,082 水產加工及保藏業,12,25463424
C.製造業,08 食品及飲料製造業,083 蔬果加工及保藏業,12,24194963
C.製造業,08 食品及飲料製造業,084 動植物油脂製造業,12,15311194
C.製造業,08 食品及飲料製造業,085 乳品製造業,12,27741143
C.製造業,08 食品及飲料製造業,086 碾穀、磨粉及澱粉製品製造業,12,20105095
C.製造業,08 食品及飲料製造業,087 動物飼品製造業,12,32681119
C.製造業,08 食品及飲料製造業,089 其他食品製造業,12,169756060
C.製造業,09 飲料製造業,091 酒精飲料製造業,12,8864142
C.製造業,09 飲料製造業,092 非酒精飲料製造業,12,15555559
C.製造業,10菸草製造業,,12,3511042
C.製造業,11 紡織業,111 紡紗業,12,69993548
C.製造業,11 紡織業,112 織布業,12,106912542
C.製造業,11 紡織業,113 不織布業,12,19124809
C.製造業,11 紡織業,114 染整業,12,45542536
C.製造業,11 紡織業,115 紡織品製造業,12,19342552
C.製造業,12 成衣及服飾品製造業,121 成衣製造業,12,6454793
C.製造業,12 成衣及服飾品製造業,123 服飾品製造業,12,2982518
C.製造業,13 皮革、毛皮及其製品製造業,,12,7120087
C.製造業,14 木竹製品製造業,,12,9847611
C.製造業,15 紙漿、紙及紙製品製造業,151 紙漿、紙及紙板製造業,12,76450892
C.製造業,15 紙漿、紙及紙製品製造業,152 瓦楞紙板及紙容器製造業,12,25388015
C.製造業,15 紙漿、紙及紙製品製造業,153 其他紙製品製造業,12,27302242
C.製造業,16 印刷及資料儲存媒體複製業,,12,32572399
C.製造業,17 石油及煤製品製造業,,12,109310247
C.製造業,18 化學原材料、肥料、氮化合物、塑橡膠原料及人造纖維,181 化學原材料製造業,12,478642864
C.製造業,18 化學原材料、肥料、氮化合物、塑橡膠原料及人造纖維,183 肥料及氮化合物製造業,12,13390558
C.製造業,18 化學原材料、肥料、氮化合物、塑橡膠原料及人造纖維,184 塑膠及合成橡膠原料製造業,12,202188582
C.製造業,18 化學原材料、肥料、氮化合物、塑橡膠原料及人造纖維,185 人造纖維製造業,12,113892999
C.製造業,19 其他化學製品製造業,191 農藥及環境用藥製造業,12,3772020
C.製造業,19 其他化學製品製造業,192 塗料、染料及顏料製造業,12,16707576
C.製造業,19 其他化學製品製造業,193 清潔用品及化粧品製造業,12,12018985
C.製造業,19 其他化學製品製造業,199 未分類其他化學製品製造業,12,45595802
C.製造業,20 藥品及醫用化學製品製造業,,12,72588845
C.製造業,21 橡膠製品製造業,,12,63644277
C.製造業,22 塑膠製品製造業,,12,338821924
C.製造業,23 非金屬礦物製品製造業,231 玻璃及其製品製造業,12,209933569
C.製造業,23 非金屬礦物製品製造業,232 耐火、黏土建材及其他陶瓷製品製造業,12,32117057
C.製造業,23 非金屬礦物製品製造業,233 水泥及其製品製造業,12,150838337
C.製造業,23 非金屬礦物製品製造業,234 石材製品製造業,12,5817519
C.製造業,23 非金屬礦物製品製造業,239 其他非金屬礦物製品製造業,12,31812036
C.製造業,24 基本金屬製造業,241 鋼鐵製造業,12,749409978
C.製造業,24 基本金屬製造業,242 鋁製造業,12,63379795
C.製造業,24 基本金屬製造業,243 銅製造業,12,121692335
C.製造業,24 基本金屬製造業,249 其他基本金屬製造業,12,25982651
C.製造業,25 金屬製品製造業,251 金屬刀具、手工具及模具製造業,12,79117027
C.製造業,25 金屬製品製造業,252 金屬結構及建築組件製造業,12,24101908
C.製造業,25 金屬製品製造業,253 金屬容器製造業,12,10286848
C.製造業,25 金屬製品製造業,254 金屬加工處理業,12,213685546
C.製造業,25 金屬製品製造業,259 其他金屬製品製造業,12,146258613
C.製造業,26 電子零組件製造業,261 半導體製造業,12,2326904118
C.製造業,26 電子零組件製造業,262 被動電子元件製造業,12,161673595
C.製造業,26 電子零組件製造業,263 印刷電路板製造業,12,269662725
C.製造業,26 電子零組件製造業,264 光電材料及元件製造業,12,529678724
C.製造業,26 電子零組件製造業,269 其他電子零組件製造業,12,288054072
C.製造業,27 電腦、電子產品及光學製品製造業,271 電腦及其週邊設備製造業,12,53478485
C.製造業,27 電腦、電子產品及光學製品製造業,272 通訊傳播設備製造業,12,32725864
C.製造業,27 電腦、電子產品及光學製品製造業,273 視聽電子產品製造業,12,7486969
C.製造業,27 電腦、電子產品及光學製品製造業,274 資料儲存媒體製造業,12,3818705
C.製造業,27 電腦、電子產品及光學製品製造業,275 量測、導航、控制設備及鐘錶製造業,12,11625298
C.製造業,27 電腦、電子產品及光學製品製造業,276 輻射及電子醫學設備製造業,12,1303355
C.製造業,27 電腦、電子產品及光學製品製造業,277 光學儀器及設備製造業,12,80434554
C.製造業,28 電力設備及配備製造業,281 發電、輸電及配電機械製造業,12,15355499
C.製造業,28 電力設備及配備製造業,282 電池製造業,12,22685168
C.製造業,28 電力設備及配備製造業,283 電線及配線器材製造業,12,29587501
C.製造業,28 電力設備及配備製造業,284 照明設備及配備製造業,12,4229266
C.製造業,28 電力設備及配備製造業,285 家用電器製造業,12,11412299
C.製造業,28 電力設備及配備製造業,289 其他電力設備及配備製造業,12,15832464
C.製造業,29 機械設備製造業,291 金屬加工用機械設備製造業,12,33677123
C.製造業,29 機械設備製造業,292 其他專用機械設備製造業,12,37668561
C.製造業,29 機械設備製造業,293 通用機械設備製造業,12,78942823
C.製造業,30 汽車及其零件製造業,301 汽車製造業,12,9440627
C.製造業,30 汽車及其零件製造業,302 車體製造業,12,1349301
C.製造業,30 汽車及其零件製造業,303 汽車零件製造業,12,94266583
C.製造業,31 其他運輸工具及其零件製造業,311 船舶及浮動設施製造業,12,9893867
C.製造業,31 其他運輸工具及其零件製造業,312 機車及其零件製造業,12,14527813
C.製造業,31 其他運輸工具及其零件製造業,313 自行車及其零件製造業,12,25372925
C.製造業,31 其他運輸工具及其零件製造業,319 未分類其他運輸工具及其零件製造業,12,20957818
C.製造業,32 家具製造業,321 非金屬家具製造業,12,5958280
C.製造業,32 家具製造業,322 金屬家具製造業,12,4573734
C.製造業,33 其他製造業,331 育樂用品製造業,12,21135873
C.製造業,33 其他製造業,332 醫療器材及用品製造業,12,26399565
C.製造業,33 其他製造業,339 未分類其他製造業,12,12318741
C.製造業,34 產業用機械設備維修及安裝業,,12,12607471
D.電力及燃氣供應業,35 電力及燃氣供應業,351 電力供應業,12,17712487
D.電力及燃氣供應業,35 電力及燃氣供應業,352 氣體燃料供應業,12,38834628
D.電力及燃氣供應業,35 電力及燃氣供應業,353 蒸汽供應業,12,475008
E.用水供應及污染整治業,36 用水供應業,,12,108345234
E.用水供應及污染整治業,37 廢水及污水處理業,,12,28005952
E.用水供應及污染整治業,38 廢棄物清除、處理及資源回收處理業,381 廢棄物清除業,12,3125194
E.用水供應及污染整治業,38 廢棄物清除、處理及資源回收處理業,382 廢棄物處理業,12,12045526
E.用水供應及污染整治業,38 廢棄物清除、處理及資源回收處理業,383 資源回收處理業,12,20138327
E.用水供應及污染整治業,39 污染整治業,,12,550758
F.營建工程業,41 建築工程業,,12,51751387
F.營建工程業,42 土木工程業,421 道路工程業,12,6425044
F.營建工程業,42 土木工程業,422 公用事業設施工程業,12,6333336
F.營建工程業,42 土木工程業,429 其他土木工程業,12,2733205
F.營建工程業,43 專門營造業,431 整地、基礎及結構工程業,12,522199
F.營建工程業,43 專門營造業,432 庭園景觀工程業,12,103206
F.營建工程業,43 專門營造業,433 機電、管道及其他建築設備安裝業,12,1130690
F.營建工程業,43 專門營造業,434 建物完工裝修工程業,12,330071
F.營建工程業,43 專門營造業,439 其他專門營造業,12,634911
G.批發及零售業,45 批發業,451 商品批發經紀業,12,1829028
G.批發及零售業,45 批發業,452 綜合商品批發業,12,3165842
G.批發及零售業,45 批發業,453 農產原料及活動物批發業,12,4951391
G.批發及零售業,45 批發業,454 食品、飲料及菸草製品批發業,12,26570817
G.批發及零售業,45 批發業,455 布疋及服飾品批發業,12,2305720
G.批發及零售業,45 批發業,456 家用器具及用品批發業,12,3667578
G.批發及零售業,45 批發業,457 藥品、醫療用品及化粧品批發業,12,3121823
G.批發及零售業,45 批發業,458 文教育樂用品批發業,12,1427545
G.批發及零售業,45 批發業,461 建材批發業,12,8481814
G.批發及零售業,45 批發業,462 化學原材料及其製品批發業,12,5237100
G.批發及零售業,45 批發業,463 燃料及相關產品批發業,12,1540353
G.批發及零售業,45 批發業,464 機械器具批發業,12,10790501
G.批發及零售業,45 批發業,465 汽機車及其零配件、用品批發業,12,3564569
G.批發及零售業,45 批發業,469 其他專賣批發業,12,4133095
G.批發及零售業,47 零售業,471 綜合商品零售業,12,295580746
G.批發及零售業,47 零售業,472 食品、飲料及菸草製品零售業,12,23348831
G.批發及零售業,47 零售業,473 布疋及服飾品零售業,12,7646648
G.批發及零售業,47 零售業,474 家用器具及用品零售業,12,5904476
G.批發及零售業,47 零售業,475 藥品、醫療用品及化粧品零售業,12,6015776
G.批發及零售業,47 零售業,476 文教育樂用品零售業,12,1946878
G.批發及零售業,47 零售業,481 建材零售業,12,414661
G.批發及零售業,47 零售業,482 燃料及相關產品零售業,12,19874604
G.批發及零售業,47 零售業,483 資訊及通訊設備零售業,12,6558138
G.批發及零售業,47 零售業,484 汽機車及其零配件、用品零售業,12,6915709
G.批發及零售業,47 零售業,485 其他專賣零售業,12,3200490
G.批發及零售業,47 零售業,486 零售攤販,12,598639
G.批發及零售業,47 零售業,487 其他非店面零售業,12,1726299
H.運輸及倉儲業,49 陸上運輸業,491 鐵路運輸業,12,120407501
H.運輸及倉儲業,49 陸上運輸業,492 大眾捷運系統運輸業,12,85531772
H.運輸及倉儲業,49 陸上運輸業,493 汽車客運業,12,6899902
H.運輸及倉儲業,49 陸上運輸業,494 汽車貨運業,12,3877671
H.運輸及倉儲業,49 陸上運輸業,499 其他陸上運輸業,12,86595
H.運輸及倉儲業,50 水上運輸業,501 海洋水運業,12,1354134
H.運輸及倉儲業,50 水上運輸業,502 內河及湖泊水運業,12,0
H.運輸及倉儲業,51 航空運輸業,,12,3819581
H.運輸及倉儲業,52 運輸輔助業,521 報關業,12,98663
H.運輸及倉儲業,52 運輸輔助業,522 船務代理業,12,730320
H.運輸及倉儲業,52 運輸輔助業,523 貨運承攬業,12,1952003
H.運輸及倉儲業,52 運輸輔助業,524 陸上運輸輔助業,12,17705480
H.運輸及倉儲業,52 運輸輔助業,525 水上運輸輔助業,12,20627384
H.運輸及倉儲業,52 運輸輔助業,526 航空運輸輔助業,12,25299807
H.運輸及倉儲業,52 運輸輔助業,529 其他運輸輔助業,12,9319792
H.運輸及倉儲業,53 倉儲業,,12,72583580
H.運輸及倉儲業,54 郵政及快遞業,541 郵政業,12,3310092
H.運輸及倉儲業,54 郵政及快遞業,542 快遞業,12,3277938
I.住宿及餐飲業,55 住宿業,551 短期住宿業,12,160591063
I.住宿及餐飲業,55 住宿業,559 其他住宿業,12,422532
I.住宿及餐飲業,56 餐飲業,561 餐食業,12,85726926
I.住宿及餐飲業,56 餐飲業,562 外燴及團膳承包業,12,3578674
I.住宿及餐飲業,56 餐飲業,563 飲料業,12,4801559
J.出版、影音製作、傳播及資通訊服務業,58 出版業,581 新聞、雜誌、期刊、書籍及其他出版業,12,2934050
J.出版、影音製作、傳播及資通訊服務業,58 出版業,582 軟體出版業,12,242440
J.出版、影音製作、傳播及資通訊服務業,59 影片及電視節目業；聲音錄製及音樂發行業,591 影片及電視節目業,12,8458327
J.出版、影音製作、傳播及資通訊服務業,59 影片及電視節目業；聲音錄製及音樂發行業,592 聲音錄製及音樂發行業,12,103069
J.出版、影音製作、傳播及資通訊服務業,60 廣播、電視節目編排及傳播業,601 廣播業,12,3000742
J.出版、影音製作、傳播及資通訊服務業,60 廣播、電視節目編排及傳播業,602 電視節目編排及傳播業,12,6794494
J.出版、影音製作、傳播及資通訊服務業,61 電信業,,12,88150559
J.出版、影音製作、傳播及資通訊服務業,62 電腦程式設計、諮詢及相關服務業,,12,5824469
J.出版、影音製作、傳播及資通訊服務業,63 資訊服務業,631 入口網站經營、資料處理、主機及網站代管服務業,12,133366205
J.出版、影音製作、傳播及資通訊服務業,63 資訊服務業,639 其他資訊服務業,12,3123427
K.金融及保險業,64 金融服務業,641 貨幣中介業,12,34570143
K.金融及保險業,64 金融服務業,642 控股業,12,180707
K.金融及保險業,64 金融服務業,643 信託、基金及類似金融實體,12,110139
K.金融及保險業,64 金融服務業,649 其他金融服務業,12,1309292
K.金融及保險業,65 保險業,651 人身保險業,12,22814389
K.金融及保險業,65 保險業,652 財產保險業,12,1435662
K.金融及保險業,65 保險業,653 再保險業,12,0
K.金融及保險業,65 保險業,654 退休基金,12,0
K.金融及保險業,65 保險業,655 保險輔助業,12,252890
K.金融及保險業,66 證券期貨及金融輔助業,661 證券業,12,-2814026
K.金融及保險業,66 證券期貨及金融輔助業,662 期貨業,12,110409
K.金融及保險業,66 證券期貨及金融輔助業,664 基金管理業,12,68343
K.金融及保險業,66 證券期貨及金融輔助業,669 其他金融輔助業,12,852149
L.不動產業,67 不動產開發業,,12,14896651
L.不動產業,68 不動產經營及相關服務業,681 不動產經營業,12,30442442
L.不動產業,68 不動產經營及相關服務業,689 其他不動產業,12,672049
M.專業、科學及技術服務業,69 法律及會計服務業,691 法律服務業,12,1028610
M.專業、科學及技術服務業,69 法律及會計服務業,692 會計服務業,12,87732
M.專業、科學及技術服務業,70 企業總管理機構及管理顧問業,701 企業總管理機構,12,4500464
M.專業、科學及技術服務業,70 企業總管理機構及管理顧問業,702 管理顧問業,12,1762641
M.專業、科學及技術服務業,71 建築、工程服務及技術檢測、分析服務業,711 建築、工程服務及相關技術顧問業,12,1641232
M.專業、科學及技術服務業,71 建築、工程服務及技術檢測、分析服務業,712 技術檢測及分析服務業,12,6792545
M.專業、科學及技術服務業,72 研究發展服務業,721 自然及工程科學研究發展服務業,12,19961930
M.專業、科學及技術服務業,72 研究發展服務業,722 社會及人文科學研究發展服務業,12,45080
M.專業、科學及技術服務業,72 研究發展服務業,723 綜合研究發展服務業,12,16293240
M.專業、科學及技術服務業,73 廣告業及市場研究業,731 廣告業,12,665188
M.專業、科學及技術服務業,73 廣告業及市場研究業,732 市場研究及民意調查業,12,36120
M.專業、科學及技術服務業,74 專門設計業,,12,610278
M.專業、科學及技術服務業,75 獸醫業,,12,210536
M.專業、科學及技術服務業,76 其他專業、科學及技術服務業,,12,3171420
N.支援服務業,77 租賃業,771 機械設備租賃業,12,638222
N.支援服務業,77 租賃業,772 運輸工具租賃業,12,110268
N.支援服務業,77 租賃業,773 個人及家庭用品租賃業,12,380574
N.支援服務業,77 租賃業,774 智慧財產租賃業,12,21945
N.支援服務業,78 人力仲介及供應業,781 人力仲介業,12,806247
N.支援服務業,78 人力仲介及供應業,782 人力供應業,12,809114
N.支援服務業,79 旅行及相關服務業,,12,632807
N.支援服務業,80 保全及偵探業,,12,789333
N.支援服務業,81 建築物及綠化服務業,811 複合支援服務業,12,46656
N.支援服務業,81 建築物及綠化服務業,812 清潔服務業,12,13417242
N.支援服務業,81 建築物及綠化服務業,813 綠化服務業,12,77538
N.支援服務業,82 行政支援服務業,,12,5079560
O.公共行政及國防；強制性社會安全,83 公共行政及國防；強制性社會安全,,12,210164776
O.公共行政及國防；強制性社會安全,84 國際組織及外國機構,,12,522391
P.教育業,85 教育業,851 學前教育,12,2959799
P.教育業,85 教育業,852 小學教育,12,27197597
P.教育業,85 教育業,853 國民中學教育,12,25592364
P.教育業,85 教育業,854 高級中等教育,12,24801046
P.教育業,85 教育業,855 大專校院,12,152212442
P.教育業,85 教育業,856 特殊教育學校,12,170968
P.教育業,85 教育業,858 教育輔助業,12,133247
P.教育業,85 教育業,859 其他教育業,12,4430794
Q.醫療保健及社會工作服務業,86 醫療保健業,861 醫院,12,215492686
Q.醫療保健及社會工作服務業,86 醫療保健業,862 診所,12,7240129
Q.醫療保健及社會工作服務業,86 醫療保健業,869 其他醫療保健業,12,2662099
Q.醫療保健及社會工作服務業,87 居住型照顧服務業,,12,19403771
Q.醫療保健及社會工作服務業,88 其他社會工作服務業,,12,4575406
R.藝術、娛樂及休閒服務業,90 創作及藝術表演業,901 創作業,12,340504
R.藝術、娛樂及休閒服務業,90 創作及藝術表演業,902 藝術表演業,12,799583
R.藝術、娛樂及休閒服務業,90 創作及藝術表演業,903 創作及藝術表演輔助業,12,6551380
R.藝術、娛樂及休閒服務業,91 圖書館、檔案保存、博物館及類似機構,,12,13502136
R.藝術、娛樂及休閒服務業,92 博弈業,,12,251568
R.藝術、娛樂及休閒服務業,93 運動、娛樂及休閒服務業,931 運動服務業,12,35207302
R.藝術、娛樂及休閒服務業,93 運動、娛樂及休閒服務業,932 娛樂及休閒服務業,12,26900132
S.其他服務業,94 宗教、職業及類似組織,941 宗教組織,12,9927479
S.其他服務業,94 宗教、職業及類似組織,942 職業團體,12,734788
S.其他服務業,94 宗教、職業及類似組織,949 其他組織,12,22034768
S.其他服務業,95 個人及家庭用品維修業,951 汽車維修及美容業,12,4875852
S.其他服務業,95 個人及家庭用品維修業,952 電腦、通訊傳播設備及電子產品維修業,12,339516
S.其他服務業,95 個人及家庭用品維修業,959 其他個人及家庭用品維修業,12,109136
S.其他服務業,96 未分類其他服務業,961 洗衣業,12,4490315
S.其他服務業,96 未分類其他服務業,962 美髮及美容美體業,12,4176103
S.其他服務業,96 未分類其他服務業,963 殯葬及相關服務業,12,5192022
S.其他服務業,96 未分類其他服務業,964 家事服務業,12,77520
S.其他服務業,96 未分類其他服務業,969 其他個人服務業,12,2102905
T.家庭(住宅用),97 住宅與公共設施,,12,207045264
U.其他不能歸類,98 其他不能歸類,,12,133685140
