Date,Price,Returns,Returns_forward,Market_Cap,Energy_TWh_Annual,electricity_price,daily_cost_usd,cumulative_cost,CEIR,CEIR_stable,log_CEIR,fear_greed_index,post_china_ban,in_analysis_period
2019-01-01,3674.0,-0.0375875247872292,-0.06617310832879697,64795731565.58009,38.0384708851242,0.076234375,7944764.531186684,3299711025.4837084,19.636789726482675,19.636789726482675,2.9774048336842136,24.0,0,1
2019-01-02,3716.98,0.01169842133914,-0.0809286033285086,65559672493.712685,38.2700143326839,0.076234375,7993124.996967669,3307704150.480676,19.82029513860408,19.82029513860408,2.986706419739716,30.0,0,1
2019-01-03,3883.26,0.0447352420513427,-0.11194975355757786,68498695950.63892,38.0787084635821,0.076234375,7953168.604187374,3315657319.084864,20.65916026857229,20.65916026857229,3.028158817588214,33.0,0,1
2019-01-04,3794.5,-0.022857083996436,-0.09599683752800114,66939066655.61182,37.9036446925243,0.076234375,7916604.557141526,3323573923.642005,20.14068836545069,20.14068836545069,3.0027420657257253,48.0,0,1
2019-01-05,3831.29,0.0096956120701015,-0.10810980113747581,67594188800.43959,39.2051395111945,0.076234375,8188436.458695118,3331762360.1007,20.28781812589917,20.28781812589917,3.010020613600042,36.0,0,1
2019-01-06,3836.37,0.0013259241665339,-0.10927517418809962,67689925686.55205,38.4392675498797,0.076234375,8028475.444172218,3339790835.5448723,20.267714063449347,20.267714063449347,3.0090291797309106,31.0,0,1
2019-01-07,4063.08,0.0590949256719242,-0.15876625614066175,71696527054.6631,38.2141106718409,0.076234375,7981448.885612659,3347772284.430485,21.416189920713183,21.416189920713183,3.064147174348004,39.0,0,1
2019-01-08,4001.0,-0.0152790493911022,-0.1588927768057986,70607440634.91316,38.7704590896011,0.076234375,8097648.540161119,3355869932.970646,21.0399812999936,21.0399812999936,3.04642449908554,39.0,0,1
2019-01-09,3999.88,-0.0002799300174955,-0.16041231236937115,70594039047.18903,39.2419425844304,0.076234375,8196123.196465577,3364066056.1671114,20.98473628892448,20.98473628892448,3.043795330060154,42.0,0,1
2019-01-10,4003.73,0.0009625288758663,-0.09892275453139943,70668354505.01,39.2782108252528,0.076234375,8203698.228442141,3372269754.3955536,20.955724082540545,20.955724082540545,3.042411834945672,37.0,0,1
2019-01-11,3630.32,-0.0932655298933744,-0.0025534939068732054,64083203103.07909,39.2419431038392,0.076234375,8196123.304949975,3380465877.700504,18.95691464475614,18.95691464475614,2.942168753878006,19.0,0,1
2019-01-12,3644.82,0.0039941382577843,-0.010565679512294257,64344950701.51246,38.3352438355942,0.076234375,8006748.915833224,3388472626.6163363,18.98936712549633,18.98936712549633,2.943879197544062,22.0,0,1
2019-01-13,3626.84,-0.0049330282428212,-0.009639245183134637,64033294369.06399,38.1901724305311,0.076234375,7976449.113380188,3396449075.7297163,18.8530117606155,18.8530117606155,2.9366726762303035,21.0,0,1
2019-01-14,3517.31,-0.030199843389838,0.01606341209617579,62105081458.87605,38.7235772487878,0.076234375,8087856.737878239,3404536932.4675946,18.241858640629445,18.241858640629445,2.903718878612135,16.0,0,1
2019-01-15,3662.42,0.0412559598101958,-0.0249889417379765,64673096310.10017,37.6077920344756,0.076234375,7854812.385967742,3412391744.8535624,18.952424324562863,18.952424324562863,2.941931856040356,27.0,0,1
2019-01-16,3568.34,-0.0256879331152625,-0.0001765526827600672,63017436308.31797,36.7113282365947,0.076234375,7667575.790511367,3420059320.644073,18.42583136729055,18.42583136729055,2.913753558755713,24.0,0,1
2019-01-17,3597.92,0.0082895688191146,-0.009444345621914874,63545526050.46907,35.8771213002441,0.076234375,7493342.244173414,3427552662.888247,18.539620627425187,18.539620627425187,2.919910097545676,28.0,0,1
2019-01-18,3625.31,0.0076127318005958,-0.008167577393381587,64035024148.44981,35.7508498977097,0.076234375,7466969.034714282,3435019631.922961,18.641821884610977,18.641821884610977,2.925407545071862,29.0,0,1
2019-01-19,3612.52,-0.0035279741594511,-0.01051343660381121,63814830311.92868,35.7973530894874,0.076234375,7476681.751866825,3442496313.674828,18.537370703472742,18.537370703472742,2.9197887325764893,31.0,0,1
2019-01-20,3701.72,0.0246919048199041,0.07028624531298977,65396398560.12928,36.6595780691457,0.076234375,7656767.183191859,3450153080.85802,18.954636802337426,18.954636802337426,2.9420485877368425,35.0,0,1
2019-01-21,3518.44,-0.0495121186907706,0.1325189572651515,62164050133.89155,36.5833485540794,0.076234375,7640845.787472319,3457793926.645492,17.977951101961338,17.977951101961338,2.889146068265505,30.0,0,1
2019-01-22,3521.12,0.0007617012084901,0.11146737401735818,62216967983.47236,36.3980111921401,0.076234375,7602135.984865221,3465396062.6303573,17.953782730464436,17.953782730464436,2.887800829805577,27.0,0,1
2019-01-23,3571.11,0.0141971872585995,0.09197420409900547,63105917708.23514,36.7689284103163,0.076234375,7679606.23775399,3473075668.868111,18.17003823841293,18.17003823841293,2.8997739868864887,33.0,0,1
2019-01-24,3543.38,-0.007765092646264,0.1117097234843567,62621491708.44036,37.961967419847,0.076234375,7928785.917869586,3481004454.7859807,17.989489103452026,17.989489103452026,2.889787648640453,37.0,0,1
2019-01-25,3570.91,0.0077694179004226,0.17013870413984122,63113662355.74751,37.8458612515778,0.076234375,7904535.832467813,3488908990.6184487,18.08979899603512,18.08979899603512,2.895348188015186,35.0,0,1
2019-01-26,3556.64,-0.0039961802453716,0.0858281973997932,62867061697.96252,38.36533704664,0.076234375,8013034.2230546465,3496922024.841503,17.977827715735796,17.977827715735796,2.8891392050446485,41.0,0,1
2019-01-27,3555.3,-0.000376760088173,0.07037943352178422,62848984033.89085,37.6225426385014,0.076234375,7857893.216320562,3504779918.057824,17.93236251727859,17.93236251727859,2.88660704231005,39.0,0,1
2019-01-28,3548.6,-0.0018845104491885,0.06794792312461251,62736139377.50782,37.3913350398156,0.076234375,7809602.896372444,3512589520.954196,17.860367402242186,17.860367402242186,2.882584146470933,35.0,0,1
2019-01-29,3415.46,-0.0375190215859775,0.09761496255262836,60387723249.732735,37.9216827698788,0.076234375,7920372.013451997,3520509892.967648,17.153118464560915,17.153118464560915,2.8421799917503043,21.0,0,1
2019-01-30,3401.24,-0.0041634216181715,0.11797756112476643,60141661184.09205,37.4907733028223,0.076234375,7830371.701389981,3528340264.669038,17.04531215039528,17.04531215039528,2.8358752187337246,22.0,0,1
2019-01-31,3430.88,0.0087144688407758,0.11550972345287502,60671165426.45116,37.1629691583536,0.076234375,7761906.101181815,3536102170.77022,17.157639258267245,17.157639258267245,2.8424435122338223,17.0,0,1
2019-02-01,3416.17,-0.0042875297299818,0.11500891349083919,60416411898.99104,37.6388663324747,0.076234375,7861302.604286988,3543963473.374507,17.047695991478005,17.047695991478005,2.8360150621336784,23.0,0,1
2019-02-02,3448.53,0.0094725965042723,0.09966855442753864,60994136437.64709,37.172779942858,0.076234375,7763955.194400864,3551727428.568908,17.173090464946903,17.173090464946903,2.8433436508471,22.0,0,1
2019-02-03,3430.24,-0.0053037091166382,0.07854843975931725,60676034197.64011,36.9768064879535,0.076234375,7723023.923575562,3559450452.492483,17.046461246609596,17.046461246609596,2.83594263066923,19.0,0,1
2019-02-04,3417.09,-0.0038335510051773,0.12143373455191409,60448799219.83544,36.8482790527423,0.076234375,7696179.5161956195,3567146632.008679,16.94598104754567,16.94598104754567,2.8300306993728186,27.0,0,1
2019-02-05,3417.15,1.755880003151411e-05,0.12536177808992877,60455227868.376656,36.5307296102747,0.076234375,7629855.726392562,3574776487.735072,16.91161057923379,16.91161057923379,2.828000402563919,21.0,0,1
2019-02-06,3418.0,0.0002487452994455,0.13217963721474546,60475631849.74514,37.1631701353581,0.076234375,7761948.07750052,3582538435.812572,16.880665185669777,16.880665185669777,2.826168895125378,14.0,0,1
2019-02-07,3365.27,-0.0154271503803393,0.1675437632047354,59547945920.81049,37.4411926376323,0.076234375,7820016.219135615,3590358452.031708,16.585515545700897,16.585515545700897,2.8085297569747274,18.0,0,1
2019-02-08,3358.25,-0.0020860139008163,0.15835628675649516,59428995299.39942,37.4296524762585,0.076234375,7817605.9260130655,3598176057.9577208,16.51642230456354,16.51642230456354,2.804355177118333,37.0,0,1
2019-02-09,3607.67,0.0742708255787985,0.10514542627235857,63848491580.86626,37.4686193899044,0.076234375,7825744.606307514,3606001802.564028,17.706172951845762,17.706172951845762,2.8739133331206923,42.0,0,1
2019-02-10,3621.05,0.003708764936926,0.08871736098645422,64090964646.92371,37.4501596562585,0.076234375,7821889.082315291,3613823691.646344,17.734945065271265,17.734945065271265,2.87553699068886,40.0,0,1
2019-02-11,3606.31,-0.0040706424931995,0.07151076862499339,63835721483.48844,37.4224123297636,0.076234375,7816093.739594033,3621639785.3859377,17.62619290330273,17.62619290330273,2.8693860288648705,46.0,0,1
2019-02-12,3591.88,-0.0040013199087155,0.1005657204583672,63585917310.87918,37.1117571443353,0.076234375,7751209.893288181,3629390995.279226,17.519720910088175,17.519720910088175,2.863327155591877,38.0,0,1
2019-02-13,3573.81,-0.0050307916745548,0.07808193496576488,63271621835.18044,37.1420213294921,0.076234375,7757530.910384929,3637148526.189611,17.39594118293149,17.39594118293149,2.8562369136611254,48.0,0,1
2019-02-14,3570.9,-0.0008142570533967,0.09191240303564929,63225687293.69356,36.3858966844547,0.076234375,7599605.733024591,3644748131.922636,17.34706624579336,17.34706624579336,2.853423399633648,48.0,0,1
2019-02-15,3567.71,-0.0008933322131675,0.11511305571360908,63174782936.42287,35.4896095540623,0.076234375,7412406.036569776,3652160537.959205,17.29792058147706,17.29792058147706,2.8505862966769406,43.0,0,1
2019-02-16,3563.94,-0.001056700236286,0.14294853448711264,63113594777.01296,35.707987400953,0.076234375,7458016.717861716,3659618554.677067,17.24594895179786,17.24594895179786,2.8475772725233086,43.0,0,1
2019-02-17,3595.7,0.0089114856030123,0.10441916733876577,63681646275.67814,36.7102062507768,0.076234375,7667341.451093323,3667285896.12816,17.364789132723963,17.364789132723963,2.8544445428872924,38.0,0,1
2019-02-18,3574.54,-0.0058848068526294,0.11549458112092759,63312471998.80284,37.2548363937412,0.076234375,7781093.611518121,3675066989.739678,17.22756950432829,17.22756950432829,2.8465109787399,63.0,0,1
2019-02-19,3961.9,0.1083663911999865,0.012658068098639674,70179597758.78793,38.2895910404225,0.076234375,7997213.81362249,3683064203.553301,19.05467672572228,19.05467672572228,2.947312568856394,65.0,0,1
2019-02-20,3984.7,0.0057548146091521,-0.0027128767535824494,70589682608.66496,37.4396136938457,0.076234375,7819686.438881557,3690883889.992182,19.125414050566214,19.125414050566214,2.9510180291810566,59.0,0,1
2019-02-21,3913.61,-0.0178407408336888,0.017017536238919995,69336410887.52312,36.6265919054063,0.076234375,7649877.65010605,3698533767.642288,18.74699955266953,18.74699955266953,2.931033715753612,59.0,0,1
2019-02-22,3899.56,-0.0035900357981506,0.018273856537660782,69093566416.50377,37.9200349684668,0.076234375,7920027.851504688,3706453795.493793,18.641421215207345,18.641421215207345,2.9253860518019463,61.0,0,1
2019-02-23,3939.21,0.0101678138046343,0.008656558040825324,69802231525.43886,37.8424581730535,0.076234375,7903825.061058562,3714357620.554851,18.79254467560175,18.79254467560175,2.933460231376851,63.0,0,1
2019-02-24,4178.46,0.0607355281896624,-0.06885790458685737,74048211016.11429,37.0318922391744,0.076234375,7734529.205262495,3722092149.7601137,19.894244429409586,19.894244429409586,2.990430465244146,69.0,0,1
2019-02-25,3861.9,-0.0757599689837882,0.01370827830860466,68444329334.06945,36.5974291968893,0.076234375,7643786.688853718,3729735936.448968,18.350985297697616,18.350985297697616,2.9096832677564883,47.0,0,1
2019-02-26,3805.52,-0.0145990315647738,0.05194033929660069,67451026369.75781,36.7923433972698,0.076234375,7684496.722400658,3737420433.171368,18.04748156538616,18.04748156538616,2.8930061495809363,40.0,0,1
2019-02-27,3789.72,-0.0041518636086527,0.07920901808049141,67176869500.8322,37.2077321125148,0.076234375,7771255.350041083,3745191688.521409,17.93683076535755,17.93683076535755,2.886856183575473,39.0,0,1
2019-02-28,3748.86,-0.0107817991830529,0.08672236359853391,66458406300.55253,38.3627976317988,0.076234375,8012503.837566195,3753204192.358976,17.707111815512995,17.707111815512995,2.873966356367399,39.0,0,1
2019-03-01,3802.51,0.0143110172159002,0.07264938159268475,67415398562.12422,38.3729978171803,0.076234375,8014634.261559188,3761218826.6205344,17.92381716399552,17.92381716399552,2.8861303962467595,42.0,0,1
2019-03-02,3827.18,0.0064878198873901,0.06809974968514676,67858717879.89159,37.9747976309471,0.076234375,7931465.652456801,3769150292.272991,18.00371771298334,18.00371771298334,2.8905782761799816,41.0,0,1
2019-03-03,3809.06,-0.0047345565141958,0.08323050831438739,67543346368.80683,38.314134329138,0.076234375,8002339.956843505,3777152632.2298346,17.882080218964504,17.882080218964504,2.88379910632054,44.0,0,1
2019-03-04,3792.24,-0.004415787622143,0.26598263822964796,67250969832.988,38.0920237225918,0.076234375,7955949.646512216,3785108581.8763466,17.76724983663493,17.76724983663493,2.877356865790605,36.0,0,1
2019-03-05,3699.68,-0.0244077379068835,0.4320562859490551,65615260071.28154,37.6478020189172,0.076234375,7863168.923386002,3792971750.7997327,17.29916919561735,17.29916919561735,2.8506584769758545,35.0,0,1
2019-03-06,3832.04,0.0357760671193183,0.26564440872224715,67968652635.20376,37.1665614719997,0.076234375,7762656.396484869,3800734407.1962175,17.883031370598687,17.883031370598687,2.883852295117786,42.0,0,1
2019-03-07,3845.53,0.0035203181595182,0.29952698327668736,68213878604.58148,36.8704136695499,0.076234375,7700802.581067377,3808435209.777285,17.91126140979318,17.91126140979318,2.885429644066725,56.0,0,1
2019-03-08,3869.79,0.0063086232586924,0.31235286669302464,68650203675.22518,36.2781175740682,0.076234375,7577094.847768781,3816012304.625054,17.99003729417232,17.99003729417232,2.8898181210104497,54.0,0,1
2019-03-09,3929.1,0.0153264130611738,0.3045048484385737,69708443373.35765,36.5002286711966,0.076234375,7623485.260563707,3823635789.8856177,18.230931815669333,18.230931815669333,2.9031197017929053,55.0,0,1
2019-03-10,3890.05,-0.0099386627980961,0.3498464030025321,69021649714.22205,36.129431426241,0.076234375,7546040.06543792,3831181829.951056,18.015759308167272,18.015759308167272,2.8912468919750114,55.0,0,1
2019-03-11,3987.0,0.0249225588360046,0.30925758715826435,70748007878.89342,36.3119657844657,0.076234375,7584164.429041444,3838765994.380097,18.42988293177224,18.42988293177224,2.9139734196144733,56.0,0,1
2019-03-12,3942.3,-0.011211437170805,0.343598914339345,69960911095.62033,36.0872791307168,0.076234375,7537236.082139011,3846303230.462236,18.189130420487587,18.189130420487587,2.900824186026548,56.0,0,1
2019-03-13,3864.2,-0.0198107703624788,0.30816727912633946,68580898132.00115,36.3439767644739,0.076234375,7590850.283984081,3853894080.74622,17.795221325522782,17.795221325522782,2.8789299563966275,54.0,0,1
2019-03-14,3953.1,0.0230060555871849,0.27568743517745564,70164775038.02249,36.8224254080148,0.076234375,7690779.69031268,3861584860.436533,18.1699425427338,18.1699425427338,2.899768720198005,55.0,0,1
2019-03-15,3852.86,-0.0253573145126608,0.329869239993148,68391528195.54628,37.0787987669289,0.076234375,7744326.163692041,3869329186.600225,17.675293286596354,17.675293286596354,2.872167804946036,55.0,0,1
2019-03-16,3899.11,0.0120040697040639,0.3108119545229553,69218516784.06558,38.0013248829737,0.076234375,7937006.168836844,3877266192.769062,17.85240252865671,17.85240252865671,2.882138094611447,54.0,0,1
2019-03-17,3978.4,0.020335409875587,0.262002312487432,70632234954.5965,38.3694926072654,0.076234375,8013902.158854788,3885280094.927917,18.17944478360882,18.17944478360882,2.9002915483274685,58.0,0,1
2019-03-18,4073.4,0.0238789463100743,0.27289242401924674,72325132990.59506,39.1826265146892,0.076234375,8183734.364947285,3893463829.292864,18.576038242977805,18.576038242977805,2.9218724836839187,56.0,0,1
2019-03-19,3971.16,-0.0250994255413169,0.315484644285297,70515927996.0952,40.4486578323044,0.076234375,8448159.313519398,3901911988.606384,18.07214724524856,18.07214724524856,2.8943719268332933,56.0,0,1
2019-03-20,3987.38,0.0040844488763989,0.33132533142063214,70810083054.90001,41.5207951098885,0.076234375,8672087.300562756,3910584075.906946,18.107290798620067,18.107290798620067,2.896314663720594,55.0,0,1
2019-03-21,4012.05,0.0061870200482523,0.31324883787589863,71254357850.07631,41.1746018755975,0.076234375,8599780.931123296,3919183856.83807,18.180917367720305,18.180917367720305,2.9003725477469,62.0,0,1
2019-03-22,3973.89,-0.0095113470669608,0.337983688526859,70582742715.23221,41.5807306272216,0.076234375,8684605.510711223,3927868462.348781,17.969731774832713,17.969731774832713,2.8886887744087617,56.0,0,1
2019-03-23,3980.21,0.0015903812133704,0.32241766137967587,70701112788.8535,41.0139027219696,0.076234375,8566217.096767535,3936434679.445549,17.960697571847383,17.960697571847383,2.888185902423095,50.0,0,1
2019-03-24,3970.82,-0.0023591720034872,0.35207841201565415,70540415982.68448,41.5535928983078,0.076234375,8678937.489334064,3945113616.934882,17.880452334726463,17.880452334726463,2.8837080677881475,44.0,0,1
2019-03-25,3973.31,0.0006270745085397,0.4014260150856592,70590750287.6126,41.3489277333837,0.076234375,8636190.85664294,3953749807.791525,17.854126770617025,17.854126770617025,2.882234673136187,46.0,0,1
2019-03-26,3890.74,-0.0207811623054833,0.39690650107691594,69129763052.7809,40.0998004947506,0.076234375,8375296.516005487,3962125104.307531,17.44764772258822,17.44764772258822,2.859204838564155,43.0,0,1
2019-03-27,3914.84,0.0061941944205987,0.40284149543787207,69563970981.75386,39.9347471848567,0.076234375,8340823.266905642,3970465927.5744367,17.520354600864334,17.520354600864334,2.8633633250787853,44.0,0,1
2019-03-28,4003.18,0.0225654177437646,0.28562792579899,71139848368.8135,40.3291794120366,0.076234375,8423204.895176651,3978889132.4696136,17.879324102870513,17.879324102870513,2.88364496717798,49.0,0,1
2019-03-29,4089.9,0.0216627780914173,0.27191373872221813,72687202415.34247,40.0849023920824,0.076234375,8372184.878894264,3987261317.348508,18.22985669363622,18.22985669363622,2.903060727641364,50.0,0,1
2019-03-30,4073.97,-0.0038949607569868,0.26649680778208973,72410328538.84843,40.1266832333849,0.076234375,8380911.279781032,3995642228.6282887,18.122325372386264,18.122325372386264,2.897144624190408,57.0,0,1
2019-03-31,4078.76,0.0011757573079822,0.2566932106816777,72501709808.28111,39.6909538273562,0.076234375,8289904.26899276,4003932132.8972816,18.10762705306352,18.10762705306352,2.896333233661569,56.0,0,1
2019-04-01,4087.81,0.0022188115996037,0.28472213728133156,72668832624.6182,39.2057646365213,0.076234375,8188567.023184393,4012120699.920466,18.11232464318901,18.11232464318901,2.896592626064476,62.0,0,1
2019-04-02,4126.09,0.0093644274073403,0.2868114849651848,73355645394.1636,40.1054651612831,0.076234375,8376479.64562929,4020497179.566096,18.245416454210865,18.245416454210865,2.90391389529033,60.0,0,1
2019-04-03,4800.91,0.1635495105535749,0.12561368573874554,85360264693.82875,39.8179002559572,0.076234375,8316418.465274622,4028813598.03137,21.18744454584322,21.18744454584322,3.0534087678319093,71.0,0,1
2019-04-04,5298.15,0.1035720311357637,0.07325198418315826,94209296398.4332,39.5700915363114,0.076234375,8264660.8135986,4037078258.844969,23.3360094499102,23.3360094499102,3.14999763751521,61.0,0,1
2019-04-05,4850.0,-0.0845861291205419,0.17345360824742273,86247904099.14175,39.9943793841664,0.076234375,8353278.125657013,4045431536.970626,21.319827887565115,21.319827887565115,3.059637526449164,59.0,0,1
2019-04-06,4997.37,0.0303855670103092,0.14300121864100523,88876224435.26793,39.9849959836117,0.076234375,8351318.2964058835,4053782855.267032,21.924268666683048,21.924268666683048,3.087594181564316,65.0,0,1
2019-04-07,5078.53,0.0162405425253682,0.12094247744918318,90327371622.22444,40.0660327620611,0.076234375,8368243.743411646,4062151099.010443,22.23633966846496,22.23633966846496,3.101727872584597,69.0,0,1
2019-04-08,5125.53,0.0092546465217298,0.1392480387394084,91171136606.06392,40.5531256050304,0.076234375,8469978.588482162,4070621077.5989256,22.397352853054464,22.397352853054464,3.108942775674711,65.0,0,1
2019-04-09,5250.97,0.0244735666360358,0.12334292521191315,93410424092.99886,39.7447294093564,0.076234375,8301135.907031244,4078922213.5059566,22.900761329476243,22.900761329476243,3.1311701558362204,64.0,0,1
2019-04-10,5220.01,-0.0058960534910692,0.1650935534606255,92867624864.15137,40.1838806889603,0.076234375,8392857.614787556,4087315071.120744,22.72093617649275,22.72093617649275,3.1232867979553154,62.0,0,1
2019-04-11,5296.87,0.0147241097239276,0.18769386448978365,94243084870.84695,41.2785624508546,0.076234375,8621494.272162652,4095936565.392906,23.008921980657338,23.008921980657338,3.135882052913156,65.0,0,1
2019-04-12,5055.02,-0.0456590401501263,0.379618676088324,89947731002.63579,41.5768980870934,0.076234375,8683805.041392496,4104620370.434299,21.913775912269973,21.913775912269973,3.087115476151506,42.0,0,1
2019-04-13,5042.92,-0.0023936601635602,0.4023442767285619,89740099568.02052,41.9322307158294,0.076234375,8758020.27664947,4113378390.710949,21.8166409807268,21.8166409807268,3.0826730263331017,62.0,0,1
2019-04-14,5123.8,0.0160383270010231,0.5344061048440609,91187172856.30054,41.6336189504692,0.076234375,8695651.834731987,4122074042.545681,22.12167271017428,22.12167271017428,3.096557793604064,51.0,0,1
2019-04-15,5111.0,-0.0024981459073344,0.5105165329681081,90967143065.2899,42.0546386182781,0.076234375,8783586.55045286,4130857629.096133,22.0213697089324,22.0213697089324,3.092013332308803,60.0,0,1
2019-04-16,5020.75,-0.0176579925650557,0.626213215157098,89368474193.1584,42.9408215809499,0.076234375,8968675.877288293,4139826304.9734216,21.58749367957653,21.58749367957653,3.0721141506911227,50.0,0,1
2019-04-17,5185.0,0.0327142359209282,0.4813365477338476,92299969620.02975,42.8691107656134,0.076234375,8953698.263074817,4148780003.236496,22.24749674555552,22.24749674555552,3.102229496465265,61.0,0,1
2019-04-18,5224.0,0.0075216972034715,0.3574846860643186,93002151583.34712,42.6977762779298,0.076234375,8917913.119007682,4157697916.355504,22.368664932941936,22.368664932941936,3.107661092583004,64.0,0,1
2019-04-19,5308.5,0.0161753445635528,0.3729396251295092,94514547409.55692,42.7411238747809,0.076234375,8926966.75449726,4166624883.110001,22.68371885184215,22.68371885184215,3.121647435957629,61.0,0,1
2019-04-20,5268.82,-0.0074748045587266,0.5142005230772735,93816059623.5847,42.5677318505682,0.076234375,8890751.87067304,4175515634.980674,22.46813754872192,22.46813754872192,3.1120981966347974,62.0,0,1
2019-04-21,5317.0,0.0091443624948281,0.4984013541470753,94682006901.52078,44.2615180963357,0.076234375,9244518.270206416,4184760153.2508807,22.625432147638904,22.625432147638904,3.119074589851707,62.0,0,1
2019-04-22,5263.5,-0.0100620650742899,0.5370475919065261,93737284729.22958,43.7483530196766,0.076234375,9137337.94447783,4193897491.195359,22.35087646420091,22.35087646420091,3.106865535691162,61.0,0,1
2019-04-23,5368.86,0.0200170988885721,0.45952772096869743,95621763332.98782,42.4598050695098,0.076234375,8868210.142728522,4202765701.338087,22.752104239963582,22.752104239963582,3.1246576351839805,68.0,0,1
2019-04-24,5568.3,0.0371475508767225,0.41421080042382763,99182305769.20804,43.499303892007,0.076234375,9085321.219567727,4211851022.557655,23.54838887653234,23.54838887653234,3.1590574052360583,65.0,0,1
2019-04-25,5435.0,-0.0239390837418961,0.49181232750689974,96816194698.37537,43.2004379550876,0.076234375,9022899.69104762,4220873922.248703,22.937476096607927,22.937476096607927,3.13277208370451,58.0,0,1
2019-04-26,5491.9,0.0104691812327506,0.433693257342632,97838085579.20314,43.1161428681023,0.076234375,9005293.709480785,4229879215.9581833,23.13023152294436,23.13023152294436,3.141140485832005,41.0,0,1
2019-04-27,5146.6,-0.0628744150476154,0.5575525589709711,91694351931.7965,43.3390799913704,0.076234375,9051856.647170212,4238931072.605354,21.63147981442379,21.63147981442379,3.0741496525310987,42.0,0,1
2019-04-28,5202.0,0.0107643881397425,0.6817089580930411,92689244281.38802,43.3783606649509,0.076234375,9060060.85977292,4247991133.465126,21.81954749180009,21.81954749180009,3.082806241958908,40.0,0,1
2019-04-29,5159.67,-0.0081372549019608,0.6835030147276859,91942799381.49603,44.6275886581356,0.076234375,9320976.244137138,4257312109.7092633,21.59644325155548,21.59644325155548,3.0725286368516294,42.0,0,1
2019-04-30,5125.75,-0.0065740638451684,0.6860947178461689,91346097763.59167,45.6614323076116,0.076234375,9536906.174179664,4266849015.883443,21.40832671218357,21.40832671218357,3.063779945048704,42.0,0,1
2019-05-01,5251.7,0.0245720138516314,0.6112877734828723,93598577891.46474,45.9660031758586,0.076234375,9600519.242081083,4276449535.125524,21.886982910162505,21.886982910162505,3.0858920724402656,51.0,0,1
2019-05-02,5309.5,0.0110059599748653,0.6081081081081081,94636726036.04298,47.689065717747,0.076234375,9960400.326921558,4286409935.4524455,22.07831902714497,22.07831902714497,3.0945960874937968,50.0,0,1
2019-05-03,5403.97,0.0177926358414164,0.565885820979761,96328707362.27126,47.6965486336565,0.076234375,9961963.218476458,4296371898.670922,22.42094251479264,22.42094251479264,3.109995455778804,63.0,0,1
2019-05-04,5686.25,0.0522356711824825,0.5265544075621018,101369067935.90276,47.640966628537,0.076234375,9950354.288554452,4306322252.959476,23.53959178652687,23.53959178652687,3.158683760412732,66.0,0,1
2019-05-05,5691.25,0.0008793141349747,0.5024467384142322,101466772544.24496,46.4498735739115,0.076234375,9701581.043112766,4316023834.002589,23.50931701184486,23.50931701184486,3.157396811166352,67.0,0,1
2019-05-06,5712.0,0.0036459477267736,0.3389355742296918,101845311609.0499,46.2531174696415,0.076234375,9660486.307122467,4325684320.309711,23.544323641665542,23.544323641665542,3.1588847570848047,57.0,0,1
2019-05-07,5692.74,-0.0033718487394958,0.358309004099959,101510468087.7519,45.9623975613408,0.076234375,9599766.168740656,4335284086.478452,23.41495183772577,23.41495183772577,3.1533747857350667,69.0,0,1
2019-05-08,5839.25,0.0257362886764547,0.3167358821766495,104131750485.86935,45.5062678955879,0.076234375,9504498.333158106,4344788584.81161,23.967046601505587,23.967046601505587,3.176679828569078,63.0,0,1
2019-05-09,5898.64,0.0101708267328852,0.36357702792508095,105199721253.13356,44.4027887718976,0.076234375,9274024.247349672,4354062609.05896,24.161278947679232,24.161278947679232,3.1847513082416503,69.0,0,1
2019-05-10,6081.8,0.0310512253672032,0.3110871781380513,108475437206.80109,43.5403467571186,0.076234375,9093893.485786883,4363156502.544746,24.861688354184498,24.861688354184498,3.213327998264996,71.0,0,1
2019-05-11,6291.06,0.0344075767042653,0.22125683112225913,112217259686.33968,43.5700306195775,0.076234375,9100093.295929736,4372256595.840676,25.66575342194963,25.66575342194963,3.245157551589555,76.0,0,1
2019-05-12,6974.0,0.1085572224712527,0.13980498996271873,124409719678.64424,44.880747632009,0.076234375,9373851.356873795,4381630447.19755,28.393476167807705,28.393476167807705,3.3461594063780886,75.0,0,1
2019-05-13,7071.91,0.0140392887869227,0.12070147951543508,126166951526.97353,45.6039018270526,0.076234375,9524890.28314168,4391155337.480692,28.73206293798717,28.73206293798717,3.358013674728991,78.0,0,1
2019-05-14,7861.99,0.1117208788007766,0.032841557926173826,140274221616.8374,46.733830155064,0.076234375,9760888.584184812,4400916226.064877,31.87386771555636,31.87386771555636,3.461786480198433,78.0,0,1
2019-05-15,7720.25,-0.0180285144092017,0.07083319840678737,137756855178.9093,46.5982387774081,0.076234375,9732568.79259307,4410648794.85747,31.232787189840383,31.232787189840383,3.441468414505789,77.0,0,1
2019-05-16,8164.81,0.0575836274732035,0.03430453372460596,145701624398.11627,46.4174506356248,0.076234375,9694809.14602797,4420343604.003497,32.96160603129462,32.96160603129462,3.495343430531793,75.0,0,1
2019-05-17,7680.73,-0.0592885811182379,0.14660325255542128,137074681063.31676,47.5925757277635,0.076234375,9940247.30204444,4430283851.305542,30.940383430042026,30.940383430042026,3.432062237765029,65.0,0,1
2019-05-18,7091.5,-0.0767153642948,0.27912712402171613,126569559005.49104,48.6338534770149,0.076234375,10157729.927840568,4440441581.233382,28.503822579360435,28.503822579360435,3.350038203872166,67.0,0,1
2019-05-19,7288.25,0.0277444828315589,0.2760264809796591,130092067247.6894,48.8625461407025,0.076234375,10205494.9751921,4450647076.208574,29.229922081018493,29.229922081018493,3.375192913400084,70.0,0,1
2019-05-20,7978.05,0.0946454910300826,0.14348117647796133,142416622211.58032,48.5940369570474,0.076234375,10149413.797664138,4460796490.006238,31.92627651376697,31.92627651376697,3.463429385888755,73.0,0,1
2019-05-21,7967.0,-0.0013850502315728,0.15029245638257804,142231273243.86264,48.6417748894452,0.076234375,10159384.404349448,4470955874.410587,31.81227398327057,31.81227398327057,3.4598521896338905,68.0,0,1
2019-05-22,8090.25,0.0154700640140579,0.1817619974660858,144443683790.97543,49.4580965722137,0.076234375,10329882.413348911,4481285756.823936,32.23264295766498,32.23264295766498,3.4729796954955323,69.0,0,1
2019-05-23,7836.0,-0.0314267173449522,0.26772332822868794,139915991310.11475,50.6500825662956,0.076234375,10578842.15928751,4491864598.983224,31.148755316842376,31.148755316842376,3.4387742867093647,65.0,0,1
2019-05-24,7874.75,0.0049451250638081,0.3583923299152354,140619643998.39487,51.3695400742105,0.076234375,10729108.990670934,4502593707.973895,31.23080897780399,31.23080897780399,3.441405074827691,64.0,0,1
2019-05-25,8108.0,0.0296199879361249,0.337115194869265,144796889081.68433,51.3558467501594,0.076234375,10726248.985189542,4513319956.9590845,32.08212368334802,32.08212368334802,3.468298980412828,69.0,0,1
2019-05-26,7873.7,-0.0288973852984706,0.3788942936611759,140624375485.64377,52.1219351776667,0.076234375,10886255.211123109,4524206212.170208,31.08266265745388,31.08266265745388,3.436650192919138,67.0,0,1
2019-05-27,8016.1,0.0180855252295617,0.41722533401529427,143179585689.30103,53.0770688896663,0.076234375,11085745.681193572,4535291957.851401,31.570092293933044,31.570092293933044,3.4522102260351564,70.0,0,1
2019-05-28,8748.25,0.0913349384363966,0.4544337438916355,156269913611.94153,54.4389429384312,0.076234375,11370188.467320452,4546662146.318722,34.37024977509446,34.37024977509446,3.537191358076956,71.0,0,1
2019-05-29,8686.32,-0.0070791301117366,0.22963464389983335,155176589464.12784,55.6726769329128,0.076234375,11627867.754952122,4558290014.073674,34.04271974468972,34.04271974468972,3.5276161990061063,71.0,0,1
2019-05-30,8642.5,-0.0050447139870508,0.35909748336708125,154406627517.94388,56.0391411349003,0.076234375,11704407.945084697,4569994422.018759,33.78704944889976,33.78704944889976,3.520077576667922,73.0,0,1
2019-05-31,8462.0,-0.0208851605438241,0.39328763885606244,151194405329.27643,55.0668837504894,0.076234375,11501341.00251018,4581495763.021269,33.001101201405724,33.001101201405724,3.49654093064929,61.0,0,1
2019-06-01,8538.25,0.0090108721342472,0.3091921646707463,152569491175.18848,55.844637792846,0.076234375,11663783.72394245,4593159546.745212,33.21667571580476,33.21667571580476,3.5030520304182966,62.0,0,1
2019-06-02,8462.0,-0.0089304014288642,0.23775584968092645,151219557447.79538,54.3723294566077,0.076234375,11356275.48881802,4604515822.23403,32.84157624512762,32.84157624512762,3.4916952811524595,63.0,0,1
2019-06-03,8680.37,0.0258059560387615,0.23327116240436752,155134814113.84402,52.190995836353,0.076234375,10900679.310169788,4615416501.5442,33.61231084170625,33.61231084170625,3.514892393961632,66.0,0,1
2019-06-04,8550.8,-0.0149267830749151,0.33046030780745683,152831843356.9642,51.7449873008666,0.076234375,10807525.387026032,4626224026.931226,33.03597976822237,33.03597976822237,3.4975972635322026,42.0,0,1
2019-06-05,7648.0,-0.105580764372924,0.5328190376569037,136707087955.65125,50.9038924520138,0.076234375,10631853.222319148,4636855880.153545,29.48271231391481,29.48271231391481,3.3838040683099058,27.0,0,1
2019-06-06,7732.5,0.0110486401673639,0.4262786938247658,138228982749.06464,50.5410570027105,0.076234375,10556070.938194543,4647411951.09174,29.74321712896417,29.74321712896417,3.392601110331606,34.0,0,1
2019-06-07,7688.75,-0.0056579372777239,0.4901954153796131,137458288912.31558,51.8131316401734,0.076234375,10821758.10241464,4658233709.194155,29.50867163255641,29.50867163255641,3.384684173795846,27.0,0,1
2019-06-08,8043.25,0.0461063241749308,0.42492151804307965,143807902238.61404,50.2882495267439,0.076234375,10503269.239768129,4668736978.433923,30.802313966903498,30.802313966903498,3.42758981595307,62.0,0,1
2019-06-09,7973.77,-0.008638299194977,0.5297218254351455,142577454901.6752,50.922567631798,0.076234375,10635753.744672194,4679372732.178595,30.469351996949136,30.469351996949136,3.416721325851524,62.0,0,1
2019-06-10,7683.0,-0.0364658122820197,0.6142457373421841,137389624544.4852,51.9994650229313,0.076234375,10860675.935226103,4690233408.113821,29.292705200301853,29.292705200301853,3.377338515752053,46.0,0,1
2019-06-11,7949.0,0.0346218924899128,0.48144420681846767,142158073852.30374,50.6602007138873,0.076234375,10580955.448760962,4700814363.562582,30.241158841373,30.241158841373,3.409203872051058,61.0,0,1
2019-06-12,7925.5,-0.002956346710278,0.4072298277711186,141749525463.4473,48.6661940646781,0.076234375,10164484.62506697,4710978848.187649,30.0891874133503,30.0891874133503,3.404165885071268,60.0,0,1
2019-06-13,8120.19,0.0245650116711879,0.4628968041388195,145243606583.58243,47.7294186032959,0.076234375,9968828.48311133,4720947676.67076,30.765773427510016,30.765773427510016,3.426402819727258,63.0,0,1
2019-06-14,8267.1,0.0180919411984203,0.31950018749017195,147883559093.59076,47.5093411963368,0.076234375,9922862.829491748,4730870539.500252,31.259269907904205,31.259269907904205,3.4423159692472733,67.0,0,1
2019-06-15,8444.9,0.0215069371363596,0.24086726900259325,151076551981.87103,47.9391122388845,0.076234375,10012625.368729344,4740883164.868981,31.86675282390052,31.86675282390052,3.4615632350644776,75.0,0,1
2019-06-16,8806.75,0.0428483463392106,0.22621852556277866,157562931052.32523,46.5052916179562,0.076234375,9713155.727911314,4750596320.596892,33.166979557742785,33.166979557742785,3.501554789353731,80.0,0,1
2019-06-17,9070.93,0.0299974451415108,0.05774711082546102,162302798653.0372,45.3746254726418,0.076234375,9477003.3253861,4760073323.922278,34.09670137587302,34.09670137587302,3.529200645765085,84.0,0,1
2019-06-18,9300.0,0.0252531989553441,0.04196129032258056,166415177171.5993,46.2330229168521,0.076234375,9656289.332676427,4769729613.254955,34.88985554005741,34.88985554005741,3.5521961147503696,83.0,0,1
2019-06-19,9122.75,-0.0190591397849462,0.16379161985147017,163256892946.5721,48.2679167828918,0.076234375,10081299.913687032,4779810913.168642,34.15551282516017,34.15551282516017,3.5309240027149285,82.0,0,1
2019-06-20,9164.38,0.0045633169822694,0.1467606101012835,164015386745.75012,47.9059333339434,0.076234375,10005695.579465318,4789816608.748107,34.24251910734806,34.24251910734806,3.533468120627649,81.0,0,1
2019-06-21,9560.75,0.0432511528330341,0.11052061815234149,171123319395.3265,46.840358999426,0.076234375,9783138.337251687,4799599747.085359,35.6536645580174,35.6536645580174,3.573851934228762,84.0,0,1
2019-06-22,9933.88,0.0390272729649869,0.054572835588913904,177816416470.57382,47.2073835765696,0.076234375,9859795.568068624,4809459542.653427,36.97222419558409,36.97222419558409,3.610166933313176,83.0,0,1
2019-06-23,10697.0,0.0768199333996384,-0.0348228475273441,191491998000.4989,50.268593230365,0.076234375,10499163.800126318,4819958706.453553,39.72897065365018,39.72897065365018,3.682080660949476,84.0,0,1
2019-06-24,10841.33,0.0134925680097224,-0.06507319673877643,194091657820.36203,53.2119785976154,0.076234375,11113923.09836325,4831072629.551916,40.17568616813863,40.17568616813863,3.693261990958461,80.0,0,1
2019-06-25,10857.0,0.0014453946148673,-0.11167910104080314,194388153336.2844,53.2358484562167,0.076234375,11118908.58809423,4842191538.14001,40.14466420941149,40.14466420941149,3.69248953515806,87.0,0,1
2019-06-26,11360.62,0.0463866629824076,-0.13116537653754823,203421859816.2868,53.5881626133443,0.076234375,11192493.381442929,4853384031.521453,41.91340691260269,41.91340691260269,3.735605749795112,95.0,0,1
2019-06-27,12723.75,0.1199872894261051,-0.22791158267020328,227848579673.973,54.7290888522965,0.076234375,11430788.720477508,4864814820.24193,46.83602317726905,46.83602317726905,3.8466526328464856,92.0,0,1
2019-06-28,10681.0,-0.1605462226151881,-0.11506413257185655,191284026354.32675,56.990067460203,0.076234375,11903019.654894285,4876717839.896824,39.22392736963714,39.22392736963714,3.669286952665521,62.0,0,1
2019-06-29,11746.0,0.0997097650032767,-0.1890618082751574,210374141963.76663,59.451728530826,0.076234375,12417165.389636133,4889135005.28646,43.02890833169795,43.02890833169795,3.761872176593709,74.0,0,1
2019-06-30,11790.0,0.0037459560701516,-0.19372858354537736,211179480887.37128,58.750598155467,0.076234375,12270726.387008712,4901405731.673469,43.085492703186,43.085492703186,3.7631863442347,78.0,0,1
2019-07-01,11178.21,-0.0518905852417304,-0.14666570050124295,200237635871.66223,57.4256352547314,0.076234375,11993992.911294283,4913399724.584763,40.75337792481042,40.75337792481042,3.707538730111744,65.0,0,1
2019-07-02,10473.89,-0.0630082991820694,-0.04254770672596331,187636345365.84863,58.4660072201051,0.076234375,12211286.353890955,4925611010.938654,38.09402426402558,38.09402426402558,3.640057426367538,63.0,0,1
2019-07-03,10705.25,0.0220892142269968,-0.02790686812545251,191796758617.3768,59.2922200113098,0.076234375,12383850.232670398,4937994861.171325,38.84102029459814,38.84102029459814,3.659476912249005,79.0,0,1
2019-07-04,11376.5,0.0627028794283179,-0.0855183931789214,203839616359.13257,60.5520453417667,0.076234375,12646978.990688344,4950641840.162013,41.17438161360948,41.17438161360948,3.717816257459352,76.0,0,1
2019-07-05,11723.0,0.0304575220849998,-0.07145867098865466,210065213624.9204,61.8010449032092,0.076234375,12907846.664501611,4963549686.826514,42.32156961830018,42.32156961830018,3.745296876141559,67.0,0,1
2019-07-06,11028.7,-0.0592254542352639,-0.007770634798299092,197640130345.01083,61.8688825351955,0.076234375,12922015.320600122,4976471702.147115,39.71491091966591,39.71491091966591,3.6817267070929263,72.0,0,1
2019-07-07,11457.74,0.0389021371512507,0.02278721632712899,205345497543.1533,61.7952697018109,0.076234375,12906640.448421892,4989378342.595536,41.15652962014704,41.15652962014704,3.717382593031868,67.0,0,1
2019-07-08,11461.0,0.00028452382407,0.017537736672192716,205420663786.3152,63.6597819191806,0.076234375,13296064.896561734,5002674407.492098,41.06216936258601,41.06216936258601,3.715087244159712,74.0,0,1
2019-07-09,12197.65,0.0642744961172672,-0.02771845396449324,218641781536.3109,64.1594814427071,0.076234375,13400432.789339382,5016074840.281437,43.58822156729296,43.58822156729296,3.7747869663194167,84.0,0,1
2019-07-10,12402.25,0.0167737228072621,-0.06540022979701265,222327316382.46924,62.8469804425697,0.076234375,13126302.122401437,5029201142.403838,44.20728264533124,44.20728264533124,3.7888895412427455,83.0,0,1
2019-07-11,11776.0,-0.0504948698824809,0.006623641304347894,211118103657.56824,61.800838407804,0.076234375,12907803.535602557,5042108945.939441,41.87099206326906,41.87099206326906,3.734593273642619,62.0,0,1
2019-07-12,11153.0,-0.0529042119565217,0.018147583609791074,199965326528.66,61.7126283329148,0.076234375,12889379.864567265,5054998325.804008,39.55794119810219,39.55794119810219,3.677766462885141,33.0,0,1
2019-07-13,11879.0,0.0650945933829463,-0.042154221735836384,212999298129.75143,60.8107524110627,0.076234375,12701012.88585509,5067699338.689862,42.03076857847245,42.03076857847245,3.738401935275537,65.0,0,1
2019-07-14,10908.44,-0.0817038471251788,0.046359516117794985,195612324182.4291,61.4840893520655,0.076234375,12841646.915613336,5080540985.605475,38.50226279773175,38.50226279773175,3.6507170135336753,61.0,0,1
2019-07-15,10479.0,-0.0393676822717089,0.03688806183796167,187926775778.168,60.8864869206145,0.076234375,12716830.894078689,5093257816.499554,36.89716534069436,36.89716534069436,3.608134728060288,16.0,0,1
2019-07-16,10799.0,0.0305372650062027,-0.059569404574497664,193681259352.87857,61.8282940515737,0.076234375,12913537.957090242,5106171354.456644,37.93081859343291,37.93081859343291,3.635763937156113,34.0,0,1
2019-07-17,9594.75,-0.1115149550884341,0.08059094817478307,172096857284.28177,62.071712627802,0.076234375,12964378.677698884,5119135733.134343,33.61834228585894,33.61834228585894,3.515071819384063,19.0,0,1
2019-07-18,9690.24,0.0099523176737277,0.06797148471038894,173823706943.4128,61.5848754753454,0.076234375,12862697.2364816,5131998430.370825,33.87056899993104,33.87056899993104,3.5225464662141395,40.0,0,1
2019-07-19,10616.98,0.0956364341853246,-0.040640558802974014,190463013429.5187,58.7855634694143,0.076234375,12278029.28798255,5144276459.658808,37.02425694324972,37.02425694324972,3.611573290897776,42.0,0,1
2019-07-20,10509.35,-0.0101375344024382,-0.010595327018321776,188547451417.5576,60.7150152371058,0.076234375,12681017.09511298,5156957476.753921,36.56176190466476,36.56176190466476,3.599002937565466,34.0,0,1
2019-07-21,10617.41,0.0102822724526254,0.005471202487235649,190501560646.5491,60.7384574115941,0.076234375,12685913.258183545,5169643390.012104,36.85003902099001,36.85003902099001,3.606856677549032,42.0,0,1
2019-07-22,10476.0,-0.0133186907164741,0.021835624284077815,187979529745.3409,61.2354487391069,0.076234375,12789715.513617404,5182433105.525722,36.27244692168037,36.27244692168037,3.591058415085394,42.0,0,1
2019-07-23,10324.5,-0.0144616265750285,-0.017448786866192,185276013516.0118,59.1089475619144,0.076234375,12345571.710384432,5194778677.236106,35.665814662692874,35.665814662692874,3.5741926575465923,40.0,0,1
2019-07-24,10135.85,-0.0182720712867451,0.0041338417596945565,181905329949.66776,58.5162952511175,0.076234375,12221789.577491537,5207000466.813598,34.93476351865664,34.93476351865664,3.5534824228003563,20.0,0,1
2019-07-25,9644.5,-0.0484764474612391,0.0741904712530459,173101179842.79868,59.2475035283843,0.076234375,12374510.689853894,5219374977.503451,33.16511662582193,33.16511662582193,3.5014986195044866,42.0,0,1
2019-07-26,9870.5,0.0234330447405257,0.017172382351451354,177171762266.18735,61.0247015279091,0.076234375,12745698.57682656,5232120676.080277,33.862323374184534,33.862323374184534,3.522302991426685,24.0,0,1
2019-07-27,9823.86,-0.0047251912263815,0.026098702546656805,176348812244.28073,58.7172944659472,0.076234375,12263770.535075186,5244384446.615353,33.626217535995785,33.626217535995785,3.5153060465154096,47.0,0,1
2019-07-28,9452.0,-0.0378527381294114,0.08564325010579776,169687202494.49435,59.3136527652734,0.076234375,12388326.705555174,5256772773.320908,32.279729372303905,32.279729372303905,3.4744394596089805,16.0,0,1
2019-07-29,9525.28,0.0077528565382989,0.06448314380259679,171016538176.74655,58.9978579906834,0.076234375,12322369.397968505,5269095142.718876,32.45652878617433,32.45652878617433,3.4799016181726565,19.0,0,1
2019-07-30,9505.94,-0.0020303865083231,0.016574899483901673,170683049157.33878,58.9288151803526,0.076234375,12307949.026752582,5281403091.745628,32.31774704417117,32.31774704417117,3.47561652343146,22.0,0,1
2019-07-31,9538.75,0.0034515260984184,0.0011689162626129512,171285947691.62735,60.6556673007576,0.076234375,12668621.607893676,5294071713.353522,32.35429305945811,32.35429305945811,3.476746718771472,31.0,0,1
2019-08-01,10028.25,0.0513169964618005,-0.05735297783760873,180090309950.28253,60.1285834277463,0.076234375,12558534.184245467,5306630247.537767,33.936849101902844,33.936849101902844,3.524501418192449,57.0,0,1
2019-08-02,10406.5,0.0377184453917682,-0.08828136260990738,186898057461.4825,60.1769706934917,0.076234375,12568640.411538782,5319198887.9493065,35.13650483814429,35.13650483814429,3.5592406139004287,61.0,0,1
2019-08-03,10403.6,-0.0002786719838562,-0.07571417586220164,186860983886.7079,61.1940253111889,0.076234375,12781063.762555247,5331979951.711862,35.04532754792432,35.04532754792432,3.556642296403811,61.0,0,1
2019-08-04,10885.29,0.0463003191203046,-0.04384540972266249,195528404249.7875,60.6501507307613,0.076234375,12667469.409905152,5344647421.121767,36.58396688190684,36.58396688190684,3.599610081093668,62.0,0,1
2019-08-05,10943.0,0.005301650208676,-0.021063693685461016,196580800365.4105,59.974727076611,0.076234375,12526399.546523333,5357173820.66829,36.69487064373202,36.69487064373202,3.602636980816593,64.0,0,1
2019-08-06,11718.83,0.0708973773188339,-0.09304085817440821,210534746695.34976,61.8167279940205,0.076234375,12911122.255257962,5370084942.923548,39.20510549330934,39.20510549330934,3.6688069804919,66.0,0,1
2019-08-07,11662.0,-0.0048494602276848,-0.09809638140970678,209530560120.3602,61.6214749207979,0.076234375,12870341.444288224,5382955284.367836,38.92481899837425,38.92481899837425,3.6616320676995975,45.0,0,1
2019-08-08,11859.55,0.0169396329960556,-0.12661104342070306,213097000584.1744,62.4371504320383,0.076234375,13040704.493061423,5395995988.860897,39.49168995382435,39.49168995382435,3.676090268858068,61.0,0,1
2019-08-09,11591.14,-0.0226323933032872,-0.092536195749512,208290780884.5492,62.1091119376458,0.076234375,12972189.946223194,5408968178.80712,38.50841306492676,38.50841306492676,3.650876738588394,60.0,0,1
2019-08-10,11854.0,0.0226776658723819,-0.12734098194702215,213031375114.21445,61.8040504125354,0.076234375,12908474.39909076,5421876653.206211,39.29107737783724,39.29107737783724,3.670997454366144,59.0,0,1
2019-08-11,11355.4,-0.0420617513075755,-0.10033728446377921,204087223177.862,61.9368160670807,0.076234375,12936204.006476317,5434812857.212688,37.55184006143141,37.55184006143141,3.625722379977085,45.0,0,1
2019-08-12,11378.25,0.00201225848495,-0.11445081625030207,204514245289.89093,61.3981467908907,0.076234375,12823696.84044331,5447636554.053131,37.54182997720892,37.54182997720892,3.625455777365264,48.0,0,1
2019-08-13,11414.15,0.0031551424867619,-0.1156809749302401,205175906532.08627,61.1619997604865,0.076234375,12774374.86435846,5460410928.91749,37.57517688742188,37.57517688742188,3.626343643210709,45.0,0,1
2019-08-14,10865.55,-0.0480631496870113,-0.049426858281449104,195330100739.6154,61.1029631218212,0.076234375,12762044.395178322,5473172973.312669,35.68864015298803,35.68864015298803,3.5748324351507432,11.0,0,1
2019-08-15,10155.71,-0.0653294126850458,0.028977786880484135,182583868796.56497,61.9885127018002,0.076234375,12947001.43288027,5486119974.745549,33.281056491119365,33.281056491119365,3.504988360975553,13.0,0,1
2019-08-16,10368.0,0.0209035114236229,-0.011771797839506104,186415379083.0798,61.9885127018002,0.076234375,12947001.43288027,5499066976.17843,33.899456015105486,33.899456015105486,3.5233989675056034,31.0,0,1
2019-08-17,10348.9,-0.0018422067901234,-0.0048942399675327986,186086795276.77817,60.6306685852695,0.076234375,12663400.343644256,5511730376.522074,33.761955423189576,33.761955423189576,3.519334589353391,20.0,0,1
2019-08-18,10185.5,-0.015789117684005,0.005448922487850449,183163239728.12976,59.0659656168947,0.076234375,12336594.44541221,5524066970.967486,33.15731700769922,33.15731700769922,3.5012634164900205,14.0,0,1
2019-08-19,10398.0,0.0208629915075351,-0.014425851125216438,186999460942.9916,61.0280157276086,0.076234375,12746390.784888798,5536813361.752376,33.773842231121755,33.773842231121755,3.519686604387426,30.0,0,1
2019-08-20,10675.5,0.0266878245816504,-0.04548077373425141,192005347930.7984,60.9711042338132,0.076234375,12734504.176231788,5549547865.928607,34.59837676319781,34.59837676319781,3.543806766604721,39.0,0,1
2019-08-21,10704.75,0.0027399185049881,-0.04203741329783506,192546739704.8622,60.1858377521098,0.076234375,12570492.39694108,5562118358.325548,34.61751931557738,34.61751931557738,3.544359892518047,11.0,0,1
2019-08-22,10144.35,-0.0523505920269039,-0.001248971102140617,182481308138.0072,59.4064283828008,0.076234375,12407703.94176734,5574526062.267316,32.73485603972348,32.73485603972348,3.488440444135515,5.0,0,1
2019-08-23,10177.75,0.0032924731500785,-0.021148092653091255,183096668044.2602,59.9398832756581,0.076234375,12519122.024911636,5587045184.292228,32.77164619305921,32.77164619305921,3.489563696208207,33.0,0,1
2019-08-24,10360.03,0.0179096558669646,-0.03762344317535771,186390664929.93213,62.0164921108198,0.076234375,12952845.248659665,5599998029.540888,33.2840590205017,33.2840590205017,3.5050785742760566,39.0,0,1
2019-08-25,10040.0,-0.0308908371886954,-0.027863545816733115,180647235870.81223,63.8808466905176,0.076234375,13342236.772390213,5613340266.313278,32.18177186850949,32.18177186850949,3.4714002012202565,33.0,0,1
2019-08-26,10080.25,0.0040089641434262,-0.14507080677562567,181385829424.0535,62.3154346269047,0.076234375,13015282.771603938,5626355549.084882,32.23860060773366,32.23860060773366,3.473164511229065,41.0,0,1
2019-08-27,10261.5,0.0179807048436297,-0.16977245042147837,184661911455.7239,61.2316875757626,0.076234375,12788929.952146647,5639144479.037028,32.746440908224045,32.746440908224045,3.4887942816177087,30.0,0,1
2019-08-28,10139.5,-0.011889100034108,-0.20228808126633469,182480903604.1974,62.1348099201547,0.076234375,12977557.260292584,5652122036.297321,32.28537926681777,32.28537926681777,3.4746144734716493,32.0,0,1
2019-08-29,9663.5,-0.0469451156368657,-0.16302581880271116,173928087388.58206,63.5798054333104,0.076234375,13279360.903643897,5665401397.200965,30.700046685926363,30.700046685926363,3.424264175306209,20.0,0,1
2019-08-30,9549.9,-0.0117555751021887,-0.14495649169101243,171897065257.50256,64.0012622894884,0.076234375,13367386.931096485,5678768784.132061,30.270129281866016,30.270129281866016,3.4101613939814284,24.0,0,1
2019-08-31,9453.1,-0.010136231793003,-0.15418751520665175,170168135053.788,64.3625114651168,0.076234375,13442837.90403702,5692211622.0360985,29.894906646657493,29.894906646657493,3.397688119620432,20.0,0,1
2019-09-01,9487.8,0.0036707535094306,-0.13185880815362883,170806281619.07486,64.046936339428,0.042800659375,7510277.003496351,5699721899.039595,29.96747642158748,29.96747642158748,3.400112674299358,24.0,0,1
2019-09-02,9615.9,0.0135015493581232,-0.12989007789182505,173126108142.1906,65.2512132082483,0.076234375,13628453.306637133,5713350352.346231,30.302029013693343,30.302029013693343,3.41121467442162,28.0,0,1
2019-09-03,10408.02,0.0823760646429352,-0.20883126665782736,187402352338.12964,67.527530486014,0.076234375,14103887.89560198,5727454240.241834,32.72000865959198,32.72000865959198,3.487986776391968,41.0,0,1
2019-09-04,10712.5,0.0292543634620225,-0.2376196032672112,192899911228.8136,67.0641534213924,0.076234375,14007106.358860169,5741461346.600694,33.59770267251253,33.59770267251253,3.5144576917897403,43.0,0,1
2019-09-05,10628.5,-0.0078413068844807,-0.23033353718774996,191402419658.36465,67.5976670006598,0.076234375,14118536.699324448,5755579883.300018,33.255106095169374,33.255106095169374,3.504208322083705,41.0,0,1
2019-09-06,10518.0,-0.0103965752458013,-0.22955885149267918,189427421797.5229,67.9881301642428,0.076234375,14200089.343807388,5769779972.643826,32.830961093083694,32.830961093083694,3.491372005927636,43.0,0,1
2019-09-07,10358.0,-0.01521201749382,-0.22874203514191938,186560546219.9131,67.5098122017156,0.076234375,14100187.231685378,5783880159.875511,32.25525790007525,32.25525790007525,3.4736810656141603,39.0,0,1
2019-09-08,10518.54,0.0154991311063912,-0.21876039830622884,189466990980.0457,69.722281698562,0.076234375,14562286.49003784,5798442446.365549,32.67549738271581,32.67549738271581,3.4866254815127413,43.0,0,1
2019-09-09,10344.5,-0.0165460225468554,-0.2142684518343081,186346730467.98383,69.5319565951307,0.076234375,14522534.941251826,5812964981.306801,32.057088089681145,32.057088089681145,3.4675183161593623,41.0,0,1
2019-09-10,10216.03,-0.0124191599400647,-0.16016201988443657,184046936216.0693,70.6739041353343,0.076234375,14761043.590594862,5827726024.897396,31.581260929182008,31.581260929182008,3.452563936123552,41.0,0,1
2019-09-11,10076.0,-0.01370689005416,-0.14852123858674082,181538495504.0305,73.7190986816563,0.076234375,15397066.88646409,5843123091.78386,31.068744000840184,31.068744000840184,3.4362022977677733,38.0,0,1
2019-09-12,10093.75,0.0017616117506946,-0.17810526315789477,181872584613.4327,73.2750074845078,0.076234375,15304313.42110075,5858427405.204961,31.04460839641825,31.04460839641825,3.4354251506744298,39.0,0,1
2019-09-13,10328.5,0.0232569659442725,-0.1934065934065935,186117003257.4092,72.9651141808421,0.076234375,15239588.702411324,5873666993.907372,31.686679454328,31.686679454328,3.4558963860836727,38.0,0,1
2019-09-14,10450.0,0.011763566829646,-0.19320574162679427,188321182098.52307,74.3034582620971,0.076234375,15519116.988902897,5889186110.896276,31.97745470296616,31.97745470296616,3.465031113962104,39.0,0,1
2019-09-15,10245.95,-0.0195263157894736,-0.18401905143007735,184658446805.7029,73.3686433503324,0.076234375,15323870.329891771,5904509981.226168,31.27413576957924,31.27413576957924,3.4427914227043184,38.0,0,1
2019-09-16,10298.25,0.0051044559069679,-0.2090403709368096,185615578306.55136,75.5209896678268,0.076234375,15773412.182762282,5920283393.40893,31.352481962805665,31.352481962805665,3.445293433412678,38.0,0,1
2019-09-17,10241.0,-0.0055591969509383,-0.22019334049409234,184598167594.67624,74.3389971306362,0.076234375,15526539.683235187,5935809933.092165,31.09906982795064,31.09906982795064,3.437177909668792,41.0,0,1
2019-09-18,10248.0,0.0006835269993163,-0.2152029664324746,184738811289.1294,74.8508890097839,0.076234375,15633454.087274645,5951443387.17944,31.04100959560374,31.04100959560374,3.435309220417635,38.0,0,1
2019-09-19,10189.97,-0.0056625683060109,-0.22014000041216997,183707092274.5449,75.1914942196596,0.076234375,15704593.334662637,5967147980.514102,30.786414695001007,30.786414695001007,3.427073511343408,31.0,0,1
2019-09-20,10254.75,0.0063572316699658,-0.23508715473317243,184889422475.40057,76.052080635027,0.076234375,15884336.533317495,5983032317.04742,30.902293799850657,30.902293799850657,3.430830414153442,41.0,0,1
2019-09-21,10131.68,-0.0120012677052097,-0.1954937384520633,182684796337.71503,76.8224049163279,0.076234375,16045227.465186805,5999077544.512607,30.45214784810008,30.45214784810008,3.416156528551715,37.0,0,1
2019-09-22,9962.51,-0.0166971321636688,-0.17628689958654997,179648520345.26443,78.1529658140561,0.076234375,16323130.145838171,6015400674.658444,29.864763805690284,29.864763805690284,3.39667931742004,37.0,0,1
2019-09-23,9970.25,0.0007769126455079,-0.18166545472781526,179802131987.67877,74.7215190264408,0.076234375,15606433.704195404,6031007108.362639,29.812953086784425,29.812953086784425,3.3949429664126347,41.0,0,1
2019-09-24,9760.25,-0.0210626614177177,-0.232838298199329,176028758743.23645,75.3517846275401,0.076234375,15738071.79784966,6046745180.160489,29.111324108843032,29.111324108843032,3.3711272431140924,39.0,0,1
2019-09-25,8617.9,-0.1170410593990932,-0.13476601028092683,155438290831.08334,74.0912527144837,0.076234375,15474795.46207046,6062219975.62256,25.640490027767527,25.640490027767527,3.244172743717248,15.0,0,1
2019-09-26,8519.38,-0.0114320194014784,0.1355579866140495,153673297475.1183,75.8555101707342,0.076234375,15843280.570334423,6078063256.192894,25.283267218145795,25.283267218145795,3.230142802151851,12.0,0,1
2019-09-27,8088.4,-0.0505881883423441,0.14312843083922666,145910612505.6227,75.2006953278135,0.076234375,15706515.090085706,6093769771.28298,23.94422795446418,23.94422795446418,3.1757272908218264,24.0,0,1
2019-09-28,8088.1,-3.709015380037872e-05,0.19592364090453862,145916563588.47946,75.5244560480689,0.076234375,15774136.175450688,6109543907.45843,23.88338078892385,23.88338078892385,3.173182852579276,32.0,0,1
2019-09-29,8165.58,0.0095795056935497,0.1582765706783842,147325838477.45078,73.829346299203,0.076234375,15420093.347337818,6124964000.805768,24.053339490333222,24.053339490333222,3.18027384305906,33.0,0,1
2019-09-30,7995.55,-0.020822770703367,0.18100068162915628,144269328572.5444,75.074564090305,0.076234375,15680171.155676289,6140644171.961444,23.4941684508096,23.4941684508096,3.156752239326173,27.0,0,1
2019-10-01,8236.75,0.0301667802715259,0.1152760494126932,148633025008.8924,73.9928357617954,0.0436558546874999,8849919.139542447,6149494091.1009865,24.169959805958868,24.169959805958868,3.1851105317416826,38.0,0,1
2019-10-02,8366.89,0.0157999210853794,0.10343269721485515,150993147378.79514,73.0871933219034,0.076234375,15265086.310683504,6164759177.41167,24.492951473603384,24.492951473603384,3.1983853812035847,39.0,0,1
2019-10-03,8234.5,-0.0158230836069315,0.13185378590078334,148615511367.18936,70.9098334097511,0.076234375,14810320.085880805,6179569497.497551,24.04949267539948,24.04949267539948,3.180113901751292,37.0,0,1
2019-10-04,8167.0,-0.0081972190175481,0.1280151830537528,147408718617.02667,70.9414578949441,0.076234375,14816925.217013365,6194386422.714564,23.797146086412184,23.797146086412184,3.1695656611517475,30.0,0,1
2019-10-05,8180.4,0.001640749357169,0.11992567600606341,147662033857.06488,69.6887169463435,0.076234375,14555276.11220933,6208941698.826774,23.78215821948638,23.78215821948638,3.168935644902448,31.0,0,1
2019-10-06,8103.5,-0.0094005183120629,0.16474362929598318,146285275620.908,69.8455848802677,0.076234375,14588039.753031936,6223529738.579805,23.50519428132273,23.50519428132273,3.15722142997364,32.0,0,1
2019-10-07,7988.69,-0.0141679521194546,0.17112442715889586,144223888266.82846,71.1098347333346,0.076234375,14852092.622600148,6238381831.202406,23.118797817964,23.118797817964,3.140646044959354,27.0,0,1
2019-10-08,8217.5,0.0286417422631244,0.13352114390021286,148366201758.00665,72.1636312671069,0.076234375,15072189.938022882,6253454021.140429,23.72548055145841,23.72548055145841,3.1665495993576007,39.0,0,1
2019-10-09,8128.0,-0.0108913903255247,0.13258489173228338,146761647062.96072,71.4866746127397,0.076234375,14930799.89022076,6268384821.030649,23.4129925416465,23.4129925416465,3.153291105099225,37.0,0,1
2019-10-10,8579.81,0.0555868602362203,0.029230251019544795,154931651495.47256,72.607485369606,0.076234375,15164893.8834892,6283549714.914139,24.65670815458641,24.65670815458641,3.2050489995550886,41.0,0,1
2019-10-11,8579.5,-3.613133624169596e-05,0.02464129611282706,154938032756.67673,73.4222270926062,0.076234375,15335061.900035344,6298884776.814174,24.597692805398594,24.597692805398594,3.202652650141479,39.0,0,1
2019-10-12,8296.0,-0.0330438836762049,0.08906460945033734,149829856239.64322,71.9050184087708,0.076234375,15018175.719879825,6313902952.534054,23.73014874729897,23.73014874729897,3.166746338750781,38.0,0,1
2019-10-13,8330.9,0.0042068466730953,0.04787477943559515,150471788475.0774,71.6181871765752,0.076234375,14958267.775449932,6328861220.309504,23.775491867669487,23.775491867669487,3.1686552966578083,38.0,0,1
2019-10-14,8431.0,0.0120155085284903,0.04005456055034995,152291538587.2922,70.4420923135848,0.076234375,14712627.071831344,6343573847.381335,24.00721458459241,24.00721458459241,3.178354392865857,37.0,0,1
2019-10-15,8360.5,-0.0083619973905824,0.04673763530889308,151029728366.12234,70.0343592237909,0.076234375,14627467.408085434,6358201314.789421,23.7535304229549,23.7535304229549,3.167731168821,39.0,0,1
2019-10-16,8145.5,-0.0257161653011183,0.062304339819532206,147157169121.45383,70.3592884243154,0.076234375,14695332.543760052,6372896647.333181,23.091096131777626,23.091096131777626,3.139447094382453,40.0,0,1
2019-10-17,7986.0,-0.0195813639432815,0.061413724017029825,144286749798.17166,69.4273528857357,0.076234375,14500687.274379471,6387397334.607561,22.589286721903385,22.589286721903385,3.11747575503247,40.0,0,1
2019-10-18,8042.6,0.0070874029551715,0.0508106831124262,145320560386.63156,69.4774963233578,0.076234375,14511160.298016382,6401908494.905578,22.6995684962184,22.6995684962184,3.1223459153295208,40.0,0,1
2019-10-19,7946.75,-0.0119177877800711,0.07534526693302301,143599714404.60434,69.8981186327707,0.076234375,14599012.020945558,6416507506.926523,22.37973138028602,22.37973138028602,3.108155700143562,41.0,0,1
2019-10-20,7843.99,-0.012931072451002,0.04735855094154884,141753721597.7096,69.9680292631599,0.076234375,14613613.646188237,6431121120.572711,22.04183670934905,22.04183670934905,3.092942316082444,37.0,0,1
2019-10-21,8151.0,0.0391395195557362,-0.005244755244755206,147313221118.7793,71.3998422093515,0.076234375,14912663.961448029,6446033784.534159,22.853311981116978,22.853311981116978,3.129096051305793,37.0,0,1
2019-10-22,8206.25,0.0067783094098883,-0.014501142421934454,148323154040.25714,72.2654327274359,0.076234375,15093452.323508548,6461127236.857667,22.95623481830599,22.95623481830599,3.133589569254001,39.0,0,1
2019-10-23,8159.0,-0.0057578065498857,-0.07040568697144256,147480465333.7464,74.0264859013743,0.076234375,15461268.181198852,6476588505.038866,22.77131937886817,22.77131937886817,3.125501822132951,33.0,0,1
2019-10-24,7487.69,-0.0822784654982228,-0.021799780706733274,135356389348.77798,73.3496134827729,0.076234375,15319895.726988396,6491908400.765855,20.850015279453096,20.850015279453096,3.0373546810720287,20.0,0,1
2019-10-25,7456.5,-0.004165503646652,-0.023100650439214054,134802904017.61195,72.3524936952413,0.076234375,15111635.990542902,6507020036.756398,20.716534336170284,20.716534336170284,3.030932141633629,24.0,0,1
2019-10-26,9674.25,0.2974250653791994,-0.26849729953226353,174910078423.25082,72.714496415106,0.076234375,15187244.349713275,6522207281.106112,26.817620306232826,26.817620306232826,3.2890591455885603,53.0,0,1
2019-10-27,9246.08,-0.0442587280667752,-0.22091307883989753,167181593016.14523,71.0272845909456,0.076234375,14834851.092432516,6537042132.1985445,25.57450137772304,25.57450137772304,3.241595815175414,50.0,0,1
2019-10-28,9672.75,0.0461460424309545,-0.264480111653873,174909758962.44662,69.8131563661786,0.076234375,14581266.691377798,6551623398.889922,26.697163178225804,26.697163178225804,3.2845573117549605,52.0,0,1
2019-10-29,9458.0,-0.0222015455790752,-0.20214421653626558,171039585386.09277,67.8518654753095,0.076234375,14171628.923546018,6565795027.813468,26.050095176829203,26.050095176829203,3.260021421813784,54.0,0,1
2019-10-30,9442.75,-0.0016123916261365,-0.19898864207990252,170776868685.25827,65.958299357086,0.076234375,13776136.23986398,6579571164.053332,25.955623007510948,25.955623007510948,3.256388272362757,53.0,0,1
2019-10-31,9186.25,-0.0271636970162293,-0.15460606885290518,166150642705.84113,65.88714705149,0.076234375,13761275.276721736,6593332439.330054,25.19979755832297,25.19979755832297,3.226835961085228,50.0,0,1
2019-11-01,9232.3,0.0050129269288337,-0.1891240535944455,166996306506.38434,65.4034065118364,0.0445113765625,7975878.508818123,6601308317.838872,25.297455968706423,25.297455968706423,3.230703836080938,49.0,0,1
2019-11-02,9320.25,0.0095263368824671,-0.21413052224993967,168600047818.00998,65.0646015490414,0.076234375,13589477.35264439,6614897795.191516,25.487929373688623,25.487929373688623,3.2382049822006014,51.0,0,1
2019-11-03,9212.5,-0.0115608486896811,-0.20553812754409773,166663611489.82327,66.7918469232176,0.076234375,13950232.06927991,6628848027.260796,25.14216811192952,25.14216811192952,3.2245464409681577,56.0,0,1
2019-11-04,9161.44,-0.0055424694708275,-0.19947082554707563,165752530302.05606,66.7363361171772,0.076234375,13938638.01009022,6642786665.270885,24.95225854062512,24.95225854062512,3.2169643407709434,49.0,0,1
2019-11-05,9438.5,0.0302419706945631,-0.23931980717274992,170778236537.72437,67.6136975497646,0.076234375,14121884.86067215,6656908550.131557,25.654286107678217,25.654286107678217,3.244710657371727,54.0,0,1
2019-11-06,9355.75,-0.0087672829369073,-0.21203537931218774,169293878187.4511,67.5581867437242,0.076234375,14110290.801482463,6671018840.93304,25.37751462320453,25.37751462320453,3.233863530903434,53.0,0,1
2019-11-07,9314.71,-0.0043866071667157,-0.20224676882049997,168564092521.5691,67.819649099493,0.076234375,14164900.169367565,6685183741.102407,25.214578843239448,25.214578843239448,3.2274223527613755,54.0,0,1
2019-11-08,9205.65,-0.011708362364475,-0.1991874555300277,166603166760.06094,67.0238366328423,0.076234375,13998685.741936538,6699182426.844344,24.86917897510361,24.86917897510361,3.213629244608687,42.0,0,1
2019-11-09,8830.6,-0.0407412838854398,-0.14720404049554958,159827701037.62958,67.0082196609729,0.076234375,13995423.96086844,6713177850.805213,23.80805403784424,23.80805403784424,3.1700239283828267,38.0,0,1
2019-11-10,8790.91,-0.0044945983285394,-0.16370091378480722,159121440505.6848,68.1730860645049,0.076234375,14238719.473832166,6727416570.279045,23.65268135894321,23.65268135894321,3.163476485210792,39.0,0,1
2019-11-11,9034.88,0.0277525307391384,-0.20065346745059143,163549893886.27188,68.7680923128996,0.076234375,14362993.25319508,6741779563.53224,24.259157740924817,24.259157740924817,3.1887941848969303,40.0,0,1
2019-11-12,8729.74,-0.0337735531628532,-0.17250685587428716,158038238033.01654,67.4339435726863,0.076234375,14084341.21109317,6755863904.743333,23.392750396001457,23.392750396001457,3.152426162225271,39.0,0,1
2019-11-13,8768.7,0.0044629049662419,-0.17935383808318228,158755600708.64792,66.9615143473345,0.076234375,13985669.028281037,6769849573.771614,23.450388221876267,23.450388221876267,3.1548870500591426,38.0,0,1
2019-11-14,8751.25,-0.0019900327300512,-0.17088987287530355,158451695211.1504,68.5827169492125,0.076234375,14324275.513493482,6784173849.285108,23.356078239039743,23.356078239039743,3.150857260263246,41.0,0,1
2019-11-15,8653.0,-0.0112269675760605,-0.18279787356986021,156684645883.38165,70.5841580404527,0.076234375,14742299.104425034,6798916148.389533,23.04553291490376,23.04553291490376,3.1374719508737963,38.0,0,1
2019-11-16,8476.45,-0.0204033283254362,-0.16290900081991877,153499392355.80527,70.8510164868546,0.076234375,14798035.506822068,6813714183.896355,22.52800575618336,22.52800575618336,3.114759235488,41.0,0,1
2019-11-17,8451.25,-0.002972942682373,-0.18745747670462953,153054642112.2614,70.0504405145967,0.076234375,14630826.16741084,6828345010.063766,22.414602936243863,22.414602936243863,3.109712663252149,38.0,0,1
2019-11-18,8545.5,0.0111521964206477,-0.2256158211924405,154773255938.18735,69.3165791539393,0.076234375,14477550.92859888,6842822560.992364,22.61833542498605,22.61833542498605,3.118760879341208,38.0,0,1
2019-11-19,8215.47,-0.0386203264876251,-0.13172952977735897,148807122741.9575,70.1171557592492,0.076234375,14644760.400230171,6857467321.392594,21.70001193848025,21.70001193848025,3.0773128107066428,32.0,0,1
2019-11-20,8108.25,-0.013050987953215,-0.11694878672956555,146876151021.10712,70.58415825147,0.076234375,14742299.14849838,6872209620.541093,21.37247830480797,21.37247830480797,3.0621040338192675,32.0,0,1
2019-11-21,8087.25,-0.0025899546757931,-0.11038857460817952,146506822664.8542,68.5103825236077,0.076234375,14309167.651227824,6886518788.192321,21.274438823292822,21.274438823292822,3.0575062968280178,30.0,0,1
2019-11-22,7584.56,-0.0621583356517975,-0.055554969569757584,137410583340.7122,66.9511173115954,0.076234375,13983497.489866178,6900502285.682187,19.913127719097297,19.913127719097297,2.991379198611104,20.0,0,1
2019-11-23,7324.46,-0.0342933538662757,-0.002150329171024201,132708333761.2386,68.8487572813574,0.076234375,14379841.043482136,6914882126.725669,19.191698618885724,19.191698618885724,2.9544778219379424,23.0,0,1
2019-11-24,7284.25,-0.0054898245058339,0.004736246010227596,131989748740.47775,67.3088443320116,0.076234375,14058212.82088547,6928940339.546555,19.049052563947384,19.049052563947384,2.9470173661599346,21.0,0,1
2019-11-25,7076.74,-0.0284874901328208,0.02412975466104461,128239364177.62944,66.3028989353744,0.076234375,13848109.7562368,6942788449.302792,18.47087306693141,18.47087306693141,2.916195062554265,17.0,0,1
2019-11-26,7203.5,0.0179122025113258,0.004608870687859978,130546254317.32164,64.6299328411991,0.076234375,13498691.880659692,6956287141.183452,18.766656934623345,18.766656934623345,2.932081727896051,21.0,0,1
2019-11-27,7114.5,-0.0123551051572152,0.009387869843277885,128943056101.20276,64.4239805962888,0.076234375,13455676.42676768,6969742817.610219,18.500403741642607,18.500403741642607,2.9177925557187154,20.0,0,1
2019-11-28,7546.12,0.0606676505727739,-0.043018133822414706,136776027321.66605,66.0906561829303,0.076234375,13803780.458755009,6983546598.068974,19.585467842297508,19.585467842297508,2.97478785461893,32.0,0,1
2019-11-29,7563.75,0.002336299979327,-0.033296975706494814,137105895263.30257,66.1765144371245,0.076234375,13821712.92545935,6997368310.994432,19.59392291068608,19.59392291068608,2.975219462582062,31.0,0,1
2019-11-30,7766.0,0.0267393819203436,-0.047064125676023694,140782611144.7099,62.5736995913763,0.076234375,13069224.328181718,7010437535.322614,20.08185800606113,20.08185800606113,2.9998168207252025,38.0,0,1
2019-12-01,7486.25,-0.0360224053566829,-0.03282952078811163,135721485558.68672,62.8509415522167,0.0437159921875,7527647.314722532,7017965182.637336,19.339150598020336,19.339150598020336,2.962131569620141,25.0,0,1
2019-12-02,7324.5,-0.0216062781766571,-0.01754385964912286,132799026907.56094,63.9172021539642,0.076234375,13349830.021797571,7031315012.659133,18.8867980837824,18.8867980837824,2.938463163905379,28.0,0,1
2019-12-03,7318.98,-0.0007536350604137,-0.014036108856698593,132708910174.67662,66.0262727789468,0.076234375,13790333.257212391,7045105345.916346,18.83703701486885,18.83703701486885,2.9358249858068497,28.0,0,1
2019-12-04,7334.0,0.0020521985303962,-0.051566675756749336,132991236186.92888,67.58537543668,0.076234375,14115969.467275755,7059221315.383621,18.839363471593,18.839363471593,2.935948482568593,24.0,0,1
2019-12-05,7179.68,-0.0210417234796835,0.017814164419584166,130202637697.86244,66.1031322539296,0.076234375,13806386.227179902,7073027701.610801,18.40833136680778,18.40833136680778,2.912803353810059,21.0,0,1
2019-12-06,7372.0,0.026786709156954,-0.0062588171459577735,133700361062.42545,66.3661436010718,0.076234375,13861319.11941906,7086889020.73022,18.865874810700674,18.865874810700674,2.9373547244959384,29.0,0,1
2019-12-07,7430.84,0.0079815518176886,0.004126047660829801,134777595805.46677,68.1715548161879,0.076234375,14238399.655315956,7101127420.385536,18.979746148274213,18.979746148274213,2.943372418396566,32.0,0,1
2019-12-08,7372.0,-0.0079183510881677,0.027019804666304825,133720393149.50398,68.6837338429108,0.076234375,14345374.033371652,7115472794.418908,18.79290343916273,18.79290343916273,2.933479321933383,28.0,0,1
2019-12-09,7530.7,0.0215274009766683,0.06497403959791259,136609270052.0168,68.8069322935115,0.076234375,14371105.42209086,7129843899.840999,19.1602049036534,19.1602049036534,2.952835466830697,32.0,0,1
2019-12-10,7351.83,-0.0237521080377653,0.08870852563239362,133374488703.93411,68.0873389261945,0.076234375,14220810.214935914,7144064710.055935,18.6692722024476,18.6692722024476,2.926878974600319,26.0,0,1
2019-12-11,7222.0,-0.0176595487110011,0.07878703960121847,131028951380.52225,65.754698385273,0.076234375,13733611.87593095,7157798321.931866,18.30576184006788,18.30576184006788,2.90721586493957,20.0,0,1
2019-12-12,7223.8,0.0002492384381058,0.11710733962734299,131071402580.12009,64.9276024508233,0.076234375,13560863.54270406,7171359185.474569,18.277065642675147,18.277065642675147,2.9056470303112483,23.0,0,1
2019-12-13,7196.0,-0.0038483900440211,0.1240883824346859,130576740127.93242,65.3780422181367,0.076234375,13654942.978693876,7185014128.453263,18.17348411478239,18.17348411478239,2.899963614977365,22.0,0,1
2019-12-14,7255.75,0.0083032240133407,0.11571787892361218,131670775783.08594,65.1206488696021,0.076234375,13601183.468954992,7198615311.922218,18.29112545644926,18.29112545644926,2.90641599448718,27.0,0,1
2019-12-15,7071.25,-0.025428108741343,0.15078663602616227,128332210263.63457,63.576285762585,0.076234375,13278625.780635796,7211893937.702854,17.79452268324833,17.79452268324833,2.87889069551999,21.0,0,1
2019-12-16,7095.56,0.0034378645925403,0.23277796255686645,128783000663.68684,64.1554218020577,0.076234375,13399584.887510251,7225293522.590364,17.8239126564254,17.8239126564254,2.880540963397667,24.0,0,1
2019-12-17,6867.0,-0.0322116929460113,0.284106596767147,124643970133.28294,63.7049830400143,0.076234375,13305505.661482437,7238599028.251847,17.21934999394282,17.21934999394282,2.846033751129351,23.0,0,1
2019-12-18,6617.5,-0.0363331877093344,0.31254250094446534,120124203605.22862,63.8336797142816,0.076234375,13332385.41635188,7251931413.6682,16.564442870877475,16.564442870877475,2.807258402278169,15.0,0,1
2019-12-19,7133.25,0.0779372874952777,0.24825850769284674,129495997101.45947,65.3923854103102,0.076234375,13657938.71647703,7265589352.384677,17.82319242401952,17.82319242401952,2.88050055437122,21.0,0,1
2019-12-20,7160.0,0.003750043808923,0.2450768156424581,129991283223.44775,65.7057135893497,0.076234375,13723380.84770707,7279312733.232384,17.857631343409125,17.857631343409125,2.882430943103752,23.0,0,1
2019-12-21,7194.51,0.0048198324022346,0.20206240591784574,130627531880.92332,67.3775312590382,0.076234375,14072558.86185134,7293385292.094235,17.910411509798998,17.910411509798998,2.885382192346855,23.0,0,1
2019-12-22,7163.2,-0.0043519294573223,0.20993410766138032,130068715678.70624,70.3338081259439,0.076234375,14690010.69548289,7308075302.789719,17.79794409467223,17.79794409467223,2.879082950328053,20.0,0,1
2019-12-23,7308.71,0.0203135470180924,0.19226648751968556,132720729914.66077,69.4842041964867,0.076234375,14512561.313127508,7322587864.102846,18.124839520914584,18.124839520914584,2.897283346683036,33.0,0,1
2019-12-24,7318.75,0.0013737034305643,0.1810760034158838,132912914957.90137,68.4994481510141,0.076234375,14306883.88393826,7336894747.986784,18.115690564372912,18.115690564372912,2.896778444756132,25.0,0,1
2019-12-25,7247.5,-0.0097352690008539,0.15726112452569851,131628737412.6662,68.1592527241958,0.076234375,14235830.224372914,7351130578.211157,17.905917465650173,17.905917465650173,2.8851312428888303,22.0,0,1
2019-12-26,7236.7,-0.0014901690238013,0.1763925546174363,131442334601.7178,68.8482744238322,0.076234375,14379740.193231046,7365510318.404387,17.845652089208198,17.845652089208198,2.8817598981186,39.0,0,1
2019-12-27,7181.29,-0.0076568048972597,0.1655635686624548,130445573331.8129,68.1364974327715,0.076234375,14231077.524592986,7379741395.928981,17.676171336271068,17.676171336271068,2.872217480380096,38.0,0,1
2019-12-28,7221.5,0.0055992725540954,0.18406979159454417,131185690207.02162,66.3894071570014,0.076234375,13866177.97598501,7393607573.904965,17.743123217687266,17.743123217687266,2.8759980164975727,37.0,0,1
2019-12-29,7311.9,0.0125181748944125,0.22671261915507612,132837729142.2185,65.4835095156538,0.076234375,13676971.015705258,7407284544.9206705,17.93339088523447,17.93339088523447,2.8866643877082976,37.0,0,1
2019-12-30,7400.5,0.012117233550787,0.22107830551989727,134457302884.21732,66.9717705152401,0.076234375,13987811.144856866,7421272356.065527,18.117823525816725,18.117823525816725,2.896896178931237,40.0,0,1
2019-12-31,7240.48,-0.021622863320046,0.2913508496674255,131559679233.28008,68.2659108645395,0.076234375,14258106.982366793,7435530463.047894,17.693381781849702,17.693381781849702,2.8731906590278133,38.0,0,1
2020-01-01,7196.0,-0.0061432391222681,0.3264508060033351,130761140545.63518,71.0549269778523,0.0464035859375,9033434.000820704,7444563897.048715,17.564647486936536,17.564647486936536,2.865888216455005,37.0,0,1
2020-01-02,7216.25,0.002814063368538,0.3003706911484496,131138797157.9292,69.7309559038322,0.076234375,14564098.195838924,7459127995.244554,17.580982286607043,17.580982286607043,2.8668177659296883,39.0,0,1
2020-01-03,6955.81,-0.0360907673653212,0.3449389790692958,126415229790.6442,71.7135097125229,0.076234375,14978176.964357844,7474106172.208911,16.913758900120524,16.913758900120524,2.828127426801802,38.0,0,1
2020-01-04,7307.58,0.0505721116591739,0.29460094860405217,132818114669.7923,73.3699874136698,0.076234375,15324151.052709542,7489430323.26162,17.734074413813424,17.734074413813424,2.875487897058937,38.0,0,1
2020-01-05,7325.86,0.0025015121285021,0.26527806974198254,133160180409.44388,74.3019770955395,0.076234375,15518807.630528131,7504949130.892149,17.742982408944656,17.742982408944656,2.8759900805045904,39.0,0,1
2020-01-06,7461.5,0.0185152323413224,0.22453528110969656,135635668769.58284,72.6392192978193,0.076234375,15171521.873033402,7520120652.7651825,18.036368701040587,18.036368701040587,2.892390202856024,41.0,0,1
2020-01-07,7571.19,0.0147007974267907,0.27971956852225355,137639760086.83054,75.0925162678565,0.076234375,15683920.670842111,7535804573.436025,18.264773023973515,18.264773023973515,2.9049742333413167,40.0,0,1
2020-01-08,8020.0,0.059278660289862,0.21203241895261837,145809595413.74768,73.5703520006892,0.076234375,15365999.461102849,7551170572.897127,19.30953539006145,19.30953539006145,2.960599035563777,51.0,0,1
2020-01-09,8004.0,-0.0019950124688279,0.20083708145927037,145529411699.26514,74.6463348008582,0.076234375,15590730.628997738,7566761303.526125,19.23272135351332,19.23272135351332,2.956613065631572,44.0,0,1
2020-01-10,7791.0,-0.0266116941529235,0.2749146451033244,141667045840.41754,73.301356300647,0.076234375,15309816.66912914,7582071120.195254,18.68447863316393,18.68447863316393,2.927693159586629,41.0,0,1
2020-01-11,8069.76,0.0357797458606083,0.2514932290427472,146746642717.49524,72.9651109893217,0.076234375,15239588.035826225,7597310708.231081,19.31560368572355,19.31560368572355,2.960913250391593,50.0,0,1
2020-01-12,8088.94,0.002376774526132,0.219131307686792,147106232885.03146,72.1581236931171,0.076234375,15071039.618951986,7612381747.850033,19.324600073633817,19.324600073633817,2.961378899492661,45.0,0,1
2020-01-13,8095.37,0.0007949125596184,0.2642720468613542,147233979420.45175,72.6961152892794,0.076234375,15183405.24385249,7627565153.093885,19.30288060020449,19.30288060020449,2.960254338670191,49.0,0,1
2020-01-14,8137.5,0.0052042093196482,0.2764669738863288,148011076912.33,70.6495119361479,0.076234375,14755949.004129522,7642321102.098015,19.367293644819128,19.367293644819128,2.963585748752773,56.0,0,1
2020-01-15,8747.25,0.0749308755760369,0.16304895824401955,159113345831.61896,71.9741614749841,0.076234375,15032617.030669836,7657353719.128685,20.779155785129923,20.779155785129923,3.0339503585286747,54.0,0,1
2020-01-16,8817.96,0.0080836834433677,0.16988509814061303,160411325831.02698,72.8661824491759,0.076234375,15218925.692188747,7672572644.820874,20.907110725019663,20.907110725019663,3.0400893271844933,55.0,0,1
2020-01-17,8685.75,-0.0149932637480776,0.14231931612123305,158017812806.67923,74.2961946273743,0.076234375,15517599.896702018,7688090244.717576,20.553584541395303,20.553584541395303,3.023035355969273,54.0,0,1
2020-01-18,8904.14,0.0251434821402871,0.09571615001561073,162002792589.54303,72.8403640917608,0.076234375,15213533.2364598,7703303777.954036,21.030300408660537,21.030300408660537,3.0459642743800828,51.0,0,1
2020-01-19,8914.75,0.0011915805456788,0.08135505762921014,162207702192.8252,73.4877596882577,0.076234375,15348749.123245258,7718652527.077281,21.01502841639721,21.01502841639721,3.045237820652084,53.0,0,1
2020-01-20,8648.25,-0.0298942763397739,0.17405486659150693,157370130229.9025,74.8171731350163,0.076234375,15626412.14579386,7734278939.223075,20.34709783116649,20.34709783116649,3.012938288999352,48.0,0,1
2020-01-21,8667.0,0.0021680686844158,0.11004153686396667,157722848872.45166,76.0459872621014,0.076234375,15883063.863518525,7750162003.086594,20.35090993061005,20.35090993061005,3.0131256249238536,49.0,0,1
2020-01-22,8713.93,0.0054147917387792,0.10271714369980023,158588471571.29178,76.4060538777389,0.076234375,15958267.845440412,7766120270.932034,20.42055312546159,20.42055312546159,3.0165418998065663,52.0,0,1
2020-01-23,8644.0,-0.0080250816795637,0.11857936140675607,157327274017.97623,76.4060538777389,0.076234375,15958267.845440412,7782078538.777475,20.216613496513432,20.216613496513432,3.0065047167026675,49.0,0,1
2020-01-24,8387.25,-0.0297026839426192,0.18156129839935597,152665373096.15344,75.90196120408,0.076234375,15852982.393609002,7797931521.171084,19.57767552608956,19.57767552608956,2.97438991330776,40.0,0,1
2020-01-25,8513.2,0.0150168410384812,0.16334633275384092,154969228051.66895,78.2063853873037,0.076234375,16334287.427425288,7814265808.59851,19.831578787753408,19.831578787753408,2.98727555548724,41.0,0,1
2020-01-26,8370.25,-0.0167915707372081,0.1486634210447717,152378159538.11264,77.7022927136447,0.076234375,16229001.975593856,7830494810.574103,19.459582468830067,19.459582468830067,2.9683396206607755,42.0,0,1
2020-01-27,8550.76,0.0215656641080015,0.09736912274464493,155675638157.03333,76.0459884385686,0.076234375,15883064.109236993,7846377874.68334,19.84044620885864,19.84044620885864,2.9877225919696806,50.0,0,1
2020-01-28,8969.6,0.0489827804779925,-0.02194077773813785,163312956116.36615,75.5664564788685,0.076234375,15782908.44008559,7862160783.1234255,20.77201937499506,20.77201937499506,3.033606858727404,54.0,0,1
2020-01-29,9036.59,0.0074685604709239,-0.031611481764692195,164544644287.65262,76.3923384268311,0.076234375,15955403.218514936,7878116186.341941,20.88629316903435,20.88629316903435,3.039093114587895,57.0,0,1
2020-01-30,9350.0,0.0346823303923271,-0.07314973262032098,170263820945.62292,76.7006826416094,0.076234375,16019804.392483402,7894135990.734425,21.568392176859696,21.568392176859696,3.071228917838864,57.0,0,1
2020-01-31,9545.14,0.0208705882352939,-0.09523485250085373,173829964465.5671,76.6086234935508,0.076234375,16000576.79901688,7910136567.533442,21.975595867590844,21.975595867590844,3.0899325589074094,55.0,0,1
2020-02-01,9383.8,-0.0169028427031976,-0.09512990472942717,170904161836.71634,75.9188262946293,0.0468739921875,9749639.645530475,7919886207.178972,21.57911835675119,21.57911835675119,3.071726104349965,57.0,0,1
2020-02-02,9355.14,-0.0030541997911294,-0.0442141966875963,170394560497.28174,76.1521481227076,0.076234375,15905236.759019278,7935791443.937991,21.47165304192099,21.47165304192099,3.066733602029853,57.0,0,1
2020-02-03,9460.4,0.011251568656375,-0.0764661113694981,172324273999.4115,77.7618796693395,0.076234375,16241447.384704942,7952032891.322696,21.670467961400504,21.670467961400504,3.0759504102112945,59.0,0,1
2020-02-04,9269.25,-0.0202052767324848,-0.058607762224559656,168854663230.54984,76.9445079816693,0.076234375,16070730.07031526,7968103621.393011,21.19132371436581,21.19132371436581,3.0535918391524164,56.0,0,1
2020-02-05,9136.87,-0.0142816301210992,-0.0027908900969368933,166455211597.5597,76.9297542703017,0.076234375,16067648.590958988,7984171269.98397,20.84815141971446,20.84815141971446,3.037265283389232,53.0,0,1
2020-02-06,9689.0,0.0604287901655598,-0.054143874496852096,176526690057.08536,75.3983559707042,0.076234375,15747798.74918946,7999919068.733159,22.06605948640422,22.06605948640422,3.0940406581744253,61.0,0,1
2020-02-07,9720.5,0.0032511095056249,-0.08573941669667207,177113424559.48972,75.0744778921092,0.076234375,15680153.152208935,8015599221.885368,22.09609283806364,22.09609283806364,3.095400798235936,56.0,0,1
2020-02-08,9611.5,-0.0112134149477907,-0.1319877230401082,175140055287.37875,74.4841787711585,0.076234375,15556862.509609686,8031156084.394978,21.80757707195935,21.80757707195935,3.0822574815140777,56.0,0,1
2020-02-09,9932.86,0.0334349477188784,-0.20935762710840589,181008948569.238,75.5436217134008,0.076234375,15778139.141253533,8046934223.536231,22.494150385846385,22.494150385846385,3.1132552925577026,56.0,0,1
2020-02-10,10099.25,0.0167514693653187,-0.2084174567418372,184054422153.0719,73.8864059090607,0.076234375,15432010.891708354,8062366234.427939,22.82883421583135,22.82883421583135,3.1280243955423925,57.0,0,1
2020-02-11,9861.48,-0.0235433324256751,-0.19930882585575382,179734155960.25787,75.419035306154,0.076234375,15752117.862102969,8078118352.290042,22.249507635562875,22.249507635562875,3.102319879628658,52.0,0,1
2020-02-12,10234.75,0.0378513164352611,-0.4408793570922592,186550803849.72937,74.1872769267341,0.076234375,15494851.204004094,8093613203.494046,23.049137530960166,23.049137530960166,3.1376283514306893,61.0,0,1
2020-02-13,10387.25,0.0149002173966144,-0.46374738260848636,189344119129.31107,74.6975110055083,0.076234375,15601419.357700128,8109214622.851747,23.349254882925383,23.349254882925383,3.1505650728102594,65.0,0,1
2020-02-14,10173.48,-0.0205800380273893,-0.47999504594298115,185460790068.84955,74.4478158455322,0.076234375,15549267.701641766,8124763890.553389,22.826606725702348,22.826606725702348,3.127926817243516,63.0,0,1
2020-02-15,10316.0,0.0140089723477119,-0.4878150445909267,188072466263.18985,74.7311764179489,0.076234375,15608450.759553624,8140372341.3129425,23.10366877307433,23.10366877307433,3.139991426262182,64.0,0,1
2020-02-16,9921.9,-0.0382027917797596,-0.5065461252381096,180900609847.7625,73.9539539211497,0.076234375,15446119.057418209,8155818460.37036,22.18055866824036,22.18055866824036,3.0992161695328897,59.0,0,1
2020-02-17,9756.41,-0.0166792650601195,-0.43987798790743726,177896133950.7989,76.6674308986775,0.076234375,16012859.390181826,8171831319.760542,21.7694329446844,21.7694329446844,3.0805068273502254,49.0,0,1
2020-02-18,9640.01,-0.011930617921961,-0.4466354288014225,175786377592.23315,77.0719427394755,0.076234375,16097346.25967042,8187928666.020212,21.468967887048667,21.468967887048667,3.066608538403956,53.0,0,1
2020-02-19,10153.52,0.0532686169412688,-0.3841800676021715,185163597008.90057,77.2172740989639,0.076234375,16127700.356543014,8204056366.376755,22.56976168127869,22.56976168127869,3.116611031681038,50.0,0,1
2020-02-20,9620.73,-0.0524734279343519,-0.3672413631813801,175460045498.3786,76.2729301114238,0.076234375,15930463.442364585,8219986829.819119,21.345538518610933,21.345538518610933,3.0608427491543075,44.0,0,1
2020-02-21,9609.0,-0.0012192421988767,-0.3409064418774066,175258712996.40887,77.9617002948183,0.076234375,16283182.180582982,8236270011.999702,21.27889356967031,21.27889356967031,3.057715669215243,44.0,0,1
2020-02-22,9669.0,0.0062441461130191,-0.37728824076946943,176365722433.01758,78.6510839334795,0.076234375,16427167.744496848,8252697179.7442,21.37067659115104,21.37067659115104,3.0620197296230804,43.0,0,1
2020-02-23,9910.05,0.0249301892646602,-0.35360770127295016,180775531362.77524,78.8741367598001,0.076234375,16473754.848076396,8269170934.592277,21.861385233499064,21.861385233499064,3.0847218491532824,46.0,0,1
2020-02-24,9903.8,-0.0006306729027603,-0.31824754134776545,180674484883.63504,77.6557209826707,0.076234375,16219274.943255575,8285390209.535532,21.806394184754204,21.806394184754204,3.082203238014972,46.0,0,1
2020-02-25,9614.6,-0.0292009127809526,-0.31321843862459176,175411204233.20364,76.9353545391586,0.076234375,16068818.27040046,8301459027.805932,21.13016563060297,21.13016563060297,3.0507016702438583,44.0,0,1
2020-02-26,9383.34,-0.0240530027250224,-0.2815681836105267,171204308890.23874,76.2932603896838,0.076234375,15934709.650739176,8317393737.456671,20.58388893136497,20.58388893136497,3.024508679092605,41.0,0,1
2020-02-27,8772.8,-0.0650663836118057,-0.28876869414554074,160076130619.71194,77.6514294094824,0.076234375,16218378.599694548,8333612116.056365,19.208493074844863,19.208493074844863,2.955352528875027,39.0,0,1
2020-02-28,8750.93,-0.0024929327010759,-0.30004810917239666,159688504552.34354,77.6678256684068,0.076234375,16221803.143671094,8349833919.200036,19.124752192393625,19.124752192393625,2.9509834223681897,40.0,0,1
2020-02-29,8666.05,-0.0096995405059806,-0.29532255179695466,158150916120.19464,76.7092527375993,0.076234375,16021594.353884716,8365855513.553921,18.90433272054087,18.90433272054087,2.93939114026616,38.0,0,1
2020-03-01,8636.11,-0.0034548612112783,-0.2499169186126624,157615798891.3569,79.0996108203468,0.0477914359375,10356942.41973092,8376212455.973652,18.817072718702384,18.817072718702384,2.9347645810766103,39.0,0,1
2020-03-02,8491.12,-0.0167888088502808,-0.23737975673409406,154980695101.97476,79.6651511236926,0.076234375,16638967.13752124,8392851423.111173,18.46579753279184,18.46579753279184,2.915920238966264,38.0,0,1
2020-03-03,8941.51,0.053042472606676,-0.2903469324532434,163212914160.94525,80.0100832350468,0.076234375,16711010.107182937,8409562433.218355,19.408015037291705,19.408015037291705,2.9656861270000188,38.0,0,1
2020-03-04,8737.0,-0.0228719757624831,-0.228239670367403,159491300039.74612,82.0086539410585,0.076234375,17128434.185720224,8426690867.404076,18.92691954046713,18.92691954046713,2.940585223002527,40.0,0,1
2020-03-05,8726.0,-0.0012590133913242,-0.22736649094659633,159301866318.38013,82.8778120143025,0.076234375,17309967.671994086,8444000835.07607,18.86568576078842,18.86568576078842,2.937344703711778,41.0,0,1
2020-03-06,9111.37,0.0441634196653679,-0.24581594205920743,166349045870.44702,82.3225817964954,0.076234375,17194001.56614302,8461194836.642213,19.66023109999224,19.66023109999224,2.978597869481685,39.0,0,1
2020-03-07,9164.4,0.0058202004747911,-0.25769826720789135,167329158432.67606,83.3561398040416,0.076234375,17409871.83664037,8478604708.478853,19.73545933393286,19.73545933393286,2.9824169839355563,38.0,0,1
2020-03-08,8887.07,-0.0302616647025446,-0.18510825277622434,162277060868.65872,81.58084114728,0.076234375,17039080.648868967,8495643789.127722,19.10120820700279,19.10120820700279,2.949751589963092,33.0,0,1
2020-03-09,8342.9,-0.0612316545273076,-0.14737441417252994,152351416193.88342,81.7863017613362,0.076234375,17081993.420100998,8512725782.547823,17.896901660596576,17.896901660596576,2.8846276062778484,17.0,0,1
2020-03-10,7853.34,-0.0586798355487899,-0.06730766782031594,143421666980.37845,80.907712120147,0.076234375,16898490.04427214,8529624272.592095,16.81453513037258,16.81453513037258,2.822243698682958,16.0,0,1
2020-03-11,7994.39,0.0179605110691756,-0.08699725682634951,146007978641.48355,77.9720472190822,0.076234375,16285343.252649914,8545909615.844746,17.085130220751928,17.085130220751928,2.8382085074727668,17.0,0,1
2020-03-12,7896.0,-0.0123073805506112,-0.12342578520770009,144221255426.15988,77.8535983859304,0.076234375,16260603.875212086,8562170219.719957,16.844007036206403,16.844007036206403,2.823994928027355,14.0,0,1
2020-03-13,5722.46,-0.2752710233029382,0.18737570904820644,104528749650.6722,76.2757813047466,0.076234375,15931058.94631244,8578101278.66627,12.185534567030016,12.185534567030016,2.500249557024185,10.0,0,1
2020-03-14,5570.19,-0.0266091855600564,0.27820235934501336,101754550491.22607,74.7869359109021,0.076234375,15620096.759815551,8593721375.426086,11.840568950978,11.840568950978,2.4715316815933983,8.0,0,1
2020-03-15,5290.26,-0.0502550182309758,0.2901539810897762,96647733051.446,72.4016169419943,0.076234375,15121895.935787251,8608843271.361874,11.226564360040538,11.226564360040538,2.418282787841502,12.0,0,1
2020-03-16,5283.7,-0.0012400146684662,0.29997918125555967,96534736038.30112,69.9514014317493,0.076234375,14610140.735680856,8623453412.097555,11.194440489801424,11.194440489801424,2.4154172702221515,9.0,0,1
2020-03-17,4896.0,-0.0733766110869277,0.3821466503267974,89457686384.89238,67.8117713472631,0.076234375,14163254.81178496,8637616666.90934,10.356755785146644,10.356755785146644,2.337639039638348,8.0,0,1
2020-03-18,5464.78,0.1161723856209149,0.29144997602831224,99857274774.63065,64.8503691954789,0.076234375,13544732.5044838,8651161399.413824,11.542643832930532,11.542643832930532,2.446048336480608,11.0,0,1
2020-03-19,5334.44,-0.0238509144009456,0.3237921881209649,97482490976.01996,59.8159990418279,0.076234375,12493247.402614651,8663654646.816439,11.251890218389654,11.251890218389654,2.4205361339491622,12.0,0,1
2020-03-20,6252.74,0.172145529802566,0.15814826779939684,114271754115.06592,56.9593130438326,0.076234375,11896596.247468287,8675551243.063908,13.17169951666484,13.17169951666484,2.5780705519752045,9.0,0,1
2020-03-21,6087.6,-0.0264108214958561,0.17607924305144884,111261613948.9001,54.6609597797931,0.076234375,11416559.193733327,8686967802.25764,12.807876865847772,12.807876865847772,2.550060361801212,9.0,0,1
2020-03-22,6333.23,0.0403492345094946,0.0834913622274891,115759119328.17632,53.1773105888608,0.076234375,11106682.292938864,8698074484.55058,13.30859140534912,13.30859140534912,2.588409797005684,11.0,0,1
2020-03-23,6021.0,-0.0493002780571681,0.14445274871283842,110059939796.90524,50.9826171040435,0.076234375,10648295.75559196,8708722780.306171,12.637896804545646,12.637896804545646,2.53669998282858,10.0,0,1
2020-03-24,6405.78,0.063906327852516,0.11091077120975124,117101736720.55228,50.8069887797952,0.076234375,10611613.795232052,8719334394.101404,13.430123381868592,13.430123381868592,2.5975001975270926,12.0,0,1
2020-03-25,6751.94,0.0540386963024017,0.11617698024567757,123438475016.2308,50.0265863560824,0.076234375,10448617.929423202,8729783012.030827,14.139924766298982,14.139924766298982,2.64900233982478,13.0,0,1
2020-03-26,6603.13,-0.0220395915840483,0.14031981802569393,120726458472.68137,51.4879435349365,0.076234375,10753838.89156486,8740536850.922392,13.81224752343914,13.81224752343914,2.625555700264876,14.0,0,1
2020-03-27,6741.29,0.0209234105643838,0.12022328070740174,123261158839.92322,52.6770124959286,0.076234375,11002189.382176183,8751539040.304567,14.084512252331052,14.084512252331052,2.645075771856258,12.0,0,1
2020-03-28,6239.49,-0.0744367917713079,0.22317689426539666,114094033980.78622,52.015175311119,0.076234375,10863957.206461884,8762402997.511028,13.020861288073007,13.020861288073007,2.566552785750213,8.0,0,1
2020-03-29,6125.23,-0.0183123941219555,0.258055615870751,112012588434.70024,52.2062553504603,0.076234375,10903866.432144511,8773306863.943172,12.767430818481149,12.767430818481149,2.546897460960748,12.0,0,1
2020-03-30,6106.77,-0.0030137643810924,0.2640069955148139,111682870747.29228,53.2726415077709,0.076234375,11126593.23272321,8784433457.175896,12.713724942165726,12.713724942165726,2.542682114031784,10.0,0,1
2020-03-31,6477.8,0.0607571596768832,0.37859304084720113,118476740327.22488,53.7607519785591,0.076234375,11228540.62086429,8795661997.79676,13.469906001038048,13.469906001038048,2.6004580120043115,12.0,0,1
2020-04-01,6475.5,-0.0003550588162648,0.3624723959539804,118443002771.00166,56.3764054180597,0.0481674265625,7439743.473512652,8803101741.270273,13.454689750514063,13.454689750514063,2.599327725608605,12.0,0,1
2020-04-02,6345.37,-0.0200957455022778,0.5204787112493046,116070959742.31612,56.3010266776192,0.076234375,11759105.70034692,8814860846.97062,13.1676451571219,13.1676451571219,2.5777626962084668,14.0,0,1
2020-04-03,6742.87,0.0626441011320064,0.483048019611827,123350784994.58447,55.3997488786107,0.076234375,11570863.646350238,8826431710.61697,13.97515882281292,13.97515882281292,2.637281383757473,14.0,0,1
2020-04-04,6742.0,-0.0001290251777061,0.31162859685553257,123343528720.32324,57.3145300593453,0.076234375,11970787.33559699,8838402497.952566,13.955409786881283,13.955409786881283,2.635867231435776,12.0,0,1
2020-04-05,6871.65,0.0192301987540788,0.29782803256859713,125724270703.07578,60.0920714507762,0.076234375,12550908.245219909,8850953406.197786,14.204602027962173,14.204602027962173,2.653565998578746,12.0,0,1
2020-04-06,6802.75,-0.0100267039211833,0.31402741538348455,124472399481.60805,60.4134975149782,0.076234375,12618041.711283332,8863571447.90907,14.043142791044042,14.043142791044042,2.642134219063953,12.0,0,1
2020-04-07,7242.0,0.0645694755797288,0.2772714719690694,132518805062.29752,62.774667327024,0.076234375,13111198.710982451,8876682646.620052,14.928865921860606,14.928865921860606,2.70329664897818,20.0,0,1
2020-04-08,7113.37,-0.0177616680475006,0.3785884890002911,130174168758.67982,64.2424875524239,0.076234375,13417769.55343648,8890100416.173489,14.642598245781109,14.642598245781109,2.6839349685909184,21.0,0,1
2020-04-09,7324.75,0.029715873067196,0.3652343083381686,134051793071.044,66.5942963464086,0.076234375,13908971.398721213,8904009387.57221,15.055216951831504,15.055216951831504,2.7117245724463714,22.0,0,1
2020-04-10,7298.9,-0.0035291306870541,0.3218430174409843,133588054451.63968,70.5357154938746,0.076234375,14732181.331105055,8918741568.903315,14.97835243005771,14.97835243005771,2.7066059873979764,15.0,0,1
2020-04-11,6921.43,-0.0517160120018084,0.22712792009743632,126688273070.42682,72.4417281682782,0.076234375,15130273.618708445,8933871842.522022,14.180668281745,14.180668281745,2.651879648466319,15.0,0,1
2020-04-12,6794.71,-0.0183083553543126,0.2706944078555229,124377512853.5506,72.2268982576376,0.076234375,15085403.96399888,8948957246.486021,13.898548113232948,13.898548113232948,2.6317843823957268,10.0,0,1
2020-04-13,7119.83,0.0478489884042143,0.2383905233692376,130337956391.61353,75.7516535619861,0.076234375,15821588.943875434,8964778835.429897,14.538892568827473,14.538892568827473,2.676827304749932,11.0,0,1
2020-04-14,6825.25,-0.0413745833819065,0.36194425112633244,124954002241.92078,76.3827415096471,0.076234375,15953398.79390275,8980732234.2238,13.91356506162668,13.91356506162668,2.6328642679663523,15.0,0,1
2020-04-15,6868.7,0.0063660671770264,0.4058701064247965,125758243683.28976,78.2997082429189,0.076234375,16353778.960496629,8997086013.184298,13.9776638234873,13.9776638234873,2.637460614364184,18.0,0,1
2020-04-16,6766.99,-0.0148077511028287,0.365265797644152,123904688726.9962,78.2997082429189,0.076234375,16353778.960496629,9013439792.144794,13.746659608796524,13.746659608796524,2.6207958570564043,13.0,0,1
2020-04-17,7057.49,0.0429289831963695,0.32904474536981265,129232799549.97185,75.8205613631548,0.076234375,15835981.116902065,9029275773.261696,14.312642873603178,14.312642873603178,2.661143263699791,15.0,0,1
2020-04-18,7061.69,0.0005951124266558,0.3804726630594093,129318717201.1698,75.7516964910897,0.076234375,15821597.910103882,9045097371.1718,14.297106144299743,14.297106144299743,2.660057149255304,18.0,0,1
2020-04-19,7241.6,0.0254769042537976,0.3370111577551922,132622592536.2698,75.682831430739,0.076234375,15807214.663980115,9060904585.83578,14.636793852082777,14.636793852082777,2.6835384853746707,16.0,0,1
2020-04-20,7159.5,-0.0113372735307114,0.35254975906138686,131128139657.46576,74.9941795092331,0.076234375,15663381.92746354,9076567967.763245,14.44688566462417,14.44688566462417,2.6704788663901,15.0,0,1
2020-04-21,6862.0,-0.0415531810880648,0.3971509763917225,125688090699.9753,74.3491207743689,0.076234375,15528654.120639805,9092096621.883884,13.823884185024498,13.823884185024498,2.6263978342071974,17.0,0,1
2020-04-22,6890.75,0.0041897406004081,0.3148060806153177,126223466034.2598,72.3974346161377,0.076234375,15121022.409766087,9107217644.29365,13.859717749618977,13.859717749618977,2.628986629169045,19.0,0,1
2020-04-23,7116.25,0.0327250299314298,0.28976919023362013,130363190432.47366,72.292099528886,0.076234375,15099021.986362789,9122316666.280012,14.290579378191488,14.290579378191488,2.659600535429989,19.0,0,1
2020-04-24,7536.36,0.059035306516775,0.22523870940347868,138068809204.07333,74.1940100515564,0.076234375,15496257.493216764,9137812923.77323,15.109612152911234,15.109612152911234,2.71533110771638,20.0,0,1
2020-04-25,7529.68,-0.0008863695471021,0.18696810488626325,137956004037.8717,73.3695558834284,0.076234375,15324060.922741748,9153136984.69597,15.071991631779785,15.071991631779785,2.7128381626175435,24.0,0,1
2020-04-26,7551.75,0.0029310674557219,0.17926308471546326,138369960720.75763,73.0322360950482,0.076234375,15253607.87276285,9168390592.568731,15.092066521785274,15.092066521785274,2.714169209843826,21.0,0,1
2020-04-27,7632.0,0.0106266759360413,0.1606721698113207,139850069176.8412,72.475429053063,0.076234375,15137312.429361911,9183527904.998096,15.22836001845526,15.22836001845526,2.723159480114654,28.0,0,1
2020-04-28,7705.88,0.0096802935010482,0.18966944722731216,141213643828.69632,73.0525204730399,0.076234375,15257844.494347673,9198785749.492443,15.351335238619727,15.351335238619727,2.731202456479421,26.0,0,1
2020-04-29,7719.0,0.0017025959397238,0.22324783002979665,141463870549.88916,74.1952142651355,0.076234375,15496509.006832024,9214282258.499275,15.352673879661388,15.352673879661388,2.7312896529779214,26.0,0,1
2020-04-30,8930.25,0.1569179945588807,0.05436577923350416,163673426301.9711,73.7776924530191,0.076234375,15409304.857803091,9229691563.35708,17.733358171119516,17.733358171119516,2.8754475083055486,44.0,0,1
2020-05-01,8822.69,-0.0120444556423391,0.06891662293472844,161713256100.3647,73.7606220127508,0.0496942140625,10042400.382698048,9239733963.739777,17.501938555264566,17.501938555264566,2.862311649380964,40.0,0,1
2020-05-02,9648.0,0.0935440324889573,-0.016009535655057916,176852793987.27246,74.8628611305279,0.076234375,15635954.599993393,9255369918.33977,19.108128097271813,19.108128097271813,2.9501137993607927,40.0,0,1
2020-05-03,10000.0,0.0364842454394693,-0.032079999999999886,183317802641.9884,77.3990601219833,0.076234375,16165668.421881698,9271535586.761652,19.77210796707057,19.77210796707057,2.984272256034223,45.0,0,1
2020-05-04,8843.0,-0.1157,0.07647517810697724,162119129795.13046,78.7810087858757,0.076234375,16454304.01824861,9287989890.779902,17.454705668453038,17.454705668453038,2.8596092781090734,44.0,0,1
2020-05-05,8918.22,0.0085061630668323,0.07465391075797645,163509428352.4206,79.285968853873,0.076234375,16559770.63519034,9304549661.415092,17.573062029049677,17.573062029049677,2.866367162999325,40.0,0,1
2020-05-06,8939.0,0.0023300613799615,0.09468173173733097,163901723090.05283,80.1739368630866,0.076234375,16745232.789169498,9321294894.204262,17.583578778519563,17.583578778519563,2.8669654425585778,42.0,0,1
2020-05-07,9250.0,0.0347913636872132,0.050117837837837964,169615783139.1539,81.2761474442232,0.076234375,16975441.925529324,9338270336.129791,18.16351176758184,18.16351176758184,2.899414733749914,49.0,0,1
2020-05-08,9806.41,0.0601524324324325,-0.010566557996249282,179830978300.3999,81.0691642570636,0.076234375,16932211.147697486,9355202547.277489,19.222563850606694,19.222563850606694,2.956084789578544,55.0,0,1
2020-05-09,10000.0,0.0197411692964091,-0.04642500000000005,183393683973.80008,80.258329375756,0.076234375,16762859.119191503,9371965406.39668,19.56832702867509,19.56832702867509,2.973912291227237,56.0,0,1
2020-05-10,9648.0,-0.0352,0.005582504145936973,176950407758.1728,80.5265036997025,0.076234375,16818870.35748495,9388784276.754166,18.846998987535265,18.846998987535265,2.9363536963142827,48.0,0,1
2020-05-11,8493.48,-0.1196641791044776,0.14882239082213666,155786501158.4846,80.5595163908939,0.076234375,16825765.431128908,9405610042.185295,16.563146936749806,16.563146936749806,2.8071801633156697,40.0,0,1
2020-05-12,8634.0,0.0165444552762825,0.14261755848969204,158374794810.63022,79.6616793446888,0.076234375,16638242.01724044,9422248284.202536,16.80859918286843,16.80859918286843,2.8218906115786733,39.0,0,1
2020-05-13,8817.13,0.021210331248552,0.05913262025171462,161745093241.80768,76.998680995638,0.076234375,16082044.71651189,9438330328.919048,17.13704517696532,17.13704517696532,2.841242504898924,41.0,0,1
2020-05-14,9295.61,0.054267091445856,0.017881559144585335,170534243281.93317,74.4878542740814,0.076234375,15557630.179933354,9453887959.098982,18.038530181416093,18.038530181416093,2.8925100357839075,40.0,0,1
2020-05-15,9656.5,0.0388237028016449,-0.026801636203593326,177167177351.60223,73.5748265999708,0.076234375,15366934.031731917,9469254893.130714,18.709727359871227,18.709727359871227,2.929043568286253,44.0,0,1
2020-05-16,9238.74,-0.0432620514679231,0.01528996378294023,169514193366.33966,72.8139709335098,0.076234375,15208020.727080235,9484462913.857794,17.87283000692234,17.87283000692234,2.883281682996577,41.0,0,1
2020-05-17,9379.72,0.0152596566198419,0.011618683713373157,172112725198.7303,67.5669755242411,0.076234375,14112126.437618678,9498575040.295412,18.11984686846012,18.11984686846012,2.897007849611139,40.0,0,1
2020-05-18,9748.47,0.0393135402762556,-0.026330285675598142,178891347416.2297,65.0450468392673,0.076234375,13585393.130513065,9512160433.425924,18.806594849641296,18.806594849641296,2.934207598198057,50.0,0,1
2020-05-19,9682.1,-0.0068082478583817,-0.032178969438448224,177685583187.10535,61.604624277179,0.076234375,12866821.996933062,9525027255.422855,18.654601023419023,18.654601023419023,2.9260928193320592,50.0,0,1
2020-05-20,9683.58,0.0001528594003366,-0.03565003851881221,177724912586.0362,59.3154385084372,0.076234375,12388699.67819628,9537415955.101051,18.63449318166528,18.63449318166528,2.925014335441184,52.0,0,1
2020-05-21,9587.25,-0.0099477672513678,-0.028403348196823885,175968988241.7679,58.3308192225066,0.076234375,12183050.812782949,9549599005.913836,18.42684579036193,18.42684579036193,2.913808611639242,49.0,0,1
2020-05-22,9060.0,-0.0549949151216458,0.028292494481236163,166302962756.7803,55.1978636933781,0.076234375,11528697.64383526,9561127703.55767,17.393655634878655,17.393655634878655,2.856105521045793,42.0,0,1
2020-05-23,9178.32,0.0130596026490066,0.01407447114504623,168486330530.20416,52.2800889424249,0.076234375,10919287.412247049,9572046990.969915,17.601912181286917,17.601912181286917,2.868007542806514,40.0,0,1
2020-05-24,9233.84,0.006049037296586,0.04416580750803556,169517091957.277,51.0934151696753,0.076234375,10671437.183769085,9582718428.153688,17.689875083801045,17.689875083801045,2.8729924467449,43.0,0,1
2020-05-25,8937.49,-0.032093906760351,0.0774837230587111,164087830533.8512,48.5619018418057,0.076234375,10142702.015675085,9592861130.16936,17.10520232778083,17.10520232778083,2.8393826469349297,41.0,0,1
2020-05-26,8905.5,-0.0035793047041171,0.043082364830722586,163511669108.67212,47.7306884993939,0.076234375,9969093.715262964,9602830223.884624,17.027445585987554,17.027445585987554,2.8348264884734102,39.0,0,1
2020-05-27,8858.25,-0.0053057099545225,0.04711201422402844,162655218063.44357,48.5744558111209,0.076234375,10145324.054043612,9612975547.938667,16.920381962099352,16.920381962099352,2.828518928515435,39.0,0,1
2020-05-28,9167.45,0.034905314255073,0.004357809423558123,168344225816.9327,48.10813264122,0.076234375,10047927.189919194,9623023475.128586,17.493901605044485,17.493901605044485,2.86185234048456,41.0,0,1
2020-05-29,9442.25,0.0299756202651773,-0.05271624877545078,173402263054.13437,48.7326591672097,0.076234375,10178366.6128774,9633201841.741465,18.000480619306447,18.000480619306447,2.8903984586122777,48.0,0,1
2020-05-30,9415.75,-0.0028065344594773,-0.027161936117675145,172927379528.7295,50.6648640068871,0.076234375,10581929.43020557,9643783771.171667,17.9314866064982,17.9314866064982,2.886558195864285,48.0,0,1
2020-05-31,9430.72,0.0015898892812573,-0.02677102066438186,173214103942.3867,52.4343789878787,0.076234375,10951512.631928943,9654735283.803598,17.940844451008804,17.940844451008804,2.887079926370612,51.0,0,1
2020-06-01,9493.54,0.0066612093244207,-0.03648902306199808,174379781270.68268,52.8277161722387,0.048407978125,7006254.599614903,9661741538.403214,18.048483348220703,18.048483348220703,2.893061656219265,50.0,0,1
2020-06-02,9679.2,0.0195564562850105,-0.045401479461112615,177802120002.18518,53.0043481738054,0.076234375,11070557.137842318,9672812095.541056,18.38163692688168,18.38163692688168,2.911352173183986,56.0,0,1
2020-06-03,9519.27,-0.0165230597570047,-0.04593524503454571,174876167735.54178,52.9527574703819,0.076234375,11059781.836386696,9683871877.377443,18.05849663749385,18.05849663749385,2.893616301860291,48.0,0,1
2020-06-04,9584.0,0.0067998911681252,-0.050782554257095214,176077264555.51596,53.5558493118701,0.076234375,11185744.38324547,9695057621.760689,18.16154905158152,18.16154905158152,2.8993066697325123,54.0,0,1
2020-06-05,9785.36,0.0210100166944908,-0.08593143226207323,179788854176.95236,55.3817970799952,0.076234375,11567114.210329477,9706624735.971018,18.52228339586334,18.52228339586334,2.918974515131152,53.0,0,1
2020-06-06,9713.59,-0.0073344261222888,-0.06945835679702361,178482314208.8245,56.447234247504,0.076234375,11789642.803663185,9718414378.77468,18.365373943987755,18.365373943987755,2.9104670408387814,54.0,0,1
2020-06-07,9702.79,-0.0011118443335573,-0.044086288582974587,178295958557.80344,56.0186591957762,0.076234375,11700130.06062466,9730114508.835306,18.324137747392804,18.324137747392804,2.908219193317393,54.0,0,1
2020-06-08,9535.75,-0.0172156668339725,-0.02967779146894578,175238349879.68512,56.7231065727182,0.076234375,11847261.85651935,9741961770.691826,17.987994000025783,17.987994000025783,2.889704535354135,53.0,0,1
2020-06-09,9701.86,0.0174197100385391,-0.028425477176541425,178303027392.55942,57.6007563434784,0.076234375,12030568.92978729,9753992339.621613,18.28000486203748,18.28000486203748,2.9058078320017606,52.0,0,1
2020-06-10,9757.5,0.0057349827764985,-0.05288547271329758,179337731947.59558,58.2631421245561,0.076234375,12168915.686032072,9766161255.307644,18.36317538276673,18.36317538276673,2.910347321369108,54.0,0,1
2020-06-11,9865.36,0.0110540609787344,-0.06324046968382313,181332410305.4214,59.7093035946479,0.076234375,12470962.8526664,9778632218.16031,18.543739682597053,18.543739682597053,2.920132248675151,52.0,0,1
2020-06-12,9338.51,-0.0534040318853037,-0.013199107780577424,171660135938.07666,59.0505281135075,0.076234375,12333370.148364857,9790965588.308676,17.532503243914455,17.532503243914455,2.8640564864518376,38.0,0,1
2020-06-13,9461.83,0.0132055327884212,-0.025981231960413576,173938754647.73923,57.3027213642412,0.076234375,11968320.956170067,9802933909.264845,17.743540480605308,17.743540480605308,2.876021533102098,38.0,0,1
2020-06-14,9397.69,-0.0067788155145462,-0.01620504613367757,172771325848.6506,57.9811751308655,0.076234375,12110023.692786504,9815043932.957632,17.60270529900606,17.60270529900606,2.868052600402707,40.0,0,1
2020-06-15,9380.0,-0.0018823774778695,-0.010682302771855112,172457747430.8562,56.9078515598016,0.076234375,11885847.934943149,9826929780.892574,17.549504400263658,17.549504400263658,2.8650257102119223,37.0,0,1
2020-06-16,9488.7,0.0115884861407249,-0.0293370008536471,174468043410.9356,56.8641884919905,0.076234375,11876728.409778325,9838806509.302353,17.732643003598078,17.732643003598078,2.875407178553231,39.0,0,1
2020-06-17,9491.79,0.0003256505106072,-0.04099226805481371,174536629027.90454,56.5947983069708,0.076234375,11820463.22515884,9850626972.527512,17.718326916111135,17.718326916111135,2.874599522892606,38.0,0,1
2020-06-18,9370.54,-0.0127741974906735,-0.022009403940434713,172318677802.4177,54.2956979597982,0.076234375,11340270.134668466,9861967242.66218,17.473053150793195,17.473053150793195,2.860659874233646,40.0,0,1
2020-06-19,9338.36,-0.0034341670810861,-0.017225722717907677,171738475437.31134,54.2330399887586,0.076234375,11327183.30929594,9873294425.971476,17.394242289134738,17.394242289134738,2.8561392485367394,39.0,0,1
2020-06-20,9314.94,-0.0025079350121434,-0.016731186674310394,171319300777.64606,54.0808332857505,0.076234375,11295393.219228454,9884589819.190704,17.331958524473475,17.331958524473475,2.8525521108718848,38.0,0,1
2020-06-21,9316.33,0.0001492226466299,-0.015672480472460726,171356396019.7696,53.8374127988965,0.076234375,11244552.099564042,9895834371.290268,17.316012939435172,17.316012939435172,2.851631676832584,37.0,0,1
2020-06-22,9307.5,-0.0009477981136348,0.00783776524308366,171205498878.33325,55.0277380364209,0.076234375,11493164.977726778,9907327536.267994,17.28069433978004,17.28069433978004,2.8495899442688803,38.0,0,1
2020-06-23,9641.66,0.0359022293849047,-0.027319984318053048,177364079821.19702,56.1374048080413,0.076234375,11724931.423734313,9919052467.691729,17.881151490921752,17.881151490921752,2.8837471687299727,41.0,0,1
2020-06-24,9630.0,-0.0012093353219259,-0.0035482866043613503,177161488956.67923,56.0672541703566,0.076234375,11710279.670255557,9930762747.361984,17.839665840747283,17.839665840747283,2.8814243960766217,50.0,0,1
2020-06-25,9289.17,-0.0353925233644859,0.03650810567574925,170902771919.4089,57.0876898261981,0.076234375,11923409.189298823,9942686156.551285,17.188792769728558,17.188792769728558,2.844257588291529,43.0,0,1
2020-06-26,9275.58,-0.0014629940026934,0.04969177129624236,170664195063.4773,58.2781979227665,0.076234375,12172060.259639457,9954858216.810925,17.14380972049145,17.14380972049145,2.8416371592116105,40.0,0,1
2020-06-27,9207.4,-0.0073504837433346,0.0785683254773335,169421093967.40277,58.2362284059032,0.076234375,12163294.451729525,9967021511.262651,16.998166781917583,16.998166781917583,2.8331055018836686,43.0,0,1
2020-06-28,8944.49,-0.0285542063992005,0.2173997623117696,164594442668.89008,58.35575200808,0.076234375,12188258.306824584,9979209769.569475,16.49373512227422,16.49373512227422,2.802980619247065,40.0,0,1
2020-06-29,9160.0,0.0240941629986728,0.19834388646288215,168571502069.19696,58.1295503060908,0.076234375,12141013.52497504,9991350783.09445,16.871742943348867,16.871742943348867,2.8256402073651072,41.0,0,1
2020-06-30,9178.25,0.0019923580786025,0.22280935908261368,168918668064.7437,57.0108543927793,0.076234375,11907361.240683656,10003258144.335136,16.88636498503267,16.88636498503267,2.82650649066684,44.0,0,1
2020-07-01,9147.13,-0.0033906245744015,0.21846196566573362,168357195777.7939,57.3887301159568,0.0479550984375,7539951.23812008,10010798095.573256,16.817559815959225,16.817559815959225,2.8224235676800946,42.0,0,1
2020-07-02,9239.75,0.0101255803732975,0.22750074406775078,170073286284.03262,57.7551733145273,0.076234375,12062820.659314156,10022860916.23257,16.96853699811295,16.96853699811295,2.8313608644580293,42.0,0,1
2020-07-03,9082.0,-0.0170729727535917,0.30461352125082586,167180806358.45105,56.7667519709597,0.076234375,11856377.69119488,10034717293.923763,16.660240788216583,16.660240788216583,2.8130250897084768,41.0,0,1
2020-07-04,9097.3,0.0016846509579386,0.23459707825398746,167473637837.29688,57.0451053957187,0.076234375,11914514.9497308,10046631808.873495,16.669630282397627,16.669630282397627,2.813588517896335,40.0,0,1
2020-07-05,8944.49,-0.0167972915040726,0.2731022115291091,164671531310.91708,56.9575958168213,0.076234375,11896237.585199963,10058528046.458694,16.371334906094237,16.371334906094237,2.795531933940719,38.0,0,1
2020-07-06,9038.9,0.0105551015206009,0.24084235913662067,166420763829.75128,56.7882655726698,0.076234375,11860871.050045202,10070388917.50874,16.52575339373499,16.52575339373499,2.80491997584737,40.0,0,1
2020-07-07,9275.03,0.0261237539966148,0.26053931901028893,170779691480.5455,57.0115781766011,0.076234375,11907512.411114585,10082296429.919851,16.938570757922367,16.938570757922367,2.829593314821653,43.0,0,1
2020-07-08,9252.75,-0.002402148564479,0.2809975412715138,170380813086.484,56.314714548913,0.076234375,11761964.566958329,10094058394.48681,16.879317161424673,16.879317161424673,2.8260890358273505,44.0,0,1
2020-07-09,9426.08,0.0187328091648428,0.22797599850627193,173584091449.24057,56.1668519514032,0.076234375,11731081.792418502,10105789476.27923,17.176697758911867,17.176697758911867,2.8435536838146813,44.0,0,1
2020-07-10,9241.47,-0.0195850236789842,0.2825611077025625,170195778090.1201,55.9197448151425,0.076234375,11679470.674361313,10117468946.953592,16.821971876806863,16.821971876806863,2.822685881728532,41.0,0,1
2020-07-11,9241.47,0.0,0.2594316705026365,170207107893.275,55.8687699485582,0.076234375,11668823.99738936,10129137770.95098,16.803711405861844,16.803711405861844,2.8215997790262284,44.0,0,1
2020-07-12,9215.25,-0.0028372109631908,0.28635793928542363,169735486717.61432,55.3080481052461,0.076234375,11551710.903488686,10140689481.85447,16.738061748299792,16.738061748299792,2.81768527271248,41.0,0,1
2020-07-13,9216.0,8.138683161074134e-05,0.21614583333333326,169760588807.86353,55.3489311016682,0.076234375,11560249.779325305,10152249731.633797,16.721474874568916,16.721474874568916,2.816693813967755,43.0,0,1
2020-07-14,9245.4,0.0031901041666666,0.25166244835269436,170313461262.0846,55.2111164180047,0.076234375,11531465.62514747,10163781197.258942,16.756899618029582,16.756899618029582,2.818810090950658,43.0,0,1
2020-07-15,9279.8,0.0037207692474094,0.25146878165477715,170958513566.07895,55.2438677422133,0.076234375,11538306.109343264,10175319503.368284,16.801291940708833,16.801291940708833,2.8214557846851336,44.0,0,1
2020-07-16,9210.33,-0.0074861527188084,0.27773163393711187,169689956884.7606,54.5156143442582,0.076234375,11386202.156919338,10186705705.525204,16.657981666508913,16.657981666508913,2.8128894809307754,43.0,0,1
2020-07-17,9102.7,-0.0116857919314508,0.30376152130686496,167718123293.545,52.9470852153393,0.076234375,11058597.1218168,10197764302.64702,16.44655811960771,16.44655811960771,2.800116222468539,41.0,0,1
2020-07-18,9164.3,0.0067672229118831,0.2912999356197421,168864307146.82544,52.1486020251156,0.076234375,10891824.883584715,10208656127.530603,16.54128663335361,16.54128663335361,2.8058594757692523,44.0,0,1
2020-07-19,9177.5,0.0014403718778304,0.34290384091528203,169118743280.2049,51.6090452725938,0.076234375,10779132.358090116,10219435259.888697,16.548736694286458,16.548736694286458,2.8063097662380723,41.0,0,1
2020-07-20,9159.09,-0.0020059929174611,0.313038740748262,168790673220.1516,51.6157766752172,0.076234375,10780538.287602084,10230215798.176296,16.499229004557392,16.499229004557392,2.803313652818273,44.0,0,1
2020-07-21,9170.32,0.0012261043400598,0.2775181236859783,169008817534.96158,50.5702548113299,0.076234375,10562169.230499938,10240777967.406796,16.503513509702483,16.503513509702483,2.8035732982200035,44.0,0,1
2020-07-22,9380.45,0.0229141404007713,0.26475808729858374,172892949609.28305,50.9004197716738,0.076234375,10631127.913784096,10251409095.32058,16.86528632324339,16.86528632324339,2.825257445733472,50.0,0,1
2020-07-23,9378.25,-0.0002345303263703,0.23829818996081364,172863833158.9807,50.9004197716738,0.076234375,10631127.913784096,10262040223.234364,16.84497715840154,16.84497715840154,2.8240525208707488,55.0,0,1
2020-07-24,9595.83,0.0232004904966278,0.20914501403213692,176886050748.4471,53.2666016045701,0.076234375,11125331.730680544,10273165554.965044,17.21826147958432,17.21826147958432,2.845970534529111,53.0,0,1
2020-07-25,9628.3,0.0033837614880629,0.21169780750495937,177496316821.20706,53.9269308870892,0.076234375,11263248.96396011,10284428803.929005,17.258743310410917,17.258743310410917,2.848318873642496,55.0,0,1
2020-07-26,9736.5,0.0112377055139536,0.2058748010065219,179502820170.7694,55.4126723152004,0.076234375,11573562.852134535,10296002366.78114,17.43422483564247,17.43422483564247,2.858435218895034,55.0,0,1
2020-07-27,9930.81,0.0199568633492528,0.13361145767565796,183097216227.4521,55.8275952581551,0.076234375,11660224.197968263,10307662590.979109,17.76321397905401,17.76321397905401,2.8771296884804967,58.0,0,1
2020-07-28,10889.02,0.0964886046556123,0.05732655463944414,200777253507.08487,57.2632861509625,0.076234375,11960084.466204882,10319622675.445312,19.45587157801977,19.45587157801977,2.9681489051256533,76.0,0,1
2020-07-29,10976.83,0.0080640865752841,0.02769378773288822,202409681484.07248,57.8254715475555,0.076234375,12077503.239748428,10331700178.68506,19.59113001572154,19.59113001572154,2.975076913586428,71.0,0,1
2020-07-30,11223.25,0.0224491041584866,0.024917915933441837,206967233389.25125,58.1891708302195,0.076234375,12153465.945232917,10343853644.630293,20.00871633529852,20.00871633529852,2.996167995378374,76.0,0,1
2020-07-31,11145.43,-0.0069338204174369,0.012147579770363182,205545694668.7592,58.2235085782895,0.076234375,12160637.771980926,10356014282.402271,19.84795395831368,19.84795395831368,2.988100926672665,75.0,0,1
2020-08-01,11341.8,0.017618880563603,0.028231850323581886,209180946555.4569,58.2618433666257,0.0480666671875,7672472.972147539,10363686755.37442,20.184028279992106,20.184028279992106,3.004891612447174,75.0,0,1
2020-08-02,11848.5,0.0446754483415332,-0.014537705194750394,218540574184.2827,57.6490010968649,0.076234375,12040645.39176386,10375727400.766184,21.06267500514179,21.06267500514179,3.047502516927524,80.0,0,1
2020-08-03,11231.5,-0.0520741022070304,0.07082758313671378,207173890010.21585,58.7603299093995,0.076234375,12272758.973799665,10388000159.739985,19.94357786141981,19.94357786141981,2.9929071798028963,75.0,0,1
2020-08-04,11387.25,0.0138672483639763,-0.0014656743287448926,210060624139.19983,58.8992359897882,0.076234375,12301771.078517834,10400301930.8185,20.19755056502173,20.19755056502173,3.005561337897333,72.0,0,1
2020-08-05,11215.85,-0.015051922105864,-0.03864174360391759,206912396125.81345,57.9333772783408,0.076234375,12100040.57110551,10412401971.389606,19.87172572614381,19.87172572614381,2.989297903630045,75.0,0,1
2020-08-06,11691.54,0.0424123004498098,-0.09250620534164022,215702184558.31305,59.1802368424407,0.076234375,12360461.282288875,10424762432.671896,20.69132855078674,20.69132855078674,3.0297147019137576,79.0,0,1
2020-08-07,11852.75,0.0137886026990454,-0.14859505178123222,218690762407.8056,59.1475843821257,0.076234375,12353641.446934558,10437116074.11883,20.95317910184963,20.95317910184963,3.0422903819607137,77.0,0,1
2020-08-08,11575.0,-0.0234333804391385,-0.11537537796976238,213580101872.5189,59.7852210882587,0.076234375,12486819.07917869,10449602893.198008,20.43906395826249,20.43906395826249,3.0174479696813457,77.0,0,1
2020-08-09,11852.75,0.0239956803455723,-0.1434485667882981,218719434237.99783,61.0306247397043,0.076234375,12746935.706550395,10462349828.904558,20.905383380866983,20.905383380866983,3.0400067038351524,79.0,0,1
2020-08-10,11639.0,-0.0180337896268798,-0.1400266345906006,214789161338.12512,59.9499501090558,0.076234375,12521224.596835757,10474871053.501394,20.505184287335776,20.505184287335776,3.0206777462377143,78.0,0,1
2020-08-11,11854.11,0.0184818283357677,-0.13430869124717082,218773178302.48764,60.7590280451018,0.076234375,12690209.667467965,10487561263.16886,20.8602527139264,20.8602527139264,3.037845564260816,84.0,0,1
2020-08-12,11208.0,-0.0545051463163409,-0.080903818700928,206862447795.7965,62.6812851539758,0.076234375,13091694.78879486,10500652957.957657,19.69996043332058,19.69996043332058,2.9806166272810417,75.0,0,1
2020-08-13,11572.12,0.0324875089221985,-0.10759999032156609,213596860042.58945,62.428093581305,0.076234375,13038812.867430951,10513691770.825089,20.31606639214105,20.31606639214105,3.0114120209067363,75.0,0,1
2020-08-14,11613.38,0.0035654659647497,-0.10086469227735584,214372442151.72247,63.6109601004793,0.076234375,13285867.90797254,10526977638.73306,20.364101597685405,20.364101597685405,3.0137736251106046,78.0,0,1
2020-08-15,11768.33,0.0133423688882996,-0.12791364620128765,217246868315.4785,64.5034839315564,0.076234375,13472281.596834917,10540449920.329897,20.61077752444548,20.61077752444548,3.0258141197825017,79.0,0,1
2020-08-16,11867.75,0.0084480975635454,-0.09916285732341856,219096494102.9789,64.3184037772482,0.076234375,13433625.51494837,10553883545.844845,20.759798338805734,20.759798338805734,3.033018344320148,82.0,0,1
2020-08-17,11833.86,-0.0028556381790987,-0.08140708103695671,218485089225.7204,63.6318982741736,0.076234375,13290241.082178636,10567173786.92702,20.67583004038554,20.67583004038554,3.028965387160016,83.0,0,1
2020-08-18,12324.5,0.0414606899185894,-0.10750618686356439,227558471193.0524,62.7898881137375,0.076234375,13114377.744303305,10580288164.671324,21.507776314911126,21.507776314911126,3.0684145588055283,82.0,0,1
2020-08-19,12026.24,-0.0242005760882794,-0.09057693842797077,222065898533.1833,61.6471600388599,0.076234375,12875706.071472492,10593163870.742796,20.963132567646387,20.963132567646387,3.0427653028489026,80.0,0,1
2020-08-20,11715.25,-0.0258592876909158,-0.07066686583726334,216337525049.99124,61.5870164559717,0.076234375,12863144.404481418,10606027015.147278,20.39760267827181,20.39760267827181,3.015417378173661,75.0,0,1
2020-08-21,11864.0,0.0126971255414951,-0.06539699932569121,219098654399.6859,60.8652938896446,0.076234375,12712404.490050342,10618739419.63733,20.63320755329063,20.63320755329063,3.026901795040563,81.0,0,1
2020-08-22,11613.07,-0.0211505394470667,-0.062315993961975624,214478555971.0464,59.6624222318787,0.076234375,12461171.150228431,10631200590.787558,20.174443529633173,20.174443529633173,3.004416631601301,78.0,0,1
2020-08-23,11602.75,-0.0008886539046091,-0.09530068302773054,214301896049.5366,59.9631401463202,0.076234375,12523979.485183911,10643724570.27274,20.134107626954982,20.134107626954982,3.0024152738256245,76.0,0,1
2020-08-24,11666.59,0.0055021438883022,-0.09665120656507176,215495023236.5339,61.6252932404788,0.076234375,12871138.943505824,10656595709.216248,20.22175084020174,20.22175084020174,3.0067587993689773,78.0,0,1
2020-08-25,11741.0,0.0063780419128467,-0.12933310620901117,216883549495.9159,61.1807437265673,0.076234375,12778289.753506929,10669373998.969755,20.327673349613423,20.327673349613423,3.0119831769008285,75.0,0,1
2020-08-26,11257.68,-0.0411651477727621,-0.055542527412397624,207969009673.8623,61.7288070514597,0.076234375,12892758.972777048,10682266757.942532,19.468621631193788,19.468621631193788,2.9688040223836474,76.0,0,1
2020-08-27,11513.25,0.0227018355469332,-0.0686617592773544,212704091474.45184,60.9857051290455,0.076234375,12737553.738211172,10695004311.680742,19.888172578120724,19.888172578120724,2.9901252122307422,75.0,0,1
2020-08-28,11280.82,-0.020188044209932,-0.05747986405243588,208423530331.5266,61.5665237110518,0.076234375,12858864.263108809,10707863175.943851,19.464530589050508,19.464530589050508,2.9685938651307646,74.0,0,1
2020-08-29,11502.91,0.0196873986110939,-0.06638841823503794,212540625514.37503,62.2572341839933,0.076234375,13003126.951357162,10720866302.895208,19.82494879699952,19.82494879699952,2.9869411847684977,79.0,0,1
2020-08-30,11280.82,-0.0193072883296487,-0.036539896922386794,208450548008.0117,60.5305841985955,0.076234375,12642496.58839672,10733508799.483604,19.420541027370327,19.420541027370327,2.9663313217629805,75.0,0,1
2020-08-31,11662.0,0.0337900968192028,-0.07762390670553931,215508067570.45435,60.4637418409696,0.076234375,12628535.806596346,10746137335.2902,20.0544680238478,20.0544680238478,2.9984519730087085,75.0,0,1
2020-09-01,11676.25,0.0012219173383638,-0.08339149983941774,215785366399.7737,61.8726328928196,0.0483512296875,8196213.381838597,10754333548.67204,20.064968733131696,20.064968733131696,2.9989754454386577,75.0,0,1
2020-09-02,12027.0,0.0300396103200941,-0.11771430947035832,222281853204.46213,61.7998186769879,0.076234375,12907590.55329726,10767241139.225336,20.64427185481001,20.64427185481001,3.027437888907874,83.0,0,1
2020-09-03,11370.56,-0.054580527147252,-0.07375450285649954,210163179730.4289,61.6229522817356,0.076234375,12870650.007816264,10780111789.233152,19.495454577784013,19.495454577784013,2.970181339822827,79.0,0,1
2020-09-04,10782.45,-0.0517221667182618,-0.015877653038038786,199305963083.2733,59.9465004739537,0.076234375,12520504.101559078,10792632293.334711,18.466853837535098,18.466853837535098,2.9159774406403574,40.0,0,1
2020-09-05,10610.0,-0.0159935821636085,-2.3562676720101372e-05,196131013174.9669,59.6685127465425,0.076234375,12462443.223047124,10805094736.557758,18.15171620026438,18.15171620026438,2.8987651127290723,41.0,0,1
2020-09-06,10091.49,-0.0488699340245052,0.06465943086699788,186558145166.34183,61.0933116625518,0.076234375,12760028.578835197,10817854765.136593,17.245391920732285,17.245391920732285,2.8475449727604385,41.0,0,1
2020-09-07,10239.53,0.0146697861267266,0.029848049666342025,189307125772.04324,62.4035857595616,0.076234375,13033694.131887889,10830888459.26848,17.478448465605293,17.478448465605293,2.8609686057390427,41.0,0,1
2020-09-08,10152.49,-0.0085003901546263,0.05107220002186663,187710044302.5681,62.2020337814101,0.076234375,12991597.723437494,10843880056.99192,17.310228748015007,17.310228748015007,2.8512975838908097,41.0,0,1
2020-09-09,10009.23,-0.0141108240441507,0.08834845437661043,185073227409.66,62.2543945250931,0.076234375,13002533.856503818,10856882590.848425,17.04662695400828,17.04662695400828,2.8359523515485887,38.0,0,1
2020-09-10,10262.0,0.0252536908433516,0.07551939193139745,189759231377.5028,63.7540244790412,0.076234375,13315748.520258648,10870198339.36868,17.4568324747351,17.4568324747351,2.8597311178444627,38.0,0,1
2020-09-11,10301.23,0.0038228415513543,0.057497988104333375,190496913651.7968,63.7031377480612,0.076234375,13305120.251403706,10883503459.620085,17.503271291140525,17.503271291140525,2.8623877943823763,41.0,0,1
2020-09-12,10326.96,0.0024977599762359,0.10606800065072397,190985016813.8901,65.1824458010924,0.076234375,13614090.45648672,10897117550.076572,17.52619588953118,17.52619588953118,2.863696669652742,41.0,0,1
2020-09-13,10442.0,0.0111397739509013,0.10754548936985242,193124965309.84845,65.6393571018143,0.076234375,13709521.545366094,10910827071.62194,17.70030484784685,17.70030484784685,2.873581862473664,38.0,0,1
2020-09-14,10263.0,-0.0171423099023175,0.1136919029523531,189826557209.9658,65.642849488839,0.076234375,13710250.96986496,10924537322.591805,17.37616446395463,17.37616446395463,2.855099408713329,39.0,0,1
2020-09-15,10690.91,0.0416944363246614,0.06571844679264904,197753971055.0068,65.7020940592519,0.076234375,13722624.867940497,10938259947.459743,18.079106915074945,18.079106915074945,2.894756957453891,47.0,0,1
2020-09-16,10870.5,0.0167983829253075,0.061772687548870886,201088827781.49973,66.057560932072,0.076234375,13796868.141591577,10952056815.601336,18.36082766618287,18.36082766618287,2.910219464033733,43.0,0,1
2020-09-17,10999.54,0.0118706591233155,0.02840664245959368,203488941554.0953,67.2424502791147,0.076234375,14044345.672594205,10966101161.273932,18.556179499118905,18.556179499118905,2.920802860216224,48.0,0,1
2020-09-18,10936.94,-0.0056911470843326,0.05532260394589339,202343832432.9513,68.8420507945617,0.076234375,14378440.31792237,10980479601.591854,18.42759513014507,18.42759513014507,2.9138492764690165,49.0,0,1
2020-09-19,10887.37,-0.0045323463418469,0.05322681235229454,201439651536.114,67.5979170145204,0.076234375,14118588.917544736,10994598190.5094,18.321692893697367,18.321692893697367,2.908085761837943,48.0,0,1
2020-09-20,11088.13,0.0184397150092261,0.05875562425765235,205167284576.97217,67.3207487304972,0.076234375,14060699.189045198,11008658889.698444,18.636900882537223,18.636900882537223,2.925143533767984,52.0,0,1
2020-09-21,10889.39,-0.0179236715298251,0.09351488008051878,201502835133.4965,66.4591308863922,0.076234375,13880740.564841934,11022539630.263288,18.280980780532094,18.280980780532094,2.9058612177886967,48.0,0,1
2020-09-22,10497.0,-0.0360341580198706,0.22463561017433542,194254280905.6764,65.7269093138506,0.076234375,13727807.814309806,11036267438.077597,17.601447409244138,17.601447409244138,2.8679811378242506,39.0,0,1
2020-09-23,10539.0,0.0040011431837667,0.2456001518170603,195043994687.21844,65.9115197914189,0.076234375,13766365.798901232,11050033803.876495,17.650986245742928,17.650986245742928,2.8707916597639667,43.0,0,1
2020-09-24,10222.5,-0.0300313122687162,0.2656033259965762,189198661795.9376,64.2865900773987,0.076234375,13426980.864196412,11063460784.740694,17.101218640092288,17.101218640092288,2.8391497264718217,39.0,0,1
2020-09-25,10632.4,0.040097823428711,0.2346582145141265,196797689531.3772,65.5154788096099,0.076234375,13683648.164044805,11077144432.90474,17.766103053309315,17.766103053309315,2.8772923189222266,46.0,0,1
2020-09-26,10722.73,0.0084957300327301,0.21396323510896953,198482303575.7876,66.4551172732665,0.076234375,13879902.276381304,11091024335.18112,17.89575945173925,17.89575945173925,2.884563782643493,45.0,0,1
2020-09-27,10632.4,-0.0084241606381957,0.22507618223543147,196822818038.15732,67.0319728129347,0.076234375,14000385.075098816,11105024720.256218,17.723762260442427,17.723762260442427,2.874906239821556,47.0,0,1
2020-09-28,10739.25,0.0100494714269592,0.26786414321298047,198813464809.08496,65.6166208184519,0.076234375,13704772.81563471,11118729493.071852,17.880951680042838,17.880951680042838,2.883735994282096,43.0,0,1
2020-09-29,10868.62,0.0120464650697209,0.21648654567001135,201221292429.81323,66.0149056333981,0.076234375,13787959.100400228,11132517452.172253,18.075093373471383,18.075093373471383,2.8945349339220185,45.0,0,1
2020-09-30,10756.75,-0.010292935073634,0.2548827480419271,199162824828.6022,66.3176374869846,0.076234375,13851188.069306413,11146368640.24156,17.867956036333464,17.867956036333464,2.883008943017485,49.0,0,1
2020-10-01,10702.55,-0.0050386966323472,0.27643318648359516,198171923937.82352,64.9443228436351,0.048675271875,8660774.167538937,11155029414.4091,17.76525337367934,17.76525337367934,2.877244491891932,45.0,0,1
2020-10-02,10611.25,-0.0085306772685013,0.27208952762398386,196493889778.7143,62.2177486264755,0.076234375,12994879.946428675,11168024294.355528,17.59432864755004,17.59432864755004,2.8675766141802943,41.0,0,1
2020-10-03,10531.93,-0.0074750854046412,0.3124925820813469,195037488360.5852,61.6413127940684,0.076234375,12874484.80831591,11180898779.163843,17.44381129038098,17.44381129038098,2.8589849318975253,40.0,0,1
2020-10-04,10611.25,0.007531383136804,0.284179526445989,196518885112.1116,61.3534995547895,0.076234375,12814371.760608643,11193713150.924452,17.556183766946155,17.556183766946155,2.865406239243644,42.0,0,1
2020-10-05,10609.75,-0.0001413594062904,0.2947458705436037,196503592325.1284,61.7172454353335,0.076234375,12890344.198586993,11206603495.12304,17.534625224372757,17.534625224372757,2.864177510359616,42.0,0,1
2020-10-06,10744.0,0.0126534555479629,0.30500837676842885,199002680804.7201,60.7147187628333,0.076234375,12680955.1731106,11219284450.29615,17.737555517586255,17.737555517586255,2.875684172436795,47.0,0,1
2020-10-07,10545.16,-0.0185070737155621,0.4456983108838559,195332122732.7145,60.2272281174512,0.076234375,12579137.242510462,11231863587.53866,17.390891654829954,17.390891654829954,2.855946601049997,43.0,0,1
2020-10-08,10671.0,0.0119334367615095,0.45695248805172883,197675647489.0832,62.5316416982455,0.076234375,13060440.061889544,11244924027.60055,17.579100312629095,17.579100312629095,2.866710714191432,46.0,0,1
2020-10-09,10893.53,0.0208537156780059,0.39946555432444764,201810715916.1344,63.021651152812,0.076234375,13162784.07425384,11258086811.674805,17.92584470985369,17.92584470985369,2.886243510053381,48.0,0,1
2020-10-10,11036.98,0.0131683669113684,0.4118816922745172,204481192506.5968,62.6604286219913,0.076234375,13087338.666382514,11271174150.341185,18.14196017017508,18.14196017017508,2.89822749674194,53.0,0,1
2020-10-11,10893.53,-0.0129972148178214,0.41290288822815,201836291056.9176,61.8501802153336,0.076234375,12918109.129735127,11284092259.47092,17.88679908102604,17.88679908102604,2.884062959266524,55.0,0,1
2020-10-12,11422.32,0.0485416572956607,0.3473182330734912,211647157883.9751,62.7012714732096,0.076234375,13095869.157439625,11297188128.62836,18.734498839373764,18.734498839373764,2.930366681921158,52.0,0,1
2020-10-13,11564.99,0.0124904572801323,0.3687646941328959,214304287343.60056,65.5309642003434,0.076234375,13686882.462905629,11310875011.091269,18.946747014130835,18.946747014130835,2.9416322552694707,56.0,0,1
2020-10-14,11429.82,-0.0116878613816354,0.4132602263202745,211812923372.1763,65.9841812500102,0.076234375,13781541.965702042,11324656553.056969,18.703695108086936,18.703695108086936,2.928721103703296,53.0,0,1
2020-10-15,11393.5,-0.003177652841427,0.42958792293851755,211153201366.5311,65.8978004938072,0.076234375,13763500.368548172,11338420053.425516,18.62280638498116,18.62280638498116,2.9243869793416626,56.0,0,1
2020-10-16,11542.0,0.0130337473120638,0.39952434586726726,213918832301.15265,67.1541264529368,0.076234375,14025898.24331672,11352445951.668833,18.843413411689145,18.843413411689145,2.9361634317016825,52.0,0,1
2020-10-17,11312.0,-0.0199272223184889,0.4053589108910891,209669262064.8966,68.6116166709298,0.076234375,14330311.546980586,11366776263.215813,18.445798281735367,18.445798281735367,2.914836609143593,56.0,0,1
2020-10-18,11542.0,0.0203323903818952,0.44738346906948534,213945839993.7132,67.8540879805122,0.076234375,14172093.118874958,11380948356.334688,18.79859509903056,18.79859509903056,2.933782138268599,55.0,0,1
2020-10-19,11466.87,-0.0065092704903828,0.5380744701910809,212566615048.04623,66.8659663762684,0.076234375,13965712.75470092,11394914069.08939,18.654516722040825,18.654516722040825,2.9260883002555813,55.0,0,1
2020-10-20,11739.62,0.0237859154241741,0.5143437351464526,217636425342.8932,65.7806412730439,0.076234375,13739030.34123207,11408653099.430622,19.076434654127127,19.076434654127127,2.948453785567836,56.0,0,1
2020-10-21,11907.71,0.0143181806566139,0.5079339352402772,220766491590.1273,64.8565232637544,0.076234375,13546017.851192538,11422199117.281816,19.327844780442245,19.327844780442245,2.961546790906945,61.0,0,1
2020-10-22,12855.0,0.0795526595793818,0.445507584597433,238344061073.9893,64.3870199986627,0.076234375,13447956.788248084,11435647074.070065,20.84220154139124,20.84220154139124,3.036979851487556,73.0,0,1
2020-10-23,13127.38,0.0211886425515364,0.42231351572057796,243409566845.08737,63.2517180889691,0.076234375,13210836.153941792,11448857910.224005,21.260598109765947,21.260598109765947,3.0568555056208933,74.0,0,1
2020-10-24,12937.63,-0.0144545217705284,0.42923317485505463,239906288030.5181,63.2784104880798,0.076234375,13216411.163156737,11462074321.38716,20.93044254501782,20.93044254501782,3.041204680286828,73.0,0,1
2020-10-25,13127.38,0.0146665192929462,0.4039816018123952,243440182353.80545,63.1754590874429,0.076234375,13194908.59964186,11475269229.986803,21.21433296899522,21.21433296899522,3.054677036679684,76.0,0,1
2020-10-26,13017.0,-0.0084083800423236,0.45571560267342703,241408413020.0948,62.2624687427094,0.076234375,13004220.248102704,11488273450.234903,21.01346334293241,21.01346334293241,3.0451633438674066,75.0,0,1
2020-10-27,13025.5,0.0006529922409157,0.44873287013934204,241581221779.8128,59.3298315386974,0.076234375,12391705.82522708,11500665156.060131,21.00584779242221,21.00584779242221,3.044800865264697,61.0,0,1
2020-10-28,13615.91,0.0453272427162105,0.25201400420537445,252547283525.4532,57.5078821278156,0.076234375,12011171.100240253,11512676327.160374,21.936453032180783,21.936453032180783,3.088149775058413,70.0,0,1
2020-10-29,13221.53,-0.0289646450365784,0.28628154230259284,245247725748.737,55.6531666035523,0.076234375,11623792.802171731,11524300119.962543,21.280921461244805,21.280921461244805,3.057810965286176,67.0,0,1
2020-10-30,13498.46,0.0209453822666512,0.26368119029874526,250400232543.78284,54.4122629643742,0.076234375,11364616.053218396,11535664736.015764,21.70661494365405,21.70661494365405,3.077617050206416,74.0,0,1
2020-10-31,13661.09,0.0120480410357923,0.3252053825866017,253432945857.57828,52.0300750926395,0.076234375,10867069.194220385,11546531805.209984,21.948837116892985,21.948837116892985,3.088714159388509,73.0,0,1
2020-11-01,13498.46,-0.0119046137606882,0.43605270527156437,250431609055.4893,52.7907345344954,0.0517848265625,7489750.772536503,11554021555.98252,21.674843502937645,21.674843502937645,3.0761523024761868,72.0,0,1
2020-11-02,13823.08,0.0240486692556041,0.37841928137578607,256470210095.5192,52.0452070911333,0.076234375,10870229.683118124,11564891785.66564,22.17661996746107,22.17661996746107,3.0990385793023663,71.0,0,1
2020-11-03,13626.75,-0.0142030574951458,0.40598381859210764,252843367530.91412,54.1160623966836,0.076234375,11302751.217184044,11576194536.882824,21.84166538712976,21.84166538712976,3.083819401958974,71.0,0,1
2020-11-04,13736.93,0.0080855669913957,0.4166738856498504,254903688427.419,56.6657125844469,0.076234375,11835274.4734382,11588029811.356262,21.99715504508053,21.99715504508053,3.0909131288635607,74.0,0,1
2020-11-05,14021.01,0.0206800209362645,0.3420210098987164,260191362847.67868,58.2652103413309,0.076234375,12169347.65647917,11600199159.01274,22.42990480430879,22.42990480430879,3.110395104399561,72.0,0,1
2020-11-06,15245.12,0.0873054080982753,0.24699051237379566,282925148037.79565,60.7555195698777,0.076234375,12689476.882766835,11612888635.895508,24.36302946738612,24.36302946738612,3.19306679748151,90.0,0,1
2020-11-07,15547.14,0.0198109296614259,0.23112675385955228,288548171865.9406,62.9545457092633,0.076234375,13148768.343985256,11626037404.239492,24.81913328101973,24.81913328101973,3.211614858982198,88.0,0,1
2020-11-08,15245.12,-0.0194260809383589,0.2518766661069245,282960467029.3066,63.9095752088098,0.076234375,13348237.048107147,11639385641.2876,24.310601585841454,24.310601585841454,3.190912534457116,82.0,0,1
2020-11-09,15582.91,0.0221572542557879,0.20420768649757992,289248131975.4612,70.1338648490577,0.076234375,14648250.282472285,11654033891.570072,24.819571889583088,24.819571889583088,3.211632531021058,90.0,0,1
2020-11-10,15391.5,-0.0122833283385452,0.2034590520741968,285713010112.4148,71.7521740999384,0.076234375,14986252.458630113,11669020144.028702,24.484747355468446,24.484747355468446,3.198050366762,90.0,0,1
2020-11-11,15389.5,-0.0001299418510216,0.19235517723122908,285693681184.78937,72.7191987135527,0.076234375,15188226.477886286,11684208370.506588,24.451265513711704,24.451265513711704,3.19668197383343,86.0,0,1
2020-11-12,15829.75,0.0286071672244061,0.144014908637218,293884865686.05804,75.0054930114643,0.076234375,15665744.880262597,11699874115.38685,25.118634849204177,25.118634849204177,3.2236099949482524,87.0,0,1
2020-11-13,16153.31,0.0204399943145028,0.13597460830009456,299910533400.5584,74.7076271146562,0.076234375,15603532.221421558,11715477647.608273,25.59951394399916,25.59951394399916,3.2425733647427366,89.0,0,1
2020-11-14,16288.01,0.0083388481989141,0.18277370900435352,302430251238.1236,74.6298044145173,0.076234375,15587278.070994427,11731064925.679268,25.780289611738883,25.780289611738883,3.2496102314176416,90.0,0,1
2020-11-15,16153.31,-0.0082698868677021,0.18867216688096766,299947832297.3678,75.5943134488404,0.076234375,15788726.68308614,11746853652.362354,25.5343125209572,25.5343125209572,3.240023136727864,86.0,0,1
2020-11-16,15897.42,-0.0158413353052717,0.22256252901414197,295214599064.42126,74.1662834981408,0.076234375,15490466.48918788,11762344118.851542,25.09827939749527,25.09827939749527,3.2227992938874994,90.0,0,1
2020-11-17,16705.7,0.0508434701983089,0.2691835720742022,310243598058.17255,75.4098325830143,0.076234375,15750195.769371867,11778094314.620913,26.34072964359328,26.34072964359328,3.2711163969031207,86.0,0,1
2020-11-18,17636.9,0.0557414535158657,0.29238018019039624,327557355652.1046,77.5438353886621,0.076234375,16195906.372486403,11794290220.9934,27.772536499828085,27.772536499828085,3.324047636716394,91.0,0,1
2020-11-19,17777.82,0.0079900662814893,0.2888323765231058,330195041831.08594,76.3829849316372,0.076234375,15953449.63533638,11810243670.628736,27.958359796780343,27.958359796780343,3.330716253154925,94.0,0,1
2020-11-20,17956.04,0.0100248511909784,0.33682482329065877,333525874690.0372,79.0091278423503,0.076234375,16501949.26125116,11826745619.889986,28.20098490400605,28.20098490400605,3.339356903008154,86.0,0,1
2020-11-21,18582.0,0.0348606931149628,0.2778629856850716,345174205204.1393,81.4970953524193,0.076234375,17021589.393170107,11843767209.283155,29.143953870825108,29.143953870825108,3.372247476903236,91.0,0,1
2020-11-22,18671.25,0.0048030351953503,0.23907076387494142,346853568937.0873,83.7897429264873,0.076234375,17500434.74907241,11861267644.032228,29.242537926509065,29.242537926509065,3.375624427507228,94.0,0,1
2020-11-23,18490.89,-0.0096597710383611,0.2676317905736285,343524305168.7475,83.1833008565118,0.076234375,17373772.469131894,11878641416.50136,28.91949450477868,28.91949450477868,3.364515918049929,90.0,0,1
2020-11-24,18430.6,-0.0032605245069329,0.2639382331557303,342425418661.2128,81.6250049364765,0.076234375,17048304.755353972,11895689721.256714,28.7856716747852,28.7856716747852,3.359877752049914,88.0,0,1
2020-11-25,18949.05,0.0281298492724058,0.23500914293856434,352079562520.39374,80.5861415553213,0.076234375,16831326.397620402,11912521047.654337,29.555419974659426,29.555419974659426,3.3862671441114047,94.0,0,1
2020-11-26,18870.47,-0.0041469097395382,0.2936932678412354,350641188239.6421,81.5508005304372,0.076234375,17032806.326541226,11929553853.980877,29.39264892313081,29.39264892313081,3.380744606452063,93.0,0,1
2020-11-27,17047.31,-0.0966144457451245,0.564850994086457,316783749348.84424,80.5119363009796,0.076234375,16815827.79163011,11946369681.772509,26.51715607229077,26.51715607229077,3.2777919224742456,86.0,0,1
2020-11-28,17006.61,-0.0023874734488902,0.5738586349660513,316046945750.9224,79.398868513785,0.076234375,16583351.005083775,11962953032.77759,26.41880686858651,26.41880686858651,3.2740761379149474,87.0,0,1
2020-11-29,17057.75,0.0030070660760728,0.5585214931629316,317016878372.229,78.0061739510098,0.076234375,16292471.006291812,11979245503.783882,26.46384350935065,26.46384350935065,3.2757794054830565,89.0,0,1
2020-11-30,18103.75,0.0613211003795928,0.48549941310501965,336477450267.8174,76.2267493420946,0.076234375,15920818.066784227,11995166321.850666,28.05108668271506,28.05108668271506,3.3340273721350533,88.0,0,1
2020-12-01,19384.5,0.0707450113926673,0.49072506383966563,360303756675.6437,78.0774732169626,0.0522015062499999,11166470.427724604,12006332792.27839,30.009476074773232,30.009476074773232,3.401513200945103,95.0,0,1
2020-12-02,19054.0,-0.0170497046609404,0.5213393513173086,354182500438.82355,76.8683535235152,0.076234375,16054824.351080077,12022387616.62947,29.46024631154924,29.46024631154924,3.383041771880362,92.0,0,1
2020-12-03,19158.99,0.0055101291067494,0.5265898672111629,356156017947.6072,78.0730605650745,0.076234375,16306441.03154959,12038694057.66102,29.584273530147687,29.584273530147687,3.387242920483168,92.0,0,1
2020-12-04,19460.75,0.0157503083408885,0.4895417699728941,361787846027.38354,77.9595476254194,0.076234375,16282732.57125091,12054976790.232271,30.011492541447915,30.011492541447915,3.401580393018871,92.0,0,1
2020-12-05,18816.49,-0.0331056100098916,0.7489521159366064,349832152492.69824,77.8460346857644,0.076234375,16259024.110952243,12071235814.343224,28.980641077115106,28.980641077115106,3.366628058011393,93.0,0,1
2020-12-06,19010.52,0.0103117000035606,0.6320226905944708,353461242032.3531,77.0125698339804,0.076234375,16084945.557362596,12087320759.900587,29.24231507158748,29.24231507158748,3.3756168065623107,95.0,0,1
2020-12-07,19140.5,0.0068372669448284,0.766604320681278,355899814392.0853,79.6693290019782,0.076234375,16639839.734616932,12103960599.635204,29.403583352940824,29.403583352940824,3.381116549670626,94.0,0,1
2020-12-08,19085.01,-0.0028990883205768,0.8832659768058808,354889819160.86346,79.0407740410701,0.076234375,16508558.927499186,12120469158.562704,29.28020479389989,29.28020479389989,3.3769116833958326,95.0,0,1
2020-12-09,18765.06,-0.0167644659342592,1.116279937287704,348961695180.4744,79.669329331995,0.076234375,16639839.803544672,12137108998.36625,28.75163230613216,28.75163230613216,3.3586945414971376,86.0,0,1
2020-12-10,18523.04,-0.0128973741624061,1.1645070139674698,344482133713.4656,77.5479557201486,0.076234375,16196766.950282743,12153305765.316532,28.344726971040178,28.344726971040178,3.344441015379908,94.0,0,1
2020-12-11,18349.75,-0.0093553757914468,1.226591642937915,341280294389.62604,77.0765390869465,0.076234375,16098306.25878476,12169404071.575315,28.04412544627156,28.04412544627156,3.333779178529394,89.0,0,1
2020-12-12,18109.47,-0.0130944563277428,1.1313727016859132,336832051229.548,76.1337066455843,0.076234375,15901385.048108123,12185305456.623426,27.64247908504091,27.64247908504091,3.319353686810851,90.0,0,1
2020-12-13,18349.75,0.013268196142681,0.849254621997575,341322105592.1796,77.687117207334,0.076234375,16225832.399596857,12201531289.023024,27.973710635749985,27.973710635749985,3.3312651632609294,91.0,0,1
2020-12-14,19265.03,0.0498796986334963,0.8000828444077173,358369082100.444,77.0046647265449,0.076234375,16083294.486336157,12217614583.50936,29.33216460962438,29.33216460962438,3.378684682162635,95.0,0,1
2020-12-15,19200.99,-0.0033241578134057,0.9409197129939653,357199656179.09534,76.4107673056684,0.076234375,15959252.29813168,12233573835.807491,29.19830794935632,29.19830794935632,3.374110760655395,91.0,0,1
2020-12-16,19435.59,0.0122181200031872,0.9949175713214777,361586070370.5127,76.4394338855936,0.076234375,15965239.637320682,12249539075.444813,29.51834090601344,29.51834090601344,3.385011795782041,92.0,0,1
2020-12-17,21202.6,0.0909162006401658,0.709708714968919,394484206363.0479,76.1032155677414,0.076234375,15895016.641909683,12265434092.086723,32.16227027933376,32.16227027933376,3.470794035082044,92.0,0,1
2020-12-18,22793.58,0.075037023761237,0.7010228318675698,424111027815.1951,77.2824613241087,0.076234375,16141315.445219446,12281575407.531942,34.53229848306756,34.53229848306756,3.5418950740017245,95.0,0,1
2020-12-19,22912.63,0.0052229619041852,0.5623684404627491,426352167165.5307,79.0096942132435,0.076234375,16502067.55421297,12298077475.086157,34.66819655586402,34.66819655586402,3.545822740918655,93.0,0,1
2020-12-20,24004.08,0.0476352998324505,0.509246761383898,446688830796.3641,78.3332340126279,0.076234375,16360781.196387475,12314438256.282543,36.27358564800743,36.27358564800743,3.5910898082929013,92.0,0,1
2020-12-21,23745.25,-0.0107827502657882,0.5363514808224803,441899240375.6707,77.8856825199325,0.076234375,16267305.00919309,12330705561.291737,35.837303727604244,35.837303727604244,3.5789893544621365,92.0,0,1
2020-12-22,23135.0,-0.0256998768174687,0.50867300626756,430568723113.7218,78.3694316383845,0.076234375,16368341.4796095,12347073902.771349,34.87212650578523,34.87212650578523,3.5516878426476013,88.0,0,1
2020-12-23,23439.64,0.0131679273827534,0.3303263190048993,436264992469.3353,79.4852970630706,0.076234375,16601402.584363077,12363675305.355713,35.28602795645673,35.28602795645673,3.5634870769873923,93.0,0,1
2020-12-24,23295.14,-0.0061647704486929,0.42995577618335834,433601914272.3241,79.4794136530729,0.076234375,16600173.76769446,12380275479.123404,35.023607915954514,35.023607915954514,3.556022345992929,86.0,0,1
2020-12-25,23402.25,0.0045979547665306,0.3838092491106624,435622100378.3897,78.9523693360162,0.076234375,16490094.60575441,12396765573.72916,35.1399804882611,35.1399804882611,3.559339527501572,94.0,0,1
2020-12-26,24412.6,0.0431731991582005,0.30570606981640647,454456935340.44543,77.7899800059978,0.076234375,16247316.457588324,12413012890.186749,36.6113319434093,36.6113319434093,3.600357808426341,93.0,0,1
2020-12-27,26676.5,0.0927348991914012,0.22542687384027138,496631137113.95184,78.0404622519921,0.076234375,16299632.505456738,12429312522.692204,39.9564445907408,39.9564445907408,3.687789975616228,91.0,0,1
2020-12-28,26766.0,0.0033550128390156,0.19576104012553253,498327611538.1907,80.1087531531232,0.076234375,16731618.434678426,12446044141.126884,40.03903616985495,40.03903616985495,3.689854882475348,92.0,0,1
2020-12-29,26584.87,-0.0067671673018008,0.1661189240346106,494985396689.1302,80.9924185111306,0.076234375,16916181.93132732,12462960323.058212,39.71651869687319,39.71651869687319,3.681767189234952,91.0,0,1
2020-12-30,26893.11,0.0115945648784441,0.2366568983654178,500754922461.8416,82.6047130993114,0.076234375,17252927.877206348,12480213250.93542,40.12390753213363,40.12390753213363,3.6919723544660368,91.0,0,1
2020-12-31,28896.96,0.0745116500099838,0.19742042069477206,538099632040.3564,86.1715607537545,0.076234375,17997904.320101377,12498211155.25552,43.05413193583984,43.05413193583984,3.7624582061945535,95.0,0,1
2021-01-01,28987.6,0.0031366621263966,0.19662269384150477,539820189658.772,86.6616943293149,0.0546767296874999,12981857.63042384,12511193012.885944,43.14697959681243,43.14697959681243,3.764612417323105,94.0,0,1
2021-01-02,29247.92,0.0089803916157253,0.10444811118192354,544700985425.716,87.8714735449124,0.076234375,18352950.31787789,12529545963.203823,43.4733219404253,43.4733219404253,3.772147461230327,94.0,0,1
2021-01-03,28987.6,-0.0089004619815699,0.16108232485614526,539885584848.2901,89.4034119760012,0.076234375,18672912.972213604,12548218876.176037,43.024877887116965,43.024877887116965,3.7617785039091935,93.0,0,1
2021-01-04,32909.14,0.1352833625412246,0.08380559321817582,612960216768.1206,91.2914378497106,0.076234375,19067248.51321652,12567286124.689253,48.7742708080721,48.7742708080721,3.8872029362810094,94.0,0,1
2021-01-05,31025.6,-0.0572345555064641,0.20243444123562493,577912666142.9678,92.4642761577557,0.076234375,19312209.048531253,12586598333.737783,45.91492084035924,45.91492084035924,3.826790137016504,93.0,0,1
2021-01-06,33813.69,0.0898641766799031,0.11442732218814333,629884390120.7208,93.7358689995267,0.076234375,19577795.584276143,12606176129.32206,49.96633266574826,49.96633266574826,3.911349431943417,95.0,0,1
2021-01-07,35942.15,0.0629466940756835,0.05335907840794163,669573985850.3109,94.4865187946597,0.076234375,19734577.277360644,12625910706.59942,53.03173778191954,53.03173778191954,3.970890560401288,91.0,0,1
2021-01-08,39712.12,0.1048899411971737,0.009792476453032384,739850239761.4414,95.0018093534869,0.076234375,19842201.5340609,12645752908.133482,58.505827619452006,58.505827619452006,4.069126366702855,93.0,0,1
2021-01-09,40093.25,0.0095973219259006,-0.05463338591907618,746995905980.6354,95.1248975574201,0.076234375,19867909.896517664,12665620818.03,58.97823065390193,58.97823065390193,4.077168403851051,93.0,0,1
2021-01-10,40857.4,0.019059317964994,0.09439440590933335,761279061254.65,96.6590471895653,0.076234375,20188334.385183606,12685809152.415182,60.01028803982238,60.01028803982238,4.094516014853631,94.0,0,1
2021-01-11,38598.03,-0.0552989176991194,0.2262698381238628,719224515816.1031,96.4583928181749,0.076234375,20146425.452049457,12705955577.867231,56.60530696872066,56.60530696872066,4.036102743511935,90.0,0,1
2021-01-12,33933.36,-0.1208525409198344,0.32672037192898085,632342509718.6304,97.0476419270787,0.076234375,20269496.787766136,12726225074.654997,49.6881444426106,49.6881444426106,3.9057663622446177,84.0,0,1
2021-01-13,34678.65,0.0219633422684932,0.3531380258458734,646269787236.0402,96.3219871989379,0.076234375,20117935.596901458,12746343010.251898,50.70236904155527,50.70236904155527,3.925972636163376,78.0,0,1
2021-01-14,37267.58,0.0746548668993747,0.28686568862265815,694558780636.8242,95.8885892495878,0.076234375,20027415.537189163,12766370425.789087,54.40534446922831,54.40534446922831,3.996462392955917,83.0,0,1
2021-01-15,38772.4,0.0403787957253998,0.21706084740691844,722647703746.9354,97.8930328414833,0.076234375,20446066.23431494,12786816492.023403,56.51506019482905,56.51506019482905,4.034507154754558,88.0,0,1
2021-01-16,36250.27,-0.0650496229276497,0.34191497056435716,675680371710.3171,99.3801804824644,0.076234375,20756673.825939376,12807573165.849342,52.75631557678546,52.75631557678546,3.9656834917636536,84.0,0,1
2021-01-17,38772.4,0.0695754817826186,0.2463842836657002,722734593837.7893,96.9471448315559,0.076234375,20248506.833611354,12827821672.682953,56.34117875031456,56.34117875031456,4.031425684315173,79.0,0,1
2021-01-18,35797.97,-0.0767151375720873,0.3573046181110269,667329993645.9391,96.1049401831645,0.076234375,20072602.87472857,12847894275.557682,51.94080674492261,51.94080674492261,3.9501047383612367,79.0,0,1
2021-01-19,36228.08,0.0120149271034084,0.4464042808782578,675388460827.5872,96.1985184774302,0.076234375,20092147.759048883,12867986423.31673,52.48594757636568,52.48594757636568,3.960545468556769,80.0,0,1
2021-01-20,36481.05,0.0069827051281767,0.42660641620786666,680145308995.8058,95.1691572405074,0.076234375,19877154.031525496,12887863577.348255,52.77409284431215,52.77409284431215,3.9660204044689262,78.0,0,1
2021-01-21,34903.15,-0.043252592784473,0.5938888037326142,650766286957.1185,93.4847470302309,0.076234375,19525345.92296646,12907388923.27122,50.41812025853093,50.41812025853093,3.9203506394013865,75.0,0,1
2021-01-22,31182.37,-0.1066029856904033,0.8125139301470672,581427506988.0663,92.174650910511,0.076234375,19251717.54248216,12926640640.813704,44.97901064506321,44.97901064506321,3.806195950848253,40.0,0,1
2021-01-23,33311.02,0.0682645353768811,0.7270918152611361,621155596113.6802,93.1130290887597,0.076234375,19447708.42996826,12946088349.243671,47.98017589227784,47.98017589227784,3.870787923354763,74.0,0,1
2021-01-24,32384.25,-0.0278217238619531,0.696756911152798,603910134721.8402,93.8109090410595,0.076234375,19593468.545005534,12965681817.788675,46.57758405680499,46.57758405680499,3.841119396576193,70.0,0,1
2021-01-25,31875.68,-0.0157042389433135,0.5044293957023034,594461759020.1477,93.4804079351727,0.076234375,19524439.65392584,12985206257.442602,45.77992426415452,45.77992426415452,3.823845660179552,74.0,0,1
2021-01-26,32690.1,0.0255498863083076,0.49114930820034197,609686654314.7087,94.7613480765827,0.076234375,19791978.478837628,13004998235.92144,46.88094863640024,46.88094863640024,3.847611380482118,71.0,0,1
2021-01-27,32005.74,-0.0209347784191543,0.5008998385914527,596958683911.1097,94.9942798342439,0.076234375,19840628.908873115,13024838864.830313,45.832327762842304,45.832327762842304,3.824989688478033,78.0,0,1
2021-01-28,31001.12,-0.0313887446439296,0.47290646273424963,578255448330.9302,96.6338320230618,0.076234375,20183067.912693422,13045021932.743006,44.32767160624766,44.32767160624766,3.7916091232685134,55.0,0,1
2021-01-29,33257.55,0.0727854348488055,0.40893571534884554,620381067714.9108,97.8123612996549,0.076234375,20429217.071105145,13065451149.814112,47.48255996684333,47.48255996684333,3.8603624850286047,77.0,0,1
2021-01-30,34601.81,0.0404196941747061,0.2478471501924322,645495204929.6759,95.9780869675114,0.076234375,20046108.14702432,13085497257.961136,49.32905431140269,49.32905431140269,3.8985132444031136,76.0,0,1
2021-01-31,34687.22,0.0024683679842183,0.4085542167980023,647127125578.7273,96.4508848134837,0.076234375,20144857.32041896,13105642115.281555,49.37775042889035,49.37775042889035,3.899499926558745,78.0,0,1
2021-02-01,32302.81,-0.0687403026244247,0.4684530540841494,602679341581.4307,94.4020030500005,0.0549030296875,14199879.386338748,13119841994.667894,45.936478642530055,45.936478642530055,3.8272595430938856,77.0,0,1
2021-02-02,33656.99,0.0419214303647266,0.5138460094025046,627981940573.7756,93.5643596161969,0.076234375,19541973.91127674,13139383968.57917,47.79386477140013,47.79386477140013,3.8668972791968206,76.0,0,1
2021-02-03,35667.11,0.0597237007825122,0.3428377011762376,665526981011.6189,94.2412633296664,0.076234375,19683352.90177407,13159067321.480944,50.575543444876864,50.575543444876864,3.923468128322364,78.0,0,1
2021-02-04,37306.25,0.0459566250251282,0.3145212933489696,696153791658.5986,95.5747787225428,0.076234375,19961872.66212698,13179029194.14307,52.82284312474081,52.82284312474081,3.9669437320909777,80.0,0,1
2021-02-05,37682.9,0.010096163511476,0.2895451252424841,703224109394.7896,97.0926402631345,0.076234375,20278895.198794227,13199308089.341864,53.27734640595493,53.27734640595493,3.975511220298801,81.0,0,1
2021-02-06,37859.99,0.0046994790740626,0.3485980846798957,706570908265.519,99.5996801756865,0.076234375,20802518.817516025,13220110608.15938,53.44667145442999,53.44667145442999,3.978684361526896,84.0,0,1
2021-02-07,40101.0,0.0591920388779818,0.2939487793321862,748438758474.3517,101.081946429578,0.076234375,21112106.87628044,13241222715.03566,56.5233871962961,56.5233871962961,4.034654485183705,86.0,0,1
2021-02-08,37902.82,-0.0548160893743298,0.43275619070032256,707454292101.102,105.572059481737,0.076234375,22049917.73165217,13263272632.767311,53.33934630532401,53.33934630532401,3.976674263435503,83.0,0,1
2021-02-09,44714.11,0.1797040431292447,0.27281589636917736,834636235774.3246,105.02621518411,0.076234375,21935911.98130448,13285208544.748615,62.82447377194091,62.82447377194091,4.140344707301316,95.0,0,1
2021-02-10,47331.6,0.0585383450548384,0.21656504322693504,883546882306.7123,104.762458477085,0.076234375,21880823.41223021,13307089368.160845,66.39670463330074,66.39670463330074,4.195647426234273,92.0,0,1
2021-02-11,45020.08,-0.0488367179643197,0.2650601687069414,840447191166.5094,102.203384468313,0.076234375,21346331.8844563,13328435700.0453,63.05670148250427,63.05670148250427,4.144034345145022,93.0,0,1
2021-02-12,46925.0,0.0423126746998228,0.3124006393180607,876060682687.7352,100.0562857133,0.076234375,20897886.044314668,13349333586.089617,65.62579899873168,65.62579899873168,4.183968896056439,92.0,0,1
2021-02-13,47958.37,0.0220217368140651,0.24522059444472366,895406101644.5427,99.8847774973882,0.076234375,20862064.61514371,13370195650.70476,66.97030657119403,66.97030657119403,4.204249335650678,92.0,0,1
2021-02-14,47188.37,-0.0160555915474192,0.19547464767272094,881081991803.3354,99.1104766149685,0.076234375,20700343.125189696,13390895993.829948,65.79709021780968,65.79709021780968,4.186575615739632,95.0,0,1
2021-02-15,48644.78,0.0308637488431999,0.1590113060435261,908329234387.0868,98.1426005119439,0.076234375,20498191.262747183,13411394185.092695,67.72817365973265,67.72817365973265,4.215502247851182,93.0,0,1
2021-02-16,48325.31,-0.0065674055880199,0.19502596051634224,902417238843.6312,96.013274357006,0.076234375,20053457.43098597,13431447642.523682,67.18689324199107,67.18689324199107,4.207478187464327,95.0,0,1
2021-02-17,48588.75,0.005451387688977,0.1831493915772684,907390301496.746,96.1332123059119,0.076234375,20078507.827078085,13451526150.35076,67.45630877527493,67.45630877527493,4.211480110900691,95.0,0,1
2021-02-18,52400.45,0.0784482004579247,0.11500740928751574,978631254420.649,97.6772658851845,0.076234375,20401000.86702976,13471927151.217789,72.64226145493862,72.64226145493862,4.285546866172679,91.0,0,1
2021-02-19,52044.1,-0.0068005141177222,0.12404672191468391,972033454984.4069,99.6237280568117,0.076234375,20807541.489263028,13492734692.707052,72.04124865137976,72.04124865137976,4.277238852908513,93.0,0,1
2021-02-20,55631.74,0.0689346150668375,0.029965088275146545,1039101530733.3806,99.5814897696542,0.076234375,20798719.545639675,13513533412.252691,76.89340004822347,76.89340004822347,4.342420047707781,91.0,0,1
2021-02-21,56518.48,0.0159394618971113,-0.03429816230018934,1055726521589.3114,99.8913869024288,0.076234375,20863445.06408177,13534396857.316772,78.0032189626965,78.0032189626965,4.35675009459058,91.0,0,1
2021-02-22,57531.19,0.0179182101146386,-0.05384244615833611,1074706608541.7614,98.9838098308503,0.076234375,20673887.33581844,13555070744.652592,79.28447064473845,79.28447064473845,4.373042279006244,94.0,0,1
2021-02-23,54948.2,-0.0448972114082814,-0.016965978867369613,1026515762768.418,100.453904104024,0.076234375,20980933.13884988,13576051677.79144,75.6122462650652,75.6122462650652,4.325618257700045,94.0,0,1
2021-02-24,47954.71,-0.1272742328229131,0.0841577396672819,895919517505.5582,102.996030287028,0.076234375,21511884.92167849,13597563562.71312,65.88823897557097,65.88823897557097,4.187959957835689,76.0,0,1
2021-02-25,48745.82,0.0164970239628181,0.10816906967612816,910753129126.481,105.157694824076,0.076234375,21963372.99001142,13619526935.70313,66.87112800804941,66.87112800804941,4.202767304594906,79.0,0,1
2021-02-26,48037.41,-0.0145327332682062,0.16369263038952342,897570198591.0374,103.894274078434,0.076234375,21699493.288898945,13641226428.99203,65.79835055617944,65.79835055617944,4.1865947704818085,55.0,0,1
2021-02-27,45661.75,-0.0494543731645815,0.2261849359693835,853231593716.0977,105.03596757083,0.076234375,21937948.877486285,13663164377.869516,62.44758316002498,62.44758316002498,4.134327535422787,56.0,0,1
2021-02-28,46857.75,0.0261926010282129,0.22159407995475666,875631404668.1813,103.99806142525,0.076234375,21721170.449220665,13684885548.318735,63.98529250219103,63.98529250219103,4.158653252297271,55.0,0,1
2021-03-01,43177.77,-0.0785351409318629,0.35870171155203256,806910961508.2863,103.527416377074,0.0527108921874999,14950746.529047586,13699836294.847784,58.8993141335381,58.8993141335381,4.07582944599786,38.0,0,1
2021-03-02,48858.83,0.1315737241640779,0.20714884085435514,913132844566.0367,105.012863171504,0.076234375,21933123.26257568,13721769418.11036,66.5462898218403,66.5462898218403,4.197897793051712,78.0,0,1
2021-03-03,47435.16,-0.0291384382311241,0.24114686236960092,886577595764.0017,104.100102279518,0.076234375,21742482.834835973,13743511900.945194,64.50880984088414,64.50880984088414,4.16680180115499,78.0,0,1
2021-03-04,50951.5,0.0741294010603104,0.15148778740567015,952354907532.5388,101.037146065809,0.076234375,21102749.8140018,13764614650.759195,69.18863562083163,69.18863562083163,4.2368366240047095,84.0,0,1
2021-03-05,47895.14,-0.0599856726494804,0.21298486652299164,895279728556.7329,101.892498472596,0.076234375,21281399.83081318,13785896050.590008,64.94171472578431,64.94171472578431,4.173490171096416,77.0,0,1
2021-03-06,49039.86,0.0239005460679309,0.1854856437192114,916731102291.172,101.001076695972,0.076234375,21095216.31847805,13806991266.908484,66.39615283079966,66.39615283079966,4.195639115508657,77.0,0,1
2021-03-07,48593.8,-0.009095866097497,0.20957179722516028,908445824582.7538,102.188909067307,0.076234375,21343308.53336433,13828334575.44185,65.6945216089933,65.6945216089933,4.1850155370670175,76.0,0,1
2021-03-08,51057.91,0.0507083208145895,0.14060348337799167,954567442979.772,104.551169598714,0.076234375,21836693.34212866,13850171268.78398,68.9209847629257,68.9209847629257,4.232960700050477,81.0,0,1
2021-03-09,51888.64,0.0162703487079669,0.0835527776407321,970155326084.1644,104.061138466699,0.076234375,21734344.80218426,13871905613.586164,69.93670178479248,69.93670178479248,4.247590572742204,81.0,0,1
2021-03-10,54305.5,0.0465778251270412,0.06189520398486348,1015402403701.5576,103.559384501757,0.076234375,21629547.816098984,13893535161.402264,73.08452398223706,73.08452398223706,4.291616634112644,68.0,0,1
2021-03-11,56912.83,0.048012263951165,0.024591818751589,1064216344547.5518,103.797728509806,0.076234375,21679328.65579381,13915214490.058058,76.4786159284787,76.4786159284787,4.337011171409917,73.0,0,1
2021-03-12,57581.97,0.0117572786311979,0.017203301658487824,1076791506387.3652,103.704934541938,0.076234375,21659947.58690563,13936874437.644964,77.26205120129647,77.26205120129647,4.347202906216493,70.0,0,1
2021-03-13,56953.11,-0.0109211268735682,0.05061426847453987,1065093887320.0144,102.781848114191,0.076234375,21467150.554329533,13958341588.199291,76.30518859206524,76.30518859206524,4.334740938495583,74.0,0,1
2021-03-14,61584.4,0.0813175961769252,-0.026782756672144248,1151771942140.5703,103.895739484986,0.076234375,21699799.35561844,13980041387.55491,82.38687641982823,82.38687641982823,4.411426157481473,78.0,0,1
2021-03-15,59718.75,-0.0302941978812816,0.058633176347462124,1116945049127.6675,103.186899867119,0.076234375,21551750.190568216,14001593137.74548,79.77271144357196,79.77271144357196,4.379181484113473,76.0,0,1
2021-03-16,56412.5,-0.0553636839351124,0.10582690006647466,1055168336425.0676,104.09826536145,0.076234375,21742099.17373778,14023335236.919218,75.24375040590394,75.24375040590394,4.32073284909572,71.0,0,1
2021-03-17,56379.85,-0.0005787724351872,0.12448791545206306,1054619049306.6226,102.781848114191,0.076234375,21467150.554329533,14044802387.473549,75.08963246412276,75.08963246412276,4.318682499494977,71.0,0,1
2021-03-18,57750.0,0.0243021221234183,0.073711341991342,1080311408133.5632,104.807106878829,0.076234375,21890148.735522542,14066692536.20907,76.79924796484559,76.79924796484559,4.341194847981277,72.0,0,1
2021-03-19,57487.75,-0.0045411255411255,0.058887676070119355,1075468141063.4164,104.667623877192,0.076234375,21861016.134281665,14088553552.343351,76.33630642547641,76.33630642547641,4.335148662933013,71.0,0,1
2021-03-20,58426.89,0.016336349918026,-0.049239143141111885,1093100919470.8864,106.084908014613,0.076234375,22157031.94363428,14110710584.286983,77.46604346687624,77.46604346687624,4.349839691529563,75.0,0,1
2021-03-21,58500.0,0.0012513074031494,-0.03932888888888886,1094532328602.2152,106.290979328597,0.076234375,22200072.266447976,14132910656.553432,77.44564125541122,77.44564125541122,4.349576287105041,73.0,0,1
2021-03-22,57298.75,-0.020534188034188,-0.009037718972926934,1072119264198.9116,106.892252480554,0.076234375,22325654.95944447,14155236311.512877,75.74011769248423,75.74011769248423,4.3273079763737385,70.0,0,1
2021-03-23,54580.0,-0.0474486790724055,0.007378160498350939,1021307906853.476,108.424592856263,0.076234375,22645701.56445664,14177882013.077332,72.03529454621265,72.03529454621265,4.277156200937021,66.0,0,1
2021-03-24,54433.57,-0.0026828508611212,-0.05205556056676053,1018626988492.524,110.344253998275,0.076234375,23046644.48876642,14200928657.5661,71.72960396148534,71.72960396148534,4.272903548883527,65.0,0,1
2021-03-25,54015.95,-0.0076721038138781,-0.0642884185134206,1010870593686.5732,110.850172641365,0.076234375,23152311.314949475,14224080968.881048,71.06755057835517,71.06755057835517,4.263630841327965,60.0,0,1
2021-03-26,51990.47,-0.0374978131459318,-0.019392400184110703,973021549457.0292,109.839907200644,0.076234375,22941305.960271496,14247022274.84132,68.29648544701715,68.29648544701715,4.223858307668821,54.0,0,1
2021-03-27,54018.61,0.0390098416113569,-0.08081770338037209,1011037530447.2308,110.356072756514,0.076234375,23049112.9699928,14270071387.811314,70.8502083115577,70.8502083115577,4.2605679063096105,65.0,0,1
2021-03-28,55900.78,0.0348429920725468,-0.04729290002751296,1046325679368.358,110.665771900084,0.076234375,23113797.13615196,14293185184.947466,73.2045143072988,73.2045143072988,4.293257089930434,74.0,0,1
2021-03-29,55989.75,0.001591569920849,-0.014206707477708025,1048051623729.2092,110.665771900084,0.076234375,23113797.13615196,14316298982.083618,73.20688294096202,73.20688294096202,4.293289445794908,72.0,0,1
2021-03-30,57241.15,0.0223505195147326,-0.04886781624757719,1071538091880.7902,109.117277131988,0.076234375,22790376.503723007,14339089358.58734,74.72846183492618,74.72846183492618,4.313861034764037,72.0,0,1
2021-03-31,58665.71,0.0248869912641516,-0.09674203210018262,1098268933000.1876,109.633441738101,0.076234375,22898183.315076828,14361987541.902418,76.47053931747867,76.47053931747867,4.336905559698698,76.0,0,1
2021-04-01,58979.88,0.0053552577817603,-0.03660061702397488,1104214237913.6838,108.438853632282,0.05284448125,15699712.239842797,14377687254.142262,76.80054645753654,76.80054645753654,4.34121175546082,74.0,0,1
2021-04-02,58874.0,-0.0017951884608784,-0.019612222712912297,1102295612183.3015,109.403526388403,0.076234375,22850162.895934,14400537417.038197,76.54544967739227,76.54544967739227,4.337884677846941,74.0,0,1
2021-04-03,58670.03,-0.003464517444033,-0.030193098588836564,1098540086129.6924,107.045832040564,0.076234375,22357731.78621197,14422895148.824408,76.1664058980026,76.1664058980026,4.33292049800168,73.0,0,1
2021-04-04,58096.08,-0.0097826777998919,-0.022087376635394396,1087856168764.2008,106.297644098388,0.076234375,22201464.27893985,14445096613.103348,75.3097191317773,75.3097191317773,4.321609198611913,74.0,0,1
2021-04-05,58136.05,0.0006879982263863,-0.058210353128566594,1088667371599.1852,107.448323537552,0.076234375,22441796.68406319,14467538409.78741,75.24897054102118,75.24897054102118,4.320802223017415,71.0,0,1
2021-04-06,58777.69,0.0110368695499607,-0.03264776142104253,1100746273642.973,107.827562848309,0.076234375,22521005.10003851,14490059414.88745,75.96561491749569,75.96561491749569,4.330280802610492,75.0,0,1
2021-04-07,58236.83,-0.0092017906794227,-0.03900521371097987,1090680245703.582,108.46614456861,0.076234375,22654380.10917158,14512713794.99662,75.153431750277,75.153431750277,4.3195317804960345,72.0,0,1
2021-04-08,56224.08,-0.0345614622224458,0.025952759031361516,1053045350915.1514,108.141105536756,0.076234375,22586492.03398256,14535300287.030603,72.4474438175007,72.4474438175007,4.282861386122192,73.0,0,1
2021-04-09,57666.75,0.0256592904677142,0.02327649815534949,1080127882462.4812,109.446406664833,0.076234375,22859118.92627227,14558159405.956877,74.19398650220282,74.19398650220282,4.30668310244435,70.0,0,1
2021-04-10,58312.42,0.0111965734153562,-0.014142270205901197,1092284414492.2034,112.236217270429,0.076234375,23441802.399932493,14581601208.356808,74.9083998996083,74.9083998996083,4.316266032427403,70.0,0,1
2021-04-11,58572.57,0.0044613137304196,-0.05574469414608241,1097220489083.5564,112.128917651907,0.076234375,23419391.6619715,14605020600.01878,75.1262541240199,75.1262541240199,4.3191700865465785,76.0,0,1
2021-04-12,59835.75,0.0215660675295621,-0.049023368136941525,1120947600580.588,110.841311967631,0.076234375,23150460.66310238,14628171060.681885,76.62937464503068,76.62937464503068,4.33898048424212,74.0,0,1
2021-04-13,59935.0,0.0016587073781142,-0.09119212480186867,1122871381156.8872,110.626710864766,0.076234375,23105638.797482587,14651276699.479366,76.63983174905081,76.63983174905081,4.339116938319,74.0,0,1
2021-04-14,63220.25,0.0548135480103444,-0.22010131247503772,1184487902864.579,108.266103397809,0.076234375,22612599.249910537,14673889298.729277,80.7207877033087,80.7207877033087,4.390996134462912,75.0,0,1
2021-04-15,62382.46,-0.0132519248183928,-0.21153077323337355,1168858183187.6196,112.417735505936,0.076234375,23479714.534822848,14697369013.2641,79.52839600970398,79.52839600970398,4.376114140397799,79.0,0,1
2021-04-16,63398.46,0.0162866292865013,-0.23905170567234602,1187963027352.0942,107.372356983254,0.076234375,22425930.210671928,14719794943.474771,80.70513427082173,80.70513427082173,4.3908021949475655,78.0,0,1
2021-04-17,62006.83,-0.021950533183298,-0.26765357945245705,1161953163660.7334,100.478133900812,0.076234375,20985993.805738945,14740780937.28051,78.82575343902364,78.82575343902364,4.367239763761893,76.0,0,1
2021-04-18,60873.07,-0.018284437375689,-0.264121227991294,1140772813981.5046,98.4804602847283,0.076234375,20568757.09457146,14761349694.375082,77.28106423873993,77.28106423873993,4.347448961014667,79.0,0,1
2021-04-19,55550.0,-0.0874454007330335,-0.22045904590459042,1041077048935.8588,93.6373143392946,0.076234375,19557211.329684004,14780906905.704763,70.43390879716927,70.43390879716927,4.25467480625421,74.0,0,1
2021-04-20,56199.26,0.0116878487848786,-0.3182954722179616,1053305238530.83,92.3989905779511,0.076234375,19298573.417372573,14800205479.122135,71.16828479284776,71.16828479284776,4.265047280878119,73.0,0,1
2021-04-21,56780.9,0.0103496024680751,-0.29445993282952554,1064267362063.309,88.9589951837019,0.076234375,18580091.50262336,14818785570.62476,71.81879763298575,71.81879763298575,4.274146247262445,73.0,0,1
2021-04-22,54982.7,-0.0316690999966539,-0.3596440334868968,1030621851105.8064,86.067871445395,0.076234375,17976247.63621927,14836761818.26098,69.46406929828343,69.46406929828343,4.240809630372199,65.0,0,1
2021-04-23,51600.0,-0.0615229881399057,-0.26216375968992256,967270145132.1855,89.5674548099593,0.076234375,18707175.171994496,14855468993.432974,65.11205708549345,65.11205708549345,4.176109740752048,55.0,0,1
2021-04-24,50543.35,-0.0204777131782946,-0.35546595150499516,947516737827.4944,95.4730018775982,0.076234375,19940615.417842533,14875409608.850817,63.6968502207647,63.6968502207647,4.1541351142718135,37.0,0,1
2021-04-25,50982.25,0.0086836349391166,-0.23453986436455831,955799144240.4532,97.3321550968906,0.076234375,20328920.57866992,14895738529.429487,64.16594533745892,64.16594533745892,4.161472623502396,31.0,0,1
2021-04-26,49652.95,-0.0260737805804962,-0.24220957667167808,930930917377.9348,99.1913088759292,0.076234375,20717225.85640661,14916455755.285894,62.409659013539056,62.409659013539056,4.133720055279993,27.0,0,1
2021-04-27,53257.07,0.0725862209596812,-0.2722984948289495,998560570108.8618,100.722377111027,0.076234375,21037006.7604752,14937492762.04637,66.84927557896694,66.84927557896694,4.202440466974157,50.0,0,1
2021-04-28,55194.32,0.0363754521230701,-0.3027023432845988,1034942599399.431,105.206218040325,0.076234375,21973507.612103835,14959466269.658474,69.18312329755724,69.18312329755724,4.236756949896056,59.0,0,1
2021-04-29,54443.9,-0.0135959642224054,-0.35330587999757546,1020929665031.8672,102.909616620588,0.076234375,21493836.45084969,14980960106.109324,68.14848032440364,68.14848032440364,4.221688858912311,52.0,0,1
2021-04-30,52990.27,-0.0266995935265476,-0.3535433957970019,993727787838.7823,104.003236655242,0.076234375,21722251.35449168,15002682357.463816,66.23667449337178,66.23667449337178,4.193234304912335,51.0,0,1
2021-05-01,56821.18,0.0722945929507437,-0.3638852625024682,1065629521686.3928,102.587498059117,0.0534635421875,15026550.76820185,15017708908.232018,70.95819530116631,70.95819530116631,4.262090905056239,68.0,0,1
2021-05-02,57719.35,0.0158069578984456,-0.3641647038644752,1082535399097.5583,104.467292407989,0.076234375,21819174.642918594,15039528082.874935,71.97934623561821,71.97934623561821,4.27637922002584,66.0,0,1
2021-05-03,56898.6,-0.0142196681009054,-0.36168939130312516,1067202717921.0682,108.551760055838,0.076234375,22672261.87125144,15062200344.74619,70.85304228431119,70.85304228431119,4.26060790500748,61.0,0,1
2021-05-04,56812.89,-0.0015063639527158,-0.3357308526286904,1065655615097.3958,109.948142143887,0.076234375,22963912.051370915,15085164256.79756,70.64262589101065,70.64262589101065,4.257633728467362,68.0,0,1
2021-05-05,54751.93,-0.0362762746271136,-0.29314236046108333,1027055870105.4624,109.100220715871,0.076234375,22786814.078456104,15107951070.876017,67.98114881940174,67.98114881940174,4.219230443498548,48.0,0,1
2021-05-06,56858.73,0.0384790088678153,-0.3483417586006582,1066636446283.2036,111.655203609567,0.076234375,23320451.130611185,15131271522.006628,70.49218862617779,70.49218862617779,4.255501904050807,65.0,0,1
2021-05-07,55965.29,-0.0157133302133199,-0.35982695702997336,1049935541169.0244,111.881886418381,0.076234375,23367796.397058256,15154639318.403688,69.28146022544992,69.28146022544992,4.238177341189247,64.0,0,1
2021-05-08,57683.25,0.0306968837291827,-0.37777327040345343,1082226593514.354,113.430795328949,0.076234375,23691303.527822867,15178330621.931507,71.30076557632896,71.30076557632896,4.266907064758523,67.0,0,1
2021-05-09,59009.03,0.0229837951225009,-0.416332551136665,1107162950149.2666,113.524308736109,0.076234375,23710834.859737832,15202041456.791246,72.82988625548451,72.82988625548451,4.288126396447532,73.0,0,1
2021-05-10,57487.75,-0.0257804610582481,-0.41509956468986875,1078680816203.0812,113.804846219223,0.076234375,23769428.28354405,15225810885.074793,70.84554145227601,70.84554145227601,4.260502034760306,72.0,0,1
2021-05-11,55307.46,-0.0379261668790307,-0.34191590067596667,1037829282153.702,112.963232857093,0.076234375,23593647.82147931,15249404532.89627,68.05703658230583,68.05703658230583,4.220346126871592,61.0,0,1
2021-05-12,56902.4,0.0288377010985498,-0.35895779439883035,1067818251339.668,114.365923011028,0.076234375,23886615.51244887,15273291148.40872,69.91408996029784,69.91408996029784,4.247267202035332,68.0,0,1
2021-05-13,54469.4,-0.0427574232369811,-0.3182807227544273,1022218844788.3884,115.537890228569,0.076234375,24131394.1106673,15297422542.519388,66.82294628046768,66.82294628046768,4.202046528750142,31.0,0,1
2021-05-14,49305.39,-0.0948057074247192,-0.26981350314843877,925358914555.9248,114.68260785121,0.076234375,23952758.720293388,15321375301.23968,60.39659602105383,60.39659602105383,4.100932746085318,26.0,0,1
2021-05-15,49186.65,-0.0024082559736369,-0.2374680934765836,923182513344.7198,112.670705890505,0.076234375,23532550.258551963,15344907851.498234,60.16214123140419,60.16214123140419,4.097043271285525,27.0,0,1
2021-05-16,48242.95,-0.019186100293474,-0.17402459841282503,905521317133.2996,110.278949527083,0.076234375,23033004.911927994,15367940856.410162,58.92274870094879,58.92274870094879,4.076227241914107,20.0,0,1
2021-05-17,45410.48,-0.0587126201859544,-0.12003044231199511,852403842423.7225,107.198136052172,0.076234375,22389542.20028027,15390330398.610443,55.385675313421736,55.385675313421736,4.014320991968891,27.0,0,1
2021-05-18,44795.2,-0.0135492952287666,-0.14006433725041967,840901751963.148,102.478807909228,0.076234375,21403857.182753567,15411734255.793198,54.56243522023208,54.56243522023208,3.999345646341056,21.0,0,1
2021-05-19,43303.5,-0.0333004429045968,-0.12839816642996515,812945132499.0367,100.60068978065,0.076234375,21011590.98629244,15432745846.77949,52.6766358087004,52.6766358087004,3.964172013953207,23.0,0,1
2021-05-20,38311.29,-0.1152842149017977,-0.07350078788785241,719265875372.4375,95.7012540464021,0.076234375,19988288.46285941,15452734135.24235,46.54618846590005,46.54618846590005,3.840445119938898,11.0,0,1
2021-05-21,40061.2,0.0456760918256731,-0.09877137978892281,752161442847.205,92.4247259807844,0.076234375,19303948.547099616,15472038083.78945,48.61424453416184,48.61424453416184,3.8839165853725306,19.0,0,1
2021-05-22,35208.5,-0.1211321677832915,-0.00783390374483428,661087666906.754,91.0502780670976,0.076234375,19016879.567181896,15491054963.356632,42.675445182431154,42.675445182431154,3.7536237005518367,12.0,0,1
2021-05-23,38072.35,0.0813397333030376,-0.1445715854156625,714900535914.3297,88.9789684793822,0.076234375,18584263.151151787,15509639226.507784,46.09395005736054,46.09395005736054,3.830681706192258,14.0,0,1
2021-05-24,32576.91,-0.144342022491388,0.00960619039681787,611744705991.605,88.9183962233433,0.076234375,18571611.95092859,15528210838.458712,39.39569808496528,39.39569808496528,3.67365662468192,10.0,0,1
2021-05-25,39024.88,0.1979306815778414,-0.15292039334906338,732868893141.0931,90.9184663386943,0.076234375,18989349.198051777,15547200187.656763,47.13831971642924,47.13831971642924,3.853086252333655,22.0,0,1
2021-05-26,37626.53,-0.0358322690550233,-0.07348618115994221,706648185338.5267,89.9686684273098,0.076234375,18790973.170241628,15565991160.827003,45.39692834445778,45.39692834445778,3.8154444451473606,22.0,0,1
2021-05-27,38755.25,0.0299979828062806,-0.16939150179653084,727887022978.7572,90.5119567437422,0.076234375,18904445.075030744,15584895605.902037,46.70464540699937,46.70464540699937,3.843843633110987,27.0,0,1
2021-05-28,38486.87,-0.0069249972584358,-0.1868317688603932,722886922969.6626,91.4898779823564,0.076234375,19108694.97756493,15604004300.879602,46.327013824836826,46.327013824836826,3.835725242890602,21.0,0,1
2021-05-29,35208.55,-0.0851802186044227,-0.07088903121542922,661348303755.3668,91.4898779823564,0.076234375,19108694.97756493,15623112995.857168,42.331403730533005,42.331403730533005,3.745529215583117,18.0,0,1
2021-05-30,34255.91,-0.0270570642642199,0.01150575185420566,643490187624.7767,91.7256168318439,0.076234375,19157931.700452324,15642270927.55762,41.13790066703896,41.13790066703896,3.7169298539251927,10.0,0,1
2021-05-31,36144.79,0.0551402663073319,0.0001095593583473331,679010403884.1869,90.8762595108384,0.076234375,18980533.825059094,15661251461.38268,43.356075697940376,43.356075697940376,3.7694468479142538,18.0,0,1
2021-06-01,36700.0,0.0153607200373828,-0.05784850136239783,689479053885.7124,90.3731696577357,0.0557994625,13815819.976227293,15675067281.358908,43.98571575546946,43.98571575546946,3.783864939289516,20.0,0,1
2021-06-02,36318.98,-0.0103820163487737,-0.08012532290279073,682359013908.1525,92.1525676721689,0.076234375,19247105.20858356,15694314386.567492,43.47810277664454,43.47810277664454,3.772257426909201,23.0,0,1
2021-06-03,37739.05,0.0390999416833843,-0.12207646986344389,709078826965.4048,92.7543067884721,0.076234375,19372785.2234998,15713687171.79099,45.12491684563595,45.12491684563595,3.809434573895357,24.0,0,1
2021-06-04,38701.82,0.0255112410089812,-0.10291118092120732,727208914580.0927,91.6895108352682,0.076234375,19150390.55502027,15732837562.34601,46.22236209446088,46.22236209446088,3.833463709002552,27.0,0,1
2021-06-05,37052.46,-0.0426171172311793,-0.04147713809015652,696256224789.6785,90.9506880464651,0.076234375,18996079.06586914,15751833641.41188,44.201598406880535,44.201598406880535,3.7887609514813807,24.0,0,1
2021-06-06,35827.47,-0.0330609627538899,-0.05516632907654384,673274878943.0123,91.3711004723668,0.076234375,19083886.95225504,15770917528.364134,42.69091368540363,42.69091368540363,3.753986103337827,17.0,0,1
2021-06-07,35892.06,0.0018028066173803,-0.053637768353223536,674526268469.4523,90.5762093376607,0.076234375,18917864.95541295,15789835393.319548,42.71901838538701,42.71901838538701,3.75464421651779,15.0,0,1
2021-06-08,34441.65,-0.0404103303070371,0.002634310493254466,647304507519.7168,91.2102429372064,0.076234375,19050290.03812629,15808885683.357674,40.945612517215366,40.945612517215366,3.712244662122176,13.0,0,1
2021-06-09,33624.61,-0.0237224407076896,-0.023958939598109907,631984060740.5977,87.5871945637,0.076234375,18293575.43990977,15827179258.797585,39.93030282950182,39.93030282950182,3.6871355050559336,14.0,0,1
2021-06-10,36396.96,0.0824500269296804,-0.07899505892799841,684129243421.7712,84.9604850253076,0.076234375,17744957.467400502,15844924216.264982,43.176555096395184,43.176555096395184,3.765297641829842,21.0,0,1
2021-06-11,36476.84,0.0021946887871953,-0.08642744272804326,685668839518.4524,82.6055033314781,0.076234375,17253092.92612507,15862177309.191109,43.226653324644886,43.226653324644886,3.766457280106693,21.0,0,1
2021-06-12,37132.84,0.017984013966122,-0.08507967610341682,698038730400.3479,82.696078817964,0.076234375,17272010.640104722,15879449319.831211,43.95862327093391,43.95862327093391,3.7832488112773546,28.0,0,1
2021-06-13,36002.13,-0.0304504045475648,-0.08790118806859482,676820781839.6569,80.9217669519036,0.076234375,16901425.55472336,15896350745.385937,42.57711676600432,42.57711676600432,3.7513169438331873,23.0,0,1
2021-06-14,37506.39,0.0417825278671013,-0.13324956094148221,705139231166.1718,80.4551896178813,0.076234375,16803975.60554978,15913154720.991484,44.31171841973,44.31171841973,3.7912491662181504,28.0,0,1
2021-06-15,39847.49,0.0624186971873326,-0.17703775068392003,749194694413.2405,78.1962805464783,0.076234375,16332176.91722036,15929486897.908705,47.03194140619797,47.03194140619797,3.8508269752707625,38.0,1,1
2021-06-16,39959.84,0.0028195000488111,-0.20530212333182507,751348737466.327,77.3343975011542,0.076234375,16152162.902745347,15945639060.811453,47.1193869747665,47.1193869747665,3.852684529385326,33.0,1,1
2021-06-17,38520.99,-0.0360074014310367,-0.17382938496648193,724334790269.2537,77.7975724975901,0.076234375,16248902.235262932,15961887963.046717,45.37901731588127,45.37901731588127,3.8150498245531352,26.0,1,1
2021-06-18,37743.41,-0.0201858778811239,-0.15953328011432988,709752795543.9023,78.9235680795335,0.076234375,16484079.137844345,15978372042.18456,44.41959379028611,44.41959379028611,3.793680673676294,25.0,1,1
2021-06-19,35495.38,-0.0595608610880682,-0.10943508704513094,667516286163.0068,75.8026639424299,0.076234375,15832243.0383183,15994204285.222878,41.73488560351379,41.73488560351379,3.731337364278548,23.0,1,1
2021-06-20,36104.3,0.0171549086106419,-0.1476846248230821,679005061839.7618,72.9972573179219,0.076234375,15246302.159851924,16009450587.382729,42.41276476876072,42.41276476876072,3.747449372796686,21.0,1,1
2021-06-21,34932.68,-0.0324509822929679,-0.14524164764913539,657007038143.2864,70.4239115513062,0.076234375,14708829.81416194,16024159417.19689,41.00102982239407,41.00102982239407,3.713597184008233,23.0,1,1
2021-06-22,32568.17,-0.0676876208753523,-0.024230099511271197,612569675334.1481,66.9927831699327,0.076234375,13992199.8752612,16038151617.072151,38.19453076388711,38.19453076388711,3.642692331641961,10.0,1,1
2021-06-23,32889.85,0.0098771284969343,-0.019924688011651037,618654303637.3331,65.1056626294326,0.076234375,13598053.42333055,16051749670.49548,38.5412379545436,38.5412379545436,3.651728783761043,14.0,1,1
2021-06-24,33057.18,0.0050875878120453,-0.01710248726600394,621836118317.4297,62.9612077373504,0.076234375,13150159.783841291,16064899830.279324,38.70774949653811,38.70774949653811,3.6560398253778863,22.0,1,1
2021-06-25,34861.5,0.0545817882832111,-0.026555082254062556,655813260309.5483,61.7603134617946,0.076234375,12899339.442641089,16077799169.721964,40.78998956179208,40.78998956179208,3.708436697428284,27.0,1,1
2021-06-26,32190.44,-0.0766191930926667,0.06976201630049172,605598801515.557,60.5594191862389,0.076234375,12648519.101440908,16090447688.823404,37.63716294458434,37.63716294458434,3.627991938459466,20.0,1,1
2021-06-27,31296.3,-0.0277765696896346,0.2056000230059145,588809824406.1553,56.5278427148277,0.076234375,11806478.793049842,16102254167.616455,36.56691903362957,36.56691903362957,3.599143980147041,22.0,1,1
2021-06-28,32712.65,0.0452561484903966,0.16290639859503897,615491023275.0498,55.0696127025848,0.076234375,11501910.974996198,16113756078.591452,38.19662034556822,38.19662034556822,3.642747039069492,25.0,1,1
2021-06-29,34650.05,0.0592247953009004,0.15277553712043712,651979279839.658,54.9838345276781,0.076234375,11483995.233756054,16125240073.825209,40.43222158893392,40.43222158893392,3.6996270311644057,25.0,1,1
2021-06-30,36148.75,0.0432524628391588,0.09895058611985208,680216452246.515,53.8687180807528,0.076234375,11251090.5614723,16136491164.38668,42.15392586386787,42.15392586386787,3.741327820415863,28.0,1,1
2021-07-01,34576.96,-0.0434811715481171,0.1761638385792157,650675660897.5272,53.0753763862656,0.06484670625,9429488.607200963,16145920652.99388,40.29969395253252,40.29969395253252,3.6963438746938384,28.0,1,1
2021-07-02,33408.91,-0.0337811652614918,0.24324259606194865,628729669406.9021,51.3398083456587,0.076234375,10722899.183153631,16156643552.177032,38.91462155344658,38.91462155344658,3.661370055410873,21.0,1,1
2021-07-03,33132.0,-0.0082885074670201,0.23969696969696974,623552726406.3954,52.1087662608808,0.076234375,10883504.734025575,16167527056.911058,38.56821913527265,38.56821913527265,3.652428598877074,24.0,1,1
2021-07-04,34718.97,0.047898406374502,0.11856515328651729,653455821119.946,54.2232970648266,0.076234375,11325148.389524356,16178852205.300585,40.3895043250261,40.3895043250261,3.6985699572798167,27.0,1,1
2021-07-05,35515.63,0.022945957210136,0.07170983592294444,668486709879.2062,54.8125197445701,0.076234375,11448214.205212222,16190300419.505796,41.28933327721485,41.28933327721485,3.720604192449026,29.0,1,1
2021-07-06,33851.0,-0.0468703497586836,0.17377300522879668,637189485765.5299,55.8466784910341,0.076234375,11664209.94682172,16201964629.452616,39.32791487565773,39.32791487565773,3.671934568909601,20.0,1,1
2021-07-07,33966.89,0.0034235325396589,0.20399600905469994,639406009595.3971,55.8810571838525,0.076234375,11671390.325343166,16213636019.77796,39.436312053349866,39.436312053349866,3.6746870175872055,28.0,1,1
2021-07-08,34532.38,0.0166482713018472,0.23722981155657386,650086666382.8446,56.236936254997,0.076234375,11745719.6912727,16225381739.469233,40.06603214773487,40.06603214773487,3.690528896728601,20.0,1,1
2021-07-09,32819.0,-0.0496166206904938,0.33983911758432606,617865429894.4647,56.6129564496868,0.076234375,11824255.75847696,16237205995.227709,38.05244757478978,38.05244757478978,3.638965407463352,20.0,1,1
2021-07-10,33521.78,0.0214138151680429,0.3020415383669961,631130861869.6691,58.1352720324325,0.076234375,12142208.572184851,16249348203.799894,38.84038017734642,38.84038017734642,3.659460431669411,20.0,1,1
2021-07-11,33324.24,-0.0058928851630194,0.3636485033117036,627446035975.8685,58.7517654855521,0.076234375,12270970.197089411,16261619173.996984,38.58447484609536,38.58447484609536,3.652849989504528,20.0,1,1
2021-07-12,33973.59,0.0194858157305313,0.3435215412913386,639707342441.4779,58.38187024259,0.076234375,12193713.395273829,16273812887.392258,39.30900194490227,39.30900194490227,3.6714535497678336,25.0,1,1
2021-07-13,32837.5,-0.0334403870771383,0.41149600304529876,618349103162.2013,58.0119748269384,0.076234375,12116456.557390086,16285929343.949648,37.96830319615275,37.96830319615275,3.63675168523234,20.0,1,1
2021-07-14,32508.68,-0.0100135515797487,0.368066005756001,612190699825.1514,60.9094916216786,0.076234375,12721635.68588056,16298650979.635529,37.56082025377791,37.56082025377791,3.625961492594096,21.0,1,1
2021-07-15,32792.98,0.0087453566247539,0.45196197478850664,617578269782.0962,60.2313497385014,0.076234375,12579998.08964676,16311230977.725176,37.86214974366244,37.86214974366244,3.633951925565436,20.0,1,1
2021-07-16,31756.0,-0.0316220117842295,0.4694860813704498,598081863863.2699,61.4026863150985,0.076234375,12824644.97137695,16324055622.696552,36.638068240328224,36.638068240328224,3.6010878157175736,22.0,1,1
2021-07-17,31824.91,0.0021699836251416,0.4550155837047143,599412408462.0338,60.2692916972812,0.076234375,12587922.696534028,16336643545.393084,36.69128280827719,36.69128280827719,3.602539201186815,15.0,1,1
2021-07-18,31722.08,-0.0032311167572821,0.4517651427649132,597508232545.183,61.0138860601413,0.076234375,12743439.644153656,16349386985.03724,36.54621626437831,36.54621626437831,3.5985776586585647,19.0,1,1
2021-07-19,31610.94,-0.0035035533609398,0.4227751531590014,595447296515.3638,63.2226614619464,0.076234375,13204767.349008411,16362591752.386248,36.3907689885697,36.3907689885697,3.594315143265858,24.0,1,1
2021-07-20,30772.25,-0.026531637464751,0.4472890347634637,579680694288.8447,61.9980261660447,0.076234375,12948988.427402915,16375540740.81365,35.39917877912117,35.39917877912117,3.5666886215407327,19.0,1,1
2021-07-21,29859.0,-0.0296777128744242,0.5601242506446968,562507734606.7969,60.0270887806664,0.076234375,12537335.880174289,16388078076.693825,34.324203971590954,34.324203971590954,3.535850760462789,10.0,1,1
2021-07-22,31779.04,0.0643035600656418,0.5310069152497998,598711576656.3251,61.1149076996813,0.076234375,12764539.155254494,16400842615.84908,36.50492786741064,36.50492786741064,3.597447261541452,21.0,1,1
2021-07-23,32234.53,0.0143330320865575,0.5208070351886627,607325972501.1956,59.7900979790016,0.076234375,12487837.67292589,16413330453.522003,37.00199506864095,37.00199506864095,3.610971831964632,23.0,1,1
2021-07-24,32491.82,0.007981813291523,0.4894130276481896,612206826568.9138,60.0355714623462,0.076234375,12539107.584109034,16425869561.106112,37.270892983256346,37.270892983256346,3.618212673044659,22.0,1,1
2021-07-25,33935.75,0.0444398005405668,0.4587345203804247,639447930348.6796,60.5637437263267,0.076234375,12649422.33051147,16438518983.436625,38.899363804791925,38.899363804791925,3.660977895858064,27.0,1,1
2021-07-26,34436.11,0.0147443330411145,0.404049412085163,648911413810.0908,59.3900283516567,0.076234375,12404278.609920075,16450923262.046543,39.4452884785607,39.4452884785607,3.6749146099582792,26.0,1,1
2021-07-27,37730.82,0.0956760214786165,0.28992372813524847,711035280661.3661,62.2069466323808,0.076234375,12992623.82788467,16463915885.87443,43.18749473637764,43.18749473637764,3.765550979649505,32.0,1,1
2021-07-28,38041.75,0.008240743243852,0.23623387462459,716933643991.6053,63.2390664106199,0.076234375,13208193.707937265,16477124079.582369,43.51084816312052,43.51084816312052,3.773010290064094,50.0,1,1
2021-07-29,39943.73,0.0499971741573403,0.22460596444047654,752819130107.0118,63.9840227661547,0.076234375,13363786.261818012,16490487865.844185,45.651719720571975,45.651719720571975,3.821041278194981,50.0,1,1
2021-07-30,39725.69,-0.0054586789966786,0.22705433184420465,748750319843.7793,66.1499690916871,0.076234375,13816168.63006598,16504304034.47425,45.36697326223432,45.36697326223432,3.814784379134754,53.0,1,1
2021-07-31,40668.17,0.0237246980480387,0.19966671723856777,766555726019.5587,67.1870862242427,0.076234375,14032782.264044529,16518336816.738297,46.40635038043271,46.40635038043271,3.837436311514765,60.0,1,1
2021-08-01,41535.38,0.0213240477749552,0.17164571505063875,782944193346.3395,67.8930129414629,0.064175934375,11937253.542609176,16530274070.280905,47.364259661850525,47.364259661850525,3.8578679287155375,60.0,1,1
2021-08-02,41073.64,-0.0111167876639144,0.14435925328264076,774282274192.0399,68.0832215957493,0.076234375,14219950.263940956,16544494020.544844,46.799997221464814,46.799997221464814,3.8458831435531895,48.0,1,1
2021-08-03,38835.43,-0.0544926137542228,0.2428640548076848,732129212157.6652,68.7348197149783,0.076234375,14356043.895093285,16558850064.439938,44.213771445996095,44.213771445996095,3.7890363117318153,48.0,1,1
2021-08-04,38062.45,-0.0199039897330866,0.3018318579072028,717595716031.106,67.7461168484085,0.076234375,14149542.127713405,16572999606.567652,43.299084840787216,43.299084840787216,3.7681314994683976,42.0,1,1
2021-08-05,39733.39,0.0438999591460875,0.26163888860225626,749138618776.4384,68.0844194855167,0.076234375,14220200.456756676,16587219807.024408,45.16360351474879,45.16360351474879,3.810291530490193,50.0,1,1
2021-08-06,40896.0,0.0292602770616854,0.22704103090766825,771100267135.6523,67.995187677118,0.076234375,14201563.385130936,16601421370.40954,46.44784623743516,46.44784623743516,3.838330096852991,52.0,1,1
2021-08-07,42724.49,0.0447107296557121,0.1781273456979826,805620208857.404,68.4228638311367,0.076234375,14290888.38322414,16615712258.792765,48.4854453609765,48.4854453609765,3.8812636572557584,69.0,1,1
2021-08-08,43972.18,0.0292031572524329,0.18080909338586348,829191597336.6373,68.6744186232386,0.076234375,14343428.444468368,16630055687.237232,49.861023494527565,49.861023494527565,3.909239605251908,74.0,1,1
2021-08-09,43646.75,-0.0074008156975614,0.07244617296820488,823099285835.1736,69.2404166872928,0.076234375,14461643.536699548,16644517330.773932,49.451676457649576,49.451676457649576,3.900995959569885,65.0,1,1
2021-08-10,45442.55,0.0411439568810965,0.013133946048362155,857011034200.1107,68.9888618951909,0.076234375,14409103.47545532,16658926434.249388,51.44455362010401,51.44455362010401,3.940504598952809,71.0,1,1
2021-08-11,45644.25,0.0044385713389762,0.013561401490877811,860861308641.9413,69.6806377916459,0.076234375,14553588.68944522,16673480022.938831,51.63057186967545,51.63057186967545,3.944113975136152,70.0,1,1
2021-08-12,46350.0,0.0154619694704152,-0.028004314994606205,874218984366.7373,69.1146397275917,0.076234375,14435373.597214034,16687915396.536049,52.38635045742149,52.38635045742149,3.958646069940458,70.0,1,1
2021-08-13,44474.02,-0.0404742179072277,0.01895128886482489,838880792820.0199,68.5787834865533,0.076234375,14323453.965363594,16702238850.501411,50.22564940716533,50.22564940716533,3.916525840575901,70.0,1,1
2021-08-14,47614.16,0.0706061651274161,-0.035370990478462816,898159250822.7291,69.1440240473393,0.076234375,14441510.844476389,16716680361.345888,53.72832592406025,53.72832592406025,3.983940347063082,76.0,1,1
2021-08-15,46665.0,-0.0199344060674387,-0.03194064073716918,880302296485.4777,71.4900038145401,0.076234375,14931495.231641317,16731611856.57753,52.61311964629476,52.61311964629476,3.962965511576296,71.0,1,1
2021-08-16,46305.74,-0.0076987035251259,0.011081779494291677,873572040414.4601,72.7961174795732,0.076234375,15204291.831457088,16746816148.408989,52.163469920069126,52.163469920069126,3.954382439946941,72.0,1,1
2021-08-17,46053.01,-0.0054578546849698,0.0406737800634529,868850863195.2627,74.0270210188535,0.076234375,15461379.946531942,16762277528.355518,51.83369990894682,51.83369990894682,3.9480405151245024,72.0,1,1
2021-08-18,44975.26,-0.0234023791278789,0.04804997236258335,848563224534.4357,73.8929504456055,0.076234375,15433377.792127969,16777710906.147646,50.57681761720589,50.57681761720589,3.923493321453116,73.0,1,1
2021-08-19,44536.34,-0.0097591431378052,0.05460619350400164,840327047392.587,74.7895527822125,0.076234375,15620643.32296296,16793331549.47061,50.03932929669797,50.03932929669797,3.912809282165519,70.0,1,1
2021-08-20,46583.75,0.0459716716730653,0.029640593554619343,879005409042.0472,76.1238162461141,0.076234375,15899319.326403713,16809230868.797014,52.29301780093612,52.29301780093612,3.956862859308409,70.0,1,1
2021-08-21,48653.93,0.0444399602865805,-0.020592992179665703,918117567808.0912,76.5287296693344,0.076234375,15983890.070919627,16825214758.867931,54.56795535546946,54.56795535546946,3.9994468122071902,78.0,1,1
2021-08-22,49022.5,0.0075753387239221,-0.11209016268040195,925122161803.7612,75.3139885269739,0.076234375,15730177.655098705,16840944936.523031,54.93291292684204,54.93291292684204,4.006112675747189,76.0,1,1
2021-08-23,48393.74,-0.0128259472691111,-0.154410260500635,913305477532.942,77.7434716843945,0.076234375,16237602.66901373,16857182539.192043,54.17901095924872,54.17901095924872,3.992293581769929,79.0,1,1
2021-08-24,49503.25,0.0229267256467469,-0.12254407538898959,934294562457.906,76.5287296693344,0.076234375,15983890.070919627,16873166429.262964,55.37162016238804,55.37162016238804,4.014067191060359,79.0,1,1
2021-08-25,48350.0,-0.0232964502330654,-0.07537228541882113,912577608949.4368,78.8679158190912,0.076234375,16472455.534304194,16889638884.797268,54.0318011044551,54.0318011044551,3.98957278256698,73.0,1,1
2021-08-26,48669.88,0.0066159255429161,-0.11722856107309076,918664247236.0812,79.6321201985376,0.076234375,16632068.255507918,16906270953.052776,54.33866816562509,54.33866816562509,3.9952360944160095,75.0,1,1
2021-08-27,47028.5,-0.0337247595432739,-0.09280755286687858,887729931017.7068,79.9914106311438,0.076234375,16707110.122831788,16922978063.175608,52.45707509066662,52.45707509066662,3.959995217845597,71.0,1,1
2021-08-28,48915.33,0.0401209904632298,-0.1178603926417342,923395828653.0968,79.2937558809842,0.076234375,16561397.043806585,16939539460.219414,54.51127114887552,54.51127114887552,3.998407490358054,78.0,1,1
2021-08-29,48745.58,-0.0034702822203181,-0.12420838976580029,920240483692.398,80.1472805426822,0.076234375,16739665.3154001,16956279125.534813,54.27136914174695,54.27136914174695,3.993996816092204,72.0,1,1
2021-08-30,48788.25,0.0008753614173837,-0.1438188498255215,921095145531.6896,77.1690063395695,0.076234375,16117619.089501694,16972396744.624315,54.270187021372166,54.270187021372166,3.993975034197479,73.0,1,1
2021-08-31,48664.75,-0.0025313471993768,-0.15476294443103067,918812505152.956,77.7803751840482,0.076234375,16245310.381976506,16988642055.006292,54.08392867293335,54.08392867293335,3.9905370746755353,73.0,1,1
2021-09-01,47003.0,-0.0341468927714618,-0.07598749016020256,887485189639.5554,76.6083785078711,0.0702147546874999,14737091.791609082,17003379146.7979,52.1946362530349,52.1946362530349,3.954979735835785,71.0,1,1
2021-09-02,48267.16,0.0268953045550284,-0.002962262540410543,911402899159.8132,76.6293772832877,0.076234375,16004911.462549685,17019384058.26045,53.55087446407668,53.55087446407668,3.9806321266218014,74.0,1,1
2021-09-03,49550.91,0.0265967585414181,-0.030835155196948016,935693054028.9894,76.5753558011766,0.076234375,15993628.465494031,17035377686.725945,54.92646369432045,54.92646369432045,4.005995266879101,74.0,1,1
2021-09-04,50129.19,0.0116704213908482,-0.023727492903835135,946663335477.8928,77.4285632457019,0.076234375,16171830.48269604,17051549517.20864,55.51773077998032,55.51773077998032,4.016702443244752,72.0,1,1
2021-09-05,50181.07,0.0010349259583088,-0.023656729519717312,947693439343.4724,77.8106853058624,0.076234375,16251640.993463298,17067801158.202105,55.52522147166268,55.52522147166268,4.0168373584562405,73.0,1,1
2021-09-06,50334.89,0.0030652993250244,0.021299539941380674,950648911251.5436,80.3977409885058,0.076234375,16791976.810056496,17084593135.01216,55.64363773482786,55.64363773482786,4.018967744767603,79.0,1,1
2021-09-07,51922.75,0.0315459117919996,0.05783476414481137,980690074390.9468,80.8818780693369,0.076234375,16893094.310800284,17101486229.322962,57.34531263776433,57.34531263776433,4.049091107676492,79.0,1,1
2021-09-08,46808.79,-0.0984917016144175,0.15734373821668957,884147165271.9119,81.7408606605813,0.076234375,17072502.53266165,17118558731.855623,51.648458209663296,51.648458209663296,3.944460344387546,47.0,1,1
2021-09-09,46039.39,-0.0164370837186776,0.17259177413080407,869660496147.57,81.3074634967004,0.076234375,16981982.637003474,17135540714.492626,50.751856077237306,50.751856077237306,3.9269481902036114,45.0,1,1
2021-09-10,46263.25,0.0048623580807651,0.18159316520132052,873935431050.8977,80.8706590860408,0.076234375,16890751.09934902,17152431465.591974,50.95111050605419,50.95111050605419,3.930866555428343,46.0,1,1
2021-09-11,45052.0,-0.0261816884892436,0.2283361448992276,851099425479.2002,80.8498463513166,0.076234375,16886404.124489456,17169317869.716463,49.570951620645566,49.570951620645566,3.903405009359723,31.0,1,1
2021-09-12,45316.86,0.0058789842848263,0.2651911451940845,856148368882.6772,80.0754255080136,0.076234375,16724657.579349242,17186042527.29581,49.81649309449198,49.81649309449198,3.908346115836804,32.0,1,1
2021-09-13,45930.0,0.0135300636451862,0.20527237099934692,867778045748.2424,79.6419760831185,0.076234375,16634126.768387632,17202676654.064198,50.44436183965747,50.44436183965747,3.920870983163958,44.0,1,1
2021-09-14,45174.49,-0.0164491617679077,0.26110067872376663,853548982208.98,81.3295347794552,0.076234375,16986592.473842546,17219663246.53804,49.56827378030075,49.56827378030075,3.90335098754677,30.0,1,1
2021-09-15,46818.89,0.0364010750315055,0.22663565923925155,884665862254.4225,81.3295347794552,0.076234375,16986592.473842546,17236649839.011883,51.32469885488707,51.32469885488707,3.9381720954720425,49.0,1,1
2021-09-16,47926.16,0.0236500694484642,0.3043471456924567,905636134450.879,81.2511072751488,0.076234375,16970212.003229924,17253620051.015114,52.48963010505126,52.48963010505126,3.960615628279029,53.0,1,1
2021-09-17,47136.32,-0.0164803522752501,0.29409953937855127,890757983897.5072,82.1138115359953,0.076234375,17150397.537847646,17270770448.552963,51.576042108309046,51.576042108309046,3.943057264440223,48.0,1,1
2021-09-18,46968.3,-0.0035645548910053,0.2989912345134911,887629690176.8435,82.662806636354,0.076234375,17265061.368954245,17288035509.921917,51.3435832352043,51.3435832352043,3.9385399672265073,50.0,1,1
2021-09-19,47964.52,0.0212104760018989,0.2794717845607546,906504571682.1309,83.6823667625512,0.076234375,17478008.02373661,17305513517.945652,52.38241389035316,52.38241389035316,3.958570922216904,53.0,1,1
2021-09-20,47652.0,-0.0065156494842436,0.34580836061445486,900645604684.4948,84.0745059975591,0.076234375,17559910.734678544,17323073428.680332,51.99109779176787,51.99109779176787,3.95107250761351,50.0,1,1
2021-09-21,43527.56,-0.086553345085201,0.5161148476964939,822735082119.1632,80.6717767978868,0.076234375,16849212.28582576,17339922640.96616,47.44744824728476,47.44744824728476,3.859622745891945,27.0,1,1
2021-09-22,40921.25,-0.0598772363991916,0.5314414882243332,773512730310.6836,80.376771597363,0.076234375,16787597.11573348,17356710238.081894,44.5656302202672,44.5656302202672,3.79696293907962,21.0,1,1
2021-09-23,43436.92,0.0614758835568316,0.397770375984301,821108344735.2284,83.0604946202902,0.076234375,17348122.998818316,17374058361.08071,47.260595519500335,47.260595519500335,3.855676872599818,27.0,1,1
2021-09-24,44705.75,0.0292108648587423,0.36716485015909583,845138107354.8436,83.5060694572196,0.076234375,17441186.339117054,17391499547.41983,48.594895744928834,48.594895744928834,3.88351849956634,33.0,1,1
2021-09-25,42964.38,-0.0389518126862876,0.40367672011093836,812261171057.65,83.0005889334621,0.076234375,17335611.01910794,17408835158.43894,46.657985078565474,46.657985078565474,3.842844082603978,28.0,1,1
2021-09-26,42663.9,-0.0069937003629517,0.4655483910284808,806622865826.7058,81.6984278013004,0.076234375,17063639.950451396,17425898798.38939,46.2887381109581,46.2887381109581,3.83489869416087,27.0,1,1
2021-09-27,43150.15,0.0113972234137056,0.4389053108737746,815858995812.9556,80.9459933178975,0.076234375,16906485.505052306,17442805283.89444,46.77338206408043,46.77338206408043,3.8453142818041455,26.0,1,1
2021-09-28,42690.97,-0.0106414462058648,0.3798723711360972,807219468856.6101,83.0481960111564,0.076234375,17345554.295309592,17460150838.18975,46.23210167755354,46.23210167755354,3.833674398302588,25.0,1,1
2021-09-29,41771.58,-0.0215359360539242,0.4699408066441346,789876702003.4261,82.3629965483584,0.076234375,17202442.64381167,17477353280.83356,45.19429740369441,45.19429740369441,3.810970915243805,24.0,1,1
2021-09-30,41133.25,-0.015281442550174,0.5165276266767154,777847053626.9006,82.3728483875242,0.076234375,17204500.311760727,17494557781.14532,44.46223010365096,44.46223010365096,3.794640067054316,20.0,1,1
2021-10-01,43431.36,0.0558698862842104,0.41992352991018467,821348346565.8956,80.9164339797849,0.0691747125,15335263.170073563,17509893044.315395,46.907673535592906,46.907673535592906,3.848181276900192,27.0,1,1
2021-10-02,48124.18,0.1080514172247886,0.26045534697941863,910143896705.7388,83.3898350588103,0.076234375,17416909.471401345,17527309953.786797,51.927186722061776,51.927186722061776,3.9498424819628166,54.0,1,1
2021-10-03,48023.0,-0.0021024773824718,0.2646648480936218,908277914136.9728,83.4128851727818,0.076234375,17421723.748202156,17544731677.535,51.76926788227656,51.76926788227656,3.946796689076835,49.0,1,1
2021-10-04,48939.75,0.0190898111321657,0.2898371977789016,925665227541.1569,83.0480565520985,0.076234375,17345525.16770927,17562077202.70271,52.70818576054898,52.70818576054898,3.9647707710098943,54.0,1,1
2021-10-05,48993.95,0.0011074842025142,0.2810638864594506,926738877371.764,84.0745761702098,0.076234375,17559925.39102969,17579637128.09374,52.71661016772397,52.71661016772397,3.964930589335721,59.0,1,1
2021-10-06,51407.0,0.0492519994815687,0.19340478923103865,972433474389.8145,84.223790568788,0.076234375,17591090.504499856,17597228218.59824,55.26060481286844,55.26060481286844,4.012060264293654,68.0,1,1
2021-10-07,54925.69,0.0684476822222655,0.1100603378856051,1039048601212.5138,82.3567191437741,0.076234375,17201131.536920965,17614429350.135162,58.98849066061517,58.98849066061517,4.077342351327505,76.0,1,1
2021-10-08,54173.86,-0.0136881302720093,0.12991302447342679,1024879509172.1298,81.6196826097284,0.076234375,17047193.127263047,17631476543.262424,58.12783215616564,58.12783215616564,4.062644587987849,74.0,1,1
2021-10-09,53985.41,-0.0034786149630098,0.15744994805077894,1021367676982.1456,79.7217136287458,0.076234375,16650780.855935393,17648127324.11836,57.8739975196303,57.8739975196303,4.058268190781309,72.0,1,1
2021-10-10,54664.34,0.0125761756741311,0.2096110553973578,1034266550371.3298,81.4122137024066,0.076234375,17003860.901286036,17665131185.019646,58.54847832935465,58.54847832935465,4.069855100455012,71.0,1,1
2021-10-11,55339.0,0.0123418667453041,0.22353638482805982,1047085944582.0912,81.5675454276736,0.076234375,17036303.687569324,17682167488.707214,59.21705838669477,59.21705838669477,4.081209648807074,71.0,1,1
2021-10-12,57334.49,0.0360593794611394,0.12089250292450515,1084899770758.2612,79.5878114658018,0.076234375,16622813.875926668,17698790302.58314,61.29796173696232,61.29796173696232,4.1157465917688345,78.0,1,1
2021-10-13,55358.16,-0.0344701766772495,0.1757164616743041,1047557665319.6578,83.0569715514818,0.076234375,17347387.166082177,17716137689.74922,59.1301379377847,59.1301379377847,4.0797407426185295,70.0,1,1
2021-10-14,56969.58,0.0291089877264707,0.12488349045227287,1078107152030.9594,82.7309378506111,0.076234375,17279291.34302789,17733416981.09225,60.79522932215829,60.79522932215829,4.107511320797494,70.0,1,1
2021-10-15,57429.72,0.0080769421154236,0.12076865427865568,1086871531190.7906,84.4426131316993,0.076234375,17636794.069758598,17751053775.16201,61.22856394652948,61.22856394652948,4.114613811785617,71.0,1,1
2021-10-16,62512.35,0.0885017374279379,0.026822699834512687,1183123097491.923,83.0569715514818,0.076234375,17347387.166082177,17768401162.32809,66.58579388675315,66.58579388675315,4.198491249789889,78.0,1,1
2021-10-17,60999.09,-0.0242073766223794,0.04716332653487143,1154542820108.278,83.1384791524579,0.076234375,17364410.949693583,17785765573.277782,64.9138669545336,64.9138669545336,4.17306126736633,79.0,1,1
2021-10-18,61011.41,0.0002019702261133,-0.008718533139948748,1154836016042.5444,83.3201222140297,0.076234375,17402349.155918274,17803167922.4337,64.86688330268122,64.86688330268122,4.172337220790673,78.0,1,1
2021-10-19,61369.25,0.0058651324399812,-0.020426842433303394,1161669618219.3906,85.1520914319399,0.076234375,17784976.630840525,17820952899.06454,65.18560622425353,65.18560622425353,4.177238681129079,75.0,1,1
2021-10-20,64130.46,0.0449933802352155,-0.10195420397733002,1214000081855.9568,83.6375640207113,0.076234375,17468650.46477099,17838421549.529312,68.05535335540883,68.05535335540883,4.220321393974052,82.0,1,1
2021-10-21,65992.78,0.0290395546827513,-0.12329970036116067,1249318923735.402,84.6490180586999,0.076234375,17679904.07142109,17856101453.600735,69.96594004473877,69.96594004473877,4.248008552845934,84.0,1,1
2021-10-22,62668.5,-0.0503733893313783,-0.04835379816016028,1186448020888.9597,86.1572820581918,0.076234375,17994922.05316429,17874096375.6539,66.37807002680184,66.37807002680184,4.19536673125032,75.0,1,1
2021-10-23,60714.84,-0.0311745135115728,-0.019732078681258147,1149520660408.702,87.2479160389456,0.076234375,18222713.28570272,17892319088.9396,64.24659959922664,64.24659959922664,4.162728797849121,74.0,1,1
2021-10-24,61120.13,0.0066753037642857,-0.07936583250068352,1157254008626.6,86.7961006008393,0.076234375,18128346.525320843,17910447435.464924,64.61334999007856,64.61334999007856,4.168421045631273,73.0,1,1
2021-10-25,60308.1,-0.0132858028934166,-0.043114109050028104,1141938084060.7288,89.6900061805487,0.076234375,18732771.410740457,17929180206.875664,63.69159498005418,63.69159498005418,4.15405260693443,72.0,1,1
2021-10-26,62526.01,0.0367763202621207,-0.0831716272955847,1183995634127.629,89.2785843493616,0.076234375,18646841.311666746,17947827048.187332,65.96874546142945,65.96874546142945,4.189181076249796,76.0,1,1
2021-10-27,62088.98,-0.006989571220041,-0.05226563554434305,1175780824568.191,89.9368591144126,0.076234375,18784329.43575424,17966611377.623085,65.44254783807442,65.44254783807442,4.18117262549249,73.0,1,1
2021-10-28,58908.09,-0.0512311524524965,-0.08326394558030992,1115601887282.1978,90.3482809455996,0.076234375,18870259.53482793,17985481637.157913,62.027912834837295,62.027912834837295,4.127584490745826,66.0,1,1
2021-10-29,61401.75,0.0423313673894367,-0.11057567577471328,1162886922720.145,91.4179775418377,0.076234375,19093677.75798913,18004575314.9159,64.5884116887084,64.5884116887084,4.168035009073322,70.0,1,1
2021-10-30,62379.71,0.0159272333443265,-0.135577417721243,1181469504154.0908,92.2408212042118,0.076234375,19265537.95613653,18023840852.87204,65.55037374100137,65.55037374100137,4.182818911810561,73.0,1,1
2021-10-31,61669.21,-0.0113899214985129,-0.054240357546334717,1168072945789.5266,91.2374422609442,0.076234375,19055970.924278542,18042896823.796314,64.7386590521864,64.7386590521864,4.170358535465952,74.0,1,1
2021-11-01,60658.38,-0.0163911618131641,-0.05785894710673112,1148986143359.9656,89.3029217168018,0.0697348359375,17061711.218248166,18059958535.01456,63.62064127291969,63.62064127291969,4.152937966008011,74.0,1,1
2021-11-02,60733.0,0.0012301680328423,-0.061145341083101434,1150458904369.5198,90.8826661307523,0.076234375,18981871.920031697,18078940406.9346,63.63530596783398,63.63530596783398,4.153168441601446,73.0,1,1
2021-11-03,63124.31,0.039374145851514,-0.09870286106889714,1195818862273.142,92.1507696638946,0.076234375,19246729.674235515,18098187136.60883,66.0739583057052,66.0739583057052,4.190774695034338,76.0,1,1
2021-11-04,62764.38,-0.0057019237121166,-0.1453910641672872,1189061635119.0403,92.1619143606724,0.076234375,19249057.3701079,18117436193.97894,65.63078916840384,65.63078916840384,4.184044932920481,73.0,1,1
2021-11-05,61349.36,-0.0225449530450232,-0.20531086224860373,1162314128083.0957,91.7493392024325,0.076234375,19162886.38564504,18136599080.364586,64.0866638189882,64.0866638189882,4.160236289534756,73.0,1,1
2021-11-06,60970.83,-0.0061700725158339,-0.1910479158640287,1155201999938.5574,92.5651955943935,0.076234375,19333287.21340093,18155932367.577988,63.62669658328662,63.62669658328662,4.153033139871347,71.0,1,1
2021-11-07,61211.75,0.0039513977421661,-0.18145862518225675,1159826303357.683,94.460884302245,0.076234375,19729223.22391496,18175661590.801903,63.81205424426656,63.81205424426656,4.155942110502117,73.0,1,1
2021-11-08,62485.41,0.0208074430154341,-0.19120319447371803,1184020175999.746,93.3153702051373,0.076234375,19489969.65885552,18195151560.46076,65.07338903253208,65.07338903253208,4.175515695023411,75.0,1,1
2021-11-09,66122.59,0.0582084681848129,-0.2342253986118813,1253004541269.0654,92.786672146534,0.076234375,19379545.09430391,18214531105.55506,68.7914793967397,68.7914793967397,4.231079891292131,84.0,1,1
2021-11-10,67709.28,0.023996186477269,-0.291366855473873,1283137749649.023,91.7292743925269,0.076234375,19158695.62333642,18233689801.1784,70.3718097456115,70.3718097456115,4.253792753220759,75.0,1,1
2021-11-11,64265.8,-0.0508568397123702,-0.25430835685543474,1217943916530.7517,93.0510211758357,0.076234375,19434757.376579724,18253124558.554977,66.72522902167556,66.72522902167556,4.200583127606549,77.0,1,1
2021-11-12,65085.5,0.0127548400548969,-0.2502873912008051,1233541861238.922,91.9055054419273,0.076234375,19195503.469655965,18272320062.02463,67.50877048189368,67.50877048189368,4.212257522503006,74.0,1,1
2021-11-13,64084.14,-0.0153853008734664,-0.21556425661637968,1214625710511.755,91.8173899172271,0.076234375,19177099.546496183,18291497161.57113,66.40384326022145,66.40384326022145,4.195754935232403,72.0,1,1
2021-11-14,64365.43,0.0043893855796457,-0.2725870082744728,1220019676654.069,92.6859205210297,0.076234375,19358501.97868596,18310855663.549816,66.62821765793718,66.62821765793718,4.199128176373306,74.0,1,1
2021-11-15,64189.1,-0.0027395140528075,-0.24762864723138345,1216739720353.7915,94.7191894452488,0.076234375,19783173.172233254,18330638836.72205,66.37737676202961,66.37737676202961,4.19535628701185,72.0,1,1
2021-11-16,63876.01,-0.0048776194089027,-0.2302239917615393,1210866898505.791,95.1622329088874,0.076234375,19875707.806612227,18350514544.528664,65.98544665151199,65.98544665151199,4.189434212431441,71.0,1,1
2021-11-17,60479.48,-0.053173797173618,-0.20482170150933843,1146539155967.377,95.7773818659581,0.076234375,20004188.618322324,18370518733.146984,62.41190968105927,62.41190968105927,4.133756117437263,52.0,1,1
2021-11-18,60115.67,-0.0060154287040828,-0.22028382949071346,1139700499286.5198,95.1382570533722,0.076234375,19870700.178227868,18390389433.32521,61.97261365337209,61.97261365337209,4.126692572191973,54.0,1,1
2021-11-19,57592.09,-0.0419787386549963,-0.18451995751499906,1091913105248.713,95.2632807953044,0.076234375,19896812.799669955,18410286246.12488,59.30994720294184,59.30994720294184,4.082777035662106,34.0,1,1
2021-11-20,57855.89,0.0045804901332804,-0.18519117068288127,1096970626791.8556,95.1569828708914,0.076234375,19874611.27684414,18430160857.40173,59.52040436756697,59.52040436756697,4.086319184311687,43.0,1,1
2021-11-21,59638.24,0.0308067164812433,-0.21238151897172008,1130822412738.643,92.9829695531634,0.076234375,19420544.026108056,18449581401.42784,61.29257830484585,61.29257830484585,4.115658763913307,49.0,1,1
2021-11-22,59516.81,-0.0020361097175235,-0.17501878880941368,1128577512227.8423,92.0605194632614,0.076234375,19227879.899882376,18468809281.32772,61.10721568654964,61.10721568654964,4.1126299555476,50.0,1,1
2021-11-23,56269.28,-0.0545649203981194,-0.12818344219083666,1067051180531.5648,90.4001096287979,0.076234375,18881084.54104901,18487690365.868767,57.71684615085894,57.71684615085894,4.055549091921815,33.0,1,1
2021-11-24,57707.97,0.0255679475550425,-0.1187754481746629,1094389264257.931,91.1380693733594,0.076234375,19035215.7736567,18506725581.64242,59.13467833248149,59.13467833248149,4.079817526142865,42.0,1,1
2021-11-25,57325.62,-0.006625601281764,-0.11222224897000677,1087193656613.8772,89.8466394111766,0.076234375,18765486.03112716,18525491067.67355,58.686361006159714,58.686361006159714,4.072207349004382,32.0,1,1
2021-11-26,58843.86,0.0264844933207875,-0.13636189060336967,1116044248734.724,89.3854151846259,0.076234375,18669154.13894648,18544160221.812496,60.183056842982914,60.183056842982914,4.097390864909931,47.0,1,1
2021-11-27,54003.17,-0.0822632981588903,-0.06913371937239976,1024286888064.3082,89.2009256576857,0.076234375,18630621.41626064,18562790843.22876,55.17957384290319,55.17957384290319,4.010592845723855,21.0,1,1
2021-11-28,54612.21,0.011277856466574,-0.0663542090678989,1035891331481.2302,89.7213275923349,0.076234375,18739313.241566863,18581530156.47032,55.74844066975398,55.74844066975398,4.020849439899803,27.0,1,1
2021-11-29,53922.43,-0.0126305088184491,-0.11773727556417612,1022859489700.1064,89.7088960916086,0.076234375,18736716.782147188,18600266873.25247,54.99165666117391,54.99165666117391,4.007181476655742,33.0,1,1
2021-11-30,58324.25,0.0816324486860107,-0.19041136405526005,1106414224936.0105,89.7088584451943,0.076234375,18736708.9192681,18619003582.171738,59.42392244853723,59.42392244853723,4.084696880116557,40.0,1,1
2021-12-01,57148.75,-0.0201545669254212,-0.17242494367768324,1084169976788.6248,87.7368384370758,0.07008730625,16847229.219030418,18635850811.39077,58.17657523454463,58.17657523454463,4.063482786338648,34.0,1,1
2021-12-02,57019.46,-0.0022623416960125,-0.17054844083055154,1081772114630.5696,89.8991424186832,0.076234375,18776451.877600823,18654627263.26837,57.9894789300142,57.9894789300142,4.06026159633348,32.0,1,1
2021-12-03,56893.76,-0.0022045105302644,-0.1687158662039564,1079442090373.704,93.0640786653866,0.076234375,19437484.580839947,18674064747.849213,57.80434548927163,57.80434548927163,4.057063954327634,31.0,1,1
2021-12-04,53639.0,-0.0572076797174242,-0.1162713697123362,1017741309922.9644,94.0271970390811,0.076234375,19638642.737743005,18693703390.58696,54.44300086816606,54.44300086816606,3.997154298750596,25.0,1,1
2021-12-05,48753.67,-0.0910779470161636,-0.05700616999704833,925094396153.142,96.4890973564361,0.076234375,20152838.44186865,18713856229.028824,49.43365946769117,49.43365946769117,3.900631557912365,18.0,1,1
2021-12-06,49322.48,0.0116670191187659,-0.06277016078672448,935934889882.6392,99.2015289984782,0.076234375,20719360.44450236,18734575589.473328,49.95762436211935,49.95762436211935,3.91117513332855,16.0,1,1
2021-12-07,50104.35,0.0158522037010302,-0.1303072487718132,950819648671.073,101.088064106256,0.076234375,21113384.622192763,18755688974.09552,50.694999793625314,50.694999793625314,3.925827282333635,25.0,1,1
2021-12-08,50538.0,0.0086549371461759,-0.14697633463928128,959097454741.1832,103.359437837413,0.076234375,21587786.695579536,18777276760.7911,51.07755863426789,51.07755863426789,3.933345235078269,28.0,1,1
2021-12-09,50635.0,0.0019193478174839,-0.1731950232052929,960986888181.4132,103.547168652939,0.076234375,21626996.39801752,18798903757.18912,51.11930464636325,51.11930464636325,3.9341622075973306,29.0,1,1
2021-12-10,47981.04,-0.0524135479411473,-0.1294967762266095,910664178959.8124,101.931867771174,0.076234375,21289622.5537482,18820193379.742867,48.38761008375219,48.38761008375219,3.879243790946432,24.0,1,1
2021-12-11,47922.47,-0.0012206905060831,-0.1217437248121811,909598484961.8848,101.77434088194,0.076234375,21256721.28266204,18841450101.025528,48.27645855731539,48.27645855731539,3.876944041370648,16.0,1,1
2021-12-12,48795.42,0.0182158807757613,-0.14503922704221006,926214382367.9592,99.9594721101935,0.076234375,20877665.42917953,18862327766.45471,49.1039278839786,49.1039278839786,3.893939029237873,27.0,1,1
2021-12-13,50269.89,0.0302173851562299,-0.1509822281290053,954250309047.6482,97.6920128708118,0.076234375,20404080.94163916,18882731847.396347,50.53560664630343,50.53560664630343,3.922678169932725,28.0,1,1
2021-12-14,46820.25,-0.0686223900629183,-0.06469572460634021,888812196626.9376,97.7354499783306,0.076234375,20413153.27244328,18903145000.66879,47.019276241889465,47.019276241889465,3.850557650434747,21.0,1,1
2021-12-15,48294.04,0.0314776191925503,-0.11344153440051818,916836102018.3444,96.392716849703,0.076234375,20132708.283805687,18923277708.952595,48.45017423089393,48.45017423089393,3.8805359344271912,28.0,1,1
2021-12-16,49170.22,0.0181426113864153,-0.1190230590792557,933516932760.4756,93.0117886884804,0.076234375,19426563.22821472,18942704272.18081,49.28108042796378,49.28108042796378,3.897540243253677,29.0,1,1
2021-12-17,48091.97,-0.021928923645247,-0.09928954875418905,913091887720.985,93.4874002313317,0.076234375,19525900.07400117,18962230172.25481,48.15319081280874,48.15319081280874,3.874387404227286,23.0,1,1
2021-12-18,46873.16,-0.0253433161502845,-0.08077842415574299,889995901374.8064,91.6907941429409,0.076234375,19150658.58833085,18981380830.84314,46.88783757652859,46.88783757652859,3.847758315094776,24.0,1,1
2021-12-19,46965.2,0.0019635970777305,-0.11146018754311704,891788351417.501,92.5486075704731,0.076234375,19329822.617137767,19000710653.46028,46.93447354060385,46.93447354060385,3.848752448949736,29.0,1,1
2021-12-20,47141.49,0.0037536303475764,-0.1009828072892901,895180798937.5825,92.8345453796505,0.076234375,19389543.960073408,19020100197.42035,47.06498859869275,47.06498859869275,3.85152938275317,25.0,1,1
2021-12-21,46972.18,-0.0035915283967477,-0.111271820894836,892010552466.9167,94.073610540175,0.076234375,19648336.721982613,19039748534.14233,46.84991248005989,46.84991248005989,3.846949140594317,27.0,1,1
2021-12-22,49100.25,0.045304901752484,-0.15856905005575328,932469832065.9023,94.7407992898912,0.076234375,19787686.632507667,19059536220.77484,48.92405676951956,48.92405676951956,3.890269233985811,45.0,1,1
2021-12-23,49056.49,-0.0008912378246547,-0.2522063849248082,931685544899.8602,98.2673677162884,0.076234375,20524250.30341486,19080060471.07825,48.83032453236292,48.83032453236292,3.888351524219063,34.0,1,1
2021-12-24,50853.68,0.0366351118883556,-0.3042963655727571,965866404544.4824,98.4579931865578,0.076234375,20564064.587209564,19100624535.66546,50.56726824512872,50.56726824512872,3.9233044943551376,41.0,1,1
2021-12-25,50892.41,0.0007615968008609,-0.30565441880233235,966650474662.4148,100.297767384279,0.076234375,20948322.22037231,19121572857.88583,50.55287459074077,50.55287459074077,3.9230198101353273,39.0,1,1
2021-12-26,50819.8,-0.0014267353422642,-0.2755886485188843,965319697499.7604,98.9087462570814,0.076234375,20658209.46011559,19142231067.345947,50.42879767272609,50.42879767272609,3.920562394295916,37.0,1,1
2021-12-27,50269.73,-0.0108239308301094,-0.2724100567080826,954918974757.7356,99.3349158366252,0.076234375,20747219.793103352,19162978287.13905,49.83144897672903,49.83144897672903,3.908646290271689,40.0,1,1
2021-12-28,50988.46,0.0142974708636787,-0.28742758655585987,968620392707.5284,96.8021418878116,0.076234375,20218221.330078457,19183196508.469128,50.49316949236772,50.49316949236772,3.921838069556306,41.0,1,1
2021-12-29,47573.75,-0.0669702517000905,-0.2392073359783493,903796863963.2354,96.5602113961696,0.076234375,20167691.41275306,19203364199.88188,47.06450674766636,47.06450674766636,3.851519144707707,27.0,1,1
2021-12-30,47218.65,-0.0074642003205549,-0.19962980729012791,897095607026.9312,93.4510107688278,0.076234375,19518299.72350645,19222882499.60539,46.66811062520655,46.66811062520655,3.843061075431213,22.0,1,1
2021-12-31,47294.88,0.0016144044778916,-0.1882630847144553,898588797201.6006,93.3056074472354,0.076234375,19487930.596535165,19242370430.201923,46.69844603922694,46.69844603922694,3.843710888729927,28.0,1,1
2022-01-01,47294.88,0.0,-0.19649759128260802,898633690897.0,95.654588703653,0.079967734375,20956933.53754412,19263327363.739468,46.64997245432026,46.64997245432026,3.8426723368177287,21.0,1,1
2022-01-02,47294.88,0.0,-0.1874422770498625,898678563288.3252,97.8968286536969,0.076234375,20446859.032593627,19283774222.77206,46.60283577823073,46.60283577823073,3.841661392890196,29.0,1,1
2022-01-03,47402.32,0.0022717046750093,-0.18136665040867195,900765048567.686,97.0853361737782,0.076234375,20277369.65718595,19304051592.429245,46.661968564202986,46.661968564202986,3.842929455249044,29.0,1,1
2022-01-04,45974.41,-0.0301232091593828,-0.19726756689210367,873674692774.2188,98.279456312225,0.076234375,20526775.14329391,19324578367.57254,45.2105435966604,45.2105435966604,3.81133032504888,23.0,1,1
2022-01-05,46226.5,0.0054832677569978,-0.20039782375909931,878509081372.7844,98.7076495142674,0.076234375,20616208.13271021,19345194575.70525,45.41226390537648,45.41226390537648,3.815782198643115,24.0,1,1
2022-01-06,43575.39,-0.0573504375196045,-0.06723152678610567,828167466186.8575,101.240728873096,0.076234375,21145270.38406829,19366339846.08932,42.763241416218925,42.763241416218925,3.75567888815328,15.0,1,1
2022-01-07,43110.11,-0.0106775865918813,-0.0328776706902395,819365441366.2476,100.333620544597,0.076234375,20955810.55809455,19387295656.64741,42.26300851224229,42.26300851224229,3.743912200194503,18.0,1,1
2022-01-08,41865.27,-0.0288758251834663,-0.004711064803833764,795745196049.0983,97.7067108568893,0.076234375,20407150.78213882,19407702807.42955,41.00151388058536,41.00151388058536,3.713608989939353,10.0,1,1
2022-01-09,41767.65,-0.0023317656854953,0.05584513373388256,793929201527.346,96.1419878533892,0.076234375,20080340.699344423,19427783148.12889,40.86566107280284,40.86566107280284,3.710290127829853,23.0,1,1
2022-01-10,42088.21,0.0076748392595704,0.050788807601938935,800062261598.2263,96.3880448025513,0.076234375,20131732.473957524,19447914880.60285,41.13871674727454,41.13871674727454,3.716949691401775,23.0,1,1
2022-01-11,41718.17,-0.0087920108743042,0.06701108893319141,793067518092.3239,97.4979054944771,0.076234375,20363539.422412403,19468278420.025265,40.7363969726551,40.7363969726551,3.70712196733574,21.0,1,1
2022-01-12,42680.03,0.0230561407655225,0.02562017880493528,811392896592.358,96.5041018320414,0.076234375,20155972.296169948,19488434392.32144,41.63458594252455,41.63458594252455,3.728931214700768,22.0,1,1
2022-01-13,43791.18,0.0260344240620262,-0.028184214264150964,832558375130.0812,99.718405519568,0.076234375,20827315.9473447,19509261708.26878,42.67503238101577,42.67503238101577,3.7536140274620737,21.0,1,1
2022-01-14,42815.49,-0.0222805140213167,-0.02176478652936109,814048938296.1112,101.590925562862,0.076234375,21218412.92042824,19530480121.18921,41.68094861185337,41.68094861185337,3.7300441565875926,21.0,1,1
2022-01-15,43317.83,0.011732669648298,-0.02405545245456664,823640751793.4647,103.710999820824,0.076234375,21661214.38894693,19552141335.57816,42.125347687351386,42.125347687351386,3.740649642344135,23.0,1,1
2022-01-16,43316.94,-2.054581219790297e-05,-0.024730740444731336,823664655429.8478,106.963927588482,0.076234375,22340625.11576214,19574481960.69392,42.078490612614345,42.078490612614345,3.739536698314037,21.0,1,1
2022-01-17,43086.82,-0.0053124712872146,0.021420239414280395,819329550444.3444,108.781739003207,0.076234375,22720295.5734866,19597202256.267403,41.80849591335486,41.80849591335486,3.7330995703935854,22.0,1,1
2022-01-18,41730.45,-0.0314799282007816,0.05641204444236769,793576408449.5293,106.676903528198,0.076234375,22280676.897006765,19619482933.16441,40.44838547238584,40.44838547238584,3.700026728551812,24.0,1,1
2022-01-19,42381.01,0.0155895754778585,-0.039992911919748964,805987814823.0967,109.929832085553,0.076234375,22960087.788759124,19642443020.953167,41.03297201693934,41.03297201693934,3.7143759390474456,24.0,1,1
2022-01-20,41745.5,-0.0149951593886036,-0.04233749745481552,793941169374.0083,108.973089692891,0.076234375,22760261.327552013,19665203282.28072,40.372894090008565,40.372894090008565,3.6981586214211073,24.0,1,1
2022-01-21,41314.47,-0.010325184750452,-0.03354030682228293,785782426502.4857,107.660099190871,0.076234375,22486028.422613848,19687689310.70333,39.912374382873374,39.912374382873374,3.686686410723035,19.0,1,1
2022-01-22,36684.13,-0.112075502844403,0.04334980821406975,697749942212.9277,105.793299712625,0.076234375,22096126.25419081,19709785436.957527,35.40119421617788,35.40119421617788,3.566745554490998,13.0,1,1
2022-01-23,35379.09,-0.0355750565707841,0.047644244100116806,672960682559.0653,103.797565615956,0.076234375,21679294.63357232,19731464731.5911,34.10596687642861,34.10596687642861,3.5294723506954058,11.0,1,1
2022-01-24,35336.92,-0.0011919469946796,0.07254678676013637,672191727743.161,104.082587794351,0.076234375,21738824.73667117,19753203556.32777,34.02950442070598,34.02950442070598,3.5272279253949,13.0,1,1
2022-01-25,36814.44,0.0418123594246471,0.01957682909206282,700332199387.4811,106.968649186828,0.076234375,22341611.274937235,19775545167.602707,35.41405273290774,35.41405273290774,3.567108711224192,12.0,1,1
2022-01-26,36575.75,-0.0064835971971868,0.05020977013458361,695825836729.9005,104.013765701049,0.076234375,21724450.464701112,19797269618.06741,35.147565808513065,35.147565808513065,3.559555364322774,23.0,1,1
2022-01-27,36332.97,-0.0066377312837057,0.07331577902934994,691241197124.2648,101.245801823195,0.076234375,21146329.927027754,19818415947.99444,34.8787309206827,34.8787309206827,3.5518772142241204,20.0,1,1
2022-01-28,36193.76,-0.0038315062049703,0.09072116298500066,688626620882.1237,102.768421285228,0.076234375,21464346.20935905,19839880294.2038,34.70921248871171,34.70921248871171,3.547005141304923,24.0,1,1
2022-01-29,37792.4,0.0441689396183209,0.031240672727850027,719077928559.0591,103.674421062708,0.076234375,21653574.50192433,19861533868.70572,36.20455163798072,36.20455163798072,3.589184846783456,24.0,1,1
2022-01-30,38391.0,0.0158391634296841,0.08469771561042938,730503465069.8335,103.377451839295,0.076234375,21591549.12345549,19883125417.82917,36.73987110772796,36.73987110772796,3.603862571553497,29.0,1,1
2022-01-31,38001.55,-0.0101443046547367,0.1549531532266446,723128577542.9552,101.719329776043,0.076234375,21245231.5914946,19904370649.42067,36.33014026313876,36.33014026313876,3.5926477070332203,20.0,1,1
2022-02-01,38429.82,0.0112698034685425,0.14587656148272354,731314040381.1595,100.953379126654,0.076234375,21085254.14207812,19925455903.562748,36.702499753112185,36.702499753112185,3.602844865904748,26.0,1,1
2022-02-02,38805.12,0.0097658537042328,0.08406493782263769,738492226015.931,102.390164456067,0.076234375,21385342.995768443,19946841246.55852,37.02301617020916,37.02301617020916,3.6115397779002407,28.0,1,1
2022-02-03,36905.15,-0.0489618380254976,0.06699634061912763,702368776272.7845,103.433175989859,0.076234375,21603187.742060013,19968444434.30058,35.17393548524482,35.17393548524482,3.560305339152168,20.0,1,1
2022-02-04,36962.81,0.0015623835697726,0.06489901606506665,703500670209.6229,100.805718234384,0.076234375,21054413.49595717,19989498847.79653,35.1935121318547,35.1935121318547,3.5608617511801124,20.0,1,1
2022-02-05,40645.75,0.0996390696486551,-0.04005953882017188,773634768960.6748,97.5981253357418,0.076234375,20384471.468882028,20009883319.26542,38.66263269090744,38.66263269090744,3.654873570036529,33.0,1,1
2022-02-06,41692.75,0.0257591507107139,-0.09272499415365976,793601849041.329,98.5033934354266,0.076234375,20573546.94227082,20030456866.20769,39.61975776898889,39.61975776898889,3.6793279273947967,37.0,1,1
2022-02-07,41668.04,-0.0005926689892127,-0.07620156839630565,793170369798.0503,97.8598353744715,0.076234375,20439132.56815267,20050895998.775845,39.55785167139041,39.55785167139041,3.677764199703328,45.0,1,1
2022-02-08,44100.17,0.0583691961512948,-0.05028461341532242,839508199595.6833,97.8867228763095,0.076234375,20444748.32677714,20071340747.102623,41.82621431091342,41.82621431091342,3.73352327958744,48.0,1,1
2022-02-09,44225.82,0.0028491953659135,-0.1107708121635732,841941332942.2964,96.8050520023495,0.076234375,20218829.14038798,20091559576.24301,41.905225413055454,41.905225413055454,3.7354105306810257,54.0,1,1
2022-02-10,44513.75,0.0065104502302049,-0.127252590491702,847464209177.0521,97.0105272545344,0.076234375,20261744.968958616,20111821321.21197,42.13761626269174,42.13761626269174,3.7409408396828456,50.0,1,1
2022-02-11,43773.5,-0.0166296930723652,-0.10569751105120673,833411889779.5417,98.3673407098517,0.076234375,20545130.79295233,20132366452.004925,41.39661831441304,41.39661831441304,3.723199194268274,50.0,1,1
2022-02-12,42556.96,-0.0277917004580396,-0.0848587399099936,810289555151.2489,105.28953578692,0.076234375,21990909.46508488,20154357361.47001,40.20418714517367,40.20418714517367,3.693971148041065,44.0,1,1
2022-02-13,41883.62,-0.0158220887958161,-0.07543211403407835,797508035797.3536,106.036453111847,0.076234375,22146911.58958482,20176504273.0596,39.52657135271027,39.52657135271027,3.676973138224589,44.0,1,1
2022-02-14,42275.8,0.0093635650404622,-0.06761835376267278,805014854188.1141,108.242461670046,0.076234375,22607661.407883324,20199111934.46748,39.85397263007629,39.85397263007629,3.685222089855409,46.0,1,1
2022-02-15,42245.68,-0.0007124643413016,-0.0234786136712678,804480563201.3591,111.338581404201,0.076234375,23254321.004755847,20222366255.47224,39.781722526347,39.781722526347,3.683407573804264,46.0,1,1
2022-02-16,44009.75,0.0417574057276388,-0.07479024534336143,838114457584.4746,113.659563697681,0.076234375,23739084.387028493,20246105339.85926,41.39632998621456,41.39632998621456,3.7231922292258544,51.0,1,1
2022-02-17,44084.55,0.0016996233789103,-0.05308571823915642,839579859656.1006,115.801383760617,0.076234375,24186427.71267339,20270291767.571934,41.41922914988555,41.41922914988555,3.7237452452168944,52.0,1,1
2022-02-18,40686.07,-0.0770900462860572,0.037298760976422596,774894359869.7253,116.296738137145,0.076234375,24289888.07239428,20294581655.64433,38.1823273333753,38.1823273333753,3.642372773311868,30.0,1,1
2022-02-19,39978.1,-0.0174007958989403,0.026629079420983137,761447657235.2152,113.947095189487,0.076234375,23799138.58859191,20318380794.23292,37.47580404888076,37.47580404888076,3.623695499365718,25.0,1,1
2022-02-20,39928.77,-0.0012339255742519,0.03145801886709765,760545100140.8401,113.584188810601,0.076234375,23723341.49002236,20342104135.722942,37.38773015153532,37.38773015153532,3.62134257977892,27.0,1,1
2022-02-21,38274.38,-0.0414335327634685,0.11295937386836852,729068492058.4141,111.126334948741,0.076234375,23209990.93385733,20365314126.6568,35.79952106430381,35.79952106430381,3.577934515225095,25.0,1,1
2022-02-22,37064.7,-0.0316054760390631,0.1430080372969431,706060260446.5741,108.7438041638,0.076234375,22712372.453560792,20388026499.11036,34.631123344742726,34.631123344742726,3.5447527963734213,20.0,1,1
2022-02-23,37900.5,0.0225497575860591,0.15821770161343518,722016830673.104,108.134380966428,0.076234375,22585087.53147269,20410611586.64183,35.37458089426598,35.37458089426598,3.5659935083813035,25.0,1,1
2022-02-24,37535.15,-0.0096397145156396,0.1874797356611071,715091522389.0918,104.957725440993,0.076234375,21921607.124426577,20432533193.76626,34.99769292469611,34.99769292469611,3.555282142879576,23.0,1,1
2022-02-25,38412.21,0.0233663645942536,0.16066818337190192,731836134057.0153,104.132100499115,0.076234375,21749166.024622515,20454282359.79088,35.77911564845032,35.77911564845032,3.57736436140984,27.0,1,1
2022-02-26,38996.75,0.015217557125716,0.1525832280895203,743008938122.4196,100.738663477071,0.076234375,21040408.35208174,20475322768.142963,36.28802078170159,36.28802078170159,3.5914876807931075,26.0,1,1
2022-02-27,39477.3,0.0123228217736093,0.21506865971077027,752201377602.7124,99.0262947992304,0.076234375,20682760.80160296,20496005528.944565,36.69990118515775,36.69990118515775,3.6027740625543863,26.0,1,1
2022-02-28,38973.06,-0.0127729100014439,0.21649211019098846,742629566913.0771,101.774989848995,0.076234375,21256856.826765694,20517262385.77133,36.19535359786055,36.19535359786055,3.5889307569434297,20.0,1,1
2022-03-01,41642.63,0.0684978290131697,0.1355956624257404,793536516792.2333,102.466310538216,0.076234375,21401246.9655803,20538663632.73691,38.63622925921054,38.63622925921054,3.654190418123094,51.0,1,1
2022-03-02,43890.01,0.0539682532059095,0.04292343519630082,836402788384.9967,100.708118611784,0.076234375,21034028.71176773,20559697661.44868,40.68166770532471,40.68166770532471,3.705777566046172,52.0,1,1
2022-03-03,44035.83,0.0033223961443618,0.04832065161483268,839222256961.7876,102.155564354212,0.076234375,21336344.113193505,20581034005.561874,40.776486581529085,40.776486581529085,3.708105606003846,39.0,1,1
2022-03-04,42067.27,-0.044703597048131,0.09789891286028318,801744776834.8761,102.334808333244,0.076234375,21373781.243916847,20602407786.80579,38.91510085283964,38.91510085283964,3.66138237202664,33.0,1,1
2022-03-05,39377.66,-0.0639359292865925,0.18365971974972606,750520756717.434,101.830793186263,0.076234375,21268511.984408267,20623676298.7902,36.3912207428052,36.3912207428052,3.5943275571676265,22.0,1,1
2022-03-06,39361.66,-0.0004063217570571,0.17638051850455483,750252049096.6073,100.997989088074,0.076234375,21094571.43667436,20644770870.226875,36.34102087219544,36.34102087219544,3.59294715481878,22.0,1,1
2022-03-07,39017.5,-0.0087435336822685,0.1757908630742615,743728106365.3322,100.020894311257,0.076234375,20890494.150026664,20665661364.376904,35.98859447331104,35.98859447331104,3.583202068072188,23.0,1,1
2022-03-08,37826.79,-0.0305173319664252,0.1599749806948989,721066307741.3512,98.3639414072711,0.076234375,20544420.8101916,20686205785.187096,34.85734963816756,34.85734963816756,3.551264008462805,21.0,1,1
2022-03-09,38492.87,0.0176086842156049,0.13171556186899025,733798731501.87,98.358138803822,0.076234375,20543208.87088389,20706748994.05798,35.43766004564219,35.43766004564219,3.5677750977569174,22.0,1,1
2022-03-10,41882.61,0.0880615033381506,0.021693967973820172,798456644442.5889,97.9005450545643,0.076234375,20447635.2449152,20727196629.30289,38.52217252157379,38.52217252157379,3.651233985172686,28.0,1,1
2022-03-11,39326.89,-0.0610210299692401,0.0785922812609896,749770125044.8904,97.7998239198664,0.076234375,20426598.49764675,20747623227.80054,36.13763932440437,36.13763932440437,3.587334962731902,22.0,1,1
2022-03-12,38849.26,-0.0121451251293961,0.10970479231779429,740699744781.8555,101.123608127019,0.076234375,21120808.39262524,20768744036.193165,35.66415684506761,35.66415684506761,3.574146174487914,22.0,1,1
2022-03-13,39146.75,0.0076575461154213,0.017243321603964468,746407615059.5323,103.138022731162,0.076234375,21541541.64834501,20790285577.84151,35.901749029126414,35.901749029126414,3.5807860137817515,21.0,1,1
2022-03-14,38945.63,-0.0051375912432066,0.015020683963772097,742608604112.6195,103.641626198338,0.076234375,21646724.923873764,20811932302.765385,35.68186717645364,35.68186717645364,3.574642637521214,23.0,1,1
2022-03-15,38724.25,-0.005684334802133,0.06558551811849167,738422874522.4879,102.735138927808,0.076234375,21457394.812875647,20833389697.57826,35.44420208336643,35.44420208336643,3.567959687651886,21.0,1,1
2022-03-16,39417.18,0.0178939553380632,0.012431888836289096,751672305000.4401,104.447392334171,0.076234375,21815018.28760361,20855204715.865864,36.04243234441117,36.04243234441117,3.584696920596276,24.0,1,1
2022-03-17,41253.81,0.0465946574564695,-0.02075420427834407,786734008381.2141,105.838566143371,0.076234375,22105580.65982479,20877310296.52569,37.68368612656674,37.68368612656674,3.6292272720615832,27.0,1,1
2022-03-18,40718.25,-0.0129820736557423,-0.01003849625168074,776557851056.4473,106.29113391139,0.076234375,22200104.55281129,20899510401.0785,37.1567484670059,37.1567484670059,3.615145409229319,25.0,1,1
2022-03-19,41744.29,0.025198528915167,-0.03889442124899001,796164169341.9946,106.135092417498,0.076234375,22167513.52332932,20921677914.60183,38.05450846685338,38.05450846685338,3.639019565247904,28.0,1,1
2022-03-20,42203.61,0.0110031815129685,-0.036593789014731204,804963113056.9362,106.382290678806,0.076234375,22219143.673882466,20943897058.27571,38.43425656730228,38.43425656730228,3.6489491600174926,31.0,1,1
2022-03-21,41042.68,-0.0275078364149418,0.006023729444568415,782857844516.8805,106.327684429618,0.076234375,22207738.54161413,20966104796.81733,37.33921260546781,37.33921260546781,3.620044050731834,30.0,1,1
2022-03-22,41184.85,0.0034639550828552,0.005916010377602587,785607266136.7389,107.281713334795,0.076234375,22406998.26029387,20988511795.077618,37.430346363146406,37.430346363146406,3.622481775497525,26.0,1,1
2022-03-23,42597.83,0.0343082468431961,-0.0467178727179296,812598984148.7449,106.222755120403,0.076234375,22185822.86953965,21010697617.94716,38.67548802637708,38.67548802637708,3.655206015031799,31.0,1,1
2022-03-24,42365.25,-0.0054599025349413,-0.06469335127256415,808200952090.3224,104.579102607213,0.076234375,21842527.466634937,21032540145.413795,38.42621701908663,38.42621701908663,3.6487399615083023,40.0,1,1
2022-03-25,43897.03,0.0361565197892139,-0.09329628906557008,837462744489.6719,106.08213466707,0.076234375,22156452.698657297,21054696598.112453,39.77557883996059,39.77557883996059,3.683253126976804,47.0,1,1
2022-03-26,44572.23,0.0153814506357263,-0.10997273414410724,850384791893.3259,106.888976589262,0.076234375,22324970.75252608,21077021568.86498,40.34653516460391,40.34653516460391,3.6975055215024137,51.0,1,1
2022-03-27,44583.83,0.0002602517307299,-0.09897736466337681,850646752830.0033,104.747132854722,0.076234375,21877622.48279917,21098899191.34778,40.31711536774563,40.31711536774563,3.696776077745068,49.0,1,1
2022-03-28,44947.0,0.0081457784133842,-0.15184372705631077,857616891263.5692,105.924613082055,0.076234375,22123552.535417225,21121022743.8832,40.60489407464615,40.60489407464615,3.703888603053374,60.0,1,1
2022-03-29,47967.63,0.0672042627984068,-0.1846741229449943,915296092522.734,106.860967245605,0.076234375,22319120.684559364,21143341864.56776,43.2900389345072,43.2900389345072,3.7679225608415,56.0,1,1
2022-03-30,47410.42,-0.0116163754598673,-0.15899648220791962,904706831758.0586,106.515007512766,0.076234375,22246863.08453704,21165588727.65229,42.74423184723809,42.74423184723809,3.755234258729242,55.0,1,1
2022-03-31,47289.19,-0.0025570328210549,-0.1848033345464366,902436498201.3368,106.88262505187,0.076234375,22323644.162160687,21187912371.81445,42.59204410349635,42.59204410349635,3.751667477699964,52.0,1,1
2022-04-01,45773.92,-0.0320426296157748,-0.16243791224347837,873561692634.5789,106.14163317631,0.076234375,22168879.63472673,21210081251.449177,41.18615493634155,41.18615493634155,3.7181021546452,50.0,1,1
2022-04-02,46163.67,0.0085146738579522,-0.1783577865451339,881041753004.6653,104.249314444769,0.076234375,21773647.48185051,21231854898.931023,41.49622146527686,41.49622146527686,3.725602374061965,52.0,1,1
2022-04-03,46185.61,0.0004752655064037,-0.17054532786294252,881502449242.8488,105.834814381339,0.076234375,22104797.06192436,21253959695.99295,41.474739853253794,41.474739853253794,3.725084563682004,48.0,1,1
2022-04-04,46609.75,0.0091833798449343,-0.189814148327335,889639953856.7583,106.238000805641,0.076234375,22189007.10319873,21276148703.09615,41.81395638240186,41.81395638240186,3.733230168550058,52.0,1,1
2022-04-05,46304.29,-0.0065535644366253,-0.14046754631158365,883851676494.223,105.8902723642,0.076234375,22116380.088396054,21298265083.184544,41.49876400928279,41.49876400928279,3.725663643884285,53.0,1,1
2022-04-06,45876.42,-0.009240396516176,-0.20636897996835846,875726163755.2623,107.762272806284,0.076234375,22507368.536894675,21320772451.72144,41.07384785135007,41.07384785135007,3.7153716136540913,48.0,1,1
2022-04-07,43878.13,-0.0435581067572404,-0.17811971476450794,837620985141.4967,107.83511997138,0.076234375,22522583.49059773,21343295035.21204,39.245157964578326,39.245157964578326,3.669828072658672,34.0,1,1
2022-04-08,43562.98,-0.0071823935979038,-0.17896457037603952,831644352084.4125,107.084776681615,0.076234375,22365865.814623263,21365660901.02666,38.92434481371229,38.92434481371229,3.661619885560736,37.0,1,1
2022-04-09,42791.21,-0.0177161892965083,-0.1938115327890938,816949555829.5908,109.014232579414,0.076234375,22768854.484373324,21388429755.51104,38.19586408016194,38.19586408016194,3.6427272395980648,30.0,1,1
2022-04-10,42417.68,-0.0087291291833065,-0.2705753827177724,809856713445.6139,109.12142415468,0.076234375,22791242.656279262,21411220998.16732,37.82393883632013,37.82393883632013,3.632942204722261,34.0,1,1
2022-04-11,43111.21,0.0163500219719701,-0.28126095277771146,823136913901.1908,106.870392776782,0.076234375,22321089.313267097,21433542087.480583,38.40414759919632,38.40414759919632,3.648165464156716,32.0,1,1
2022-04-12,39821.77,-0.0763012682780186,-0.28656059235940545,760366554007.1573,107.521032915405,0.076234375,22456982.85934336,21455999070.339928,35.43841288930066,35.43841288930066,3.567796341700813,20.0,1,1
2022-04-13,39530.62,-0.007311327447273,-0.27831994539928806,754843015349.2721,105.904807163275,0.076234375,22119415.845446005,21478118486.18537,35.14474584143781,35.14474584143781,3.559475128888469,25.0,1,1
2022-04-14,41264.0,0.0438490466377707,-0.27864894338891044,787979462035.0742,105.24426898611,0.076234375,21981454.982158843,21500099941.167534,36.650037171514846,36.650037171514846,3.6014144425617465,28.0,1,1
2022-04-15,39907.21,-0.0328807192710353,-0.2647438896379877,762106187081.3804,106.99634203919,0.076234375,22347395.2401202,21522447336.407654,35.40982933628517,35.40982933628517,3.5669894464647864,22.0,1,1
2022-04-16,40397.62,0.0122887568436882,-0.25092616842279325,771508007001.5242,104.2637979945,0.076234375,21776672.53489578,21544224008.94255,35.81043377015053,35.81043377015053,3.578239297038082,28.0,1,1
2022-04-17,40309.5,-0.0021813166221179,-0.2585097805728178,769861489205.6174,106.08670965581,0.076234375,22157408.236759286,21566381417.17931,35.69729544857083,35.69729544857083,3.5750749281727163,28.0,1,1
2022-04-18,40120.67,-0.0046845036529851,-0.2502368479888296,766291268057.6173,105.069236849784,0.076234375,21944897.54238425,21588326314.72169,35.49563115205746,35.49563115205746,3.569409622768885,24.0,1,1
2022-04-19,40659.22,0.0134232553942894,-0.2817188819657632,776614057750.0352,101.523602241685,0.076234375,21204351.68395467,21609530666.40565,35.9384972186076,35.9384972186076,3.581809066864272,27.0,1,1
2022-04-20,41289.91,0.0155116108966182,-0.26778769922240087,788697810209.1609,103.380827458692,0.076234375,21592254.159715675,21631122920.56537,36.46125136940172,36.46125136940172,3.5962500903675667,27.0,1,1
2022-04-21,41428.5,0.0033565101013781,-0.297603823454868,791382406954.4354,106.486656502923,0.076234375,22240941.655726083,21653363862.221096,36.54778130501795,36.54778130501795,3.5986204813442004,27.0,1,1
2022-04-22,40607.75,-0.0198112410538638,-0.2763777850287199,775740707095.3392,104.140685703448,0.076234375,21750959.14157204,21675114821.362667,35.7894624083274,35.7894624083274,3.577653503942222,26.0,1,1
2022-04-23,39624.5,-0.024213358287519,-0.24309984984037647,756993084825.6802,107.098649454306,0.076234375,22368763.29998112,21697483584.662647,34.88851976183901,34.88851976183901,3.5521578284413864,24.0,1,1
2022-04-24,39801.6,0.0044694570278489,-0.2636479438012541,760412240702.6731,107.71064240569,0.076234375,22496584.944236364,21719980169.606884,35.00980363539789,35.00980363539789,3.55562812613616,24.0,1,1
2022-04-25,39670.5,-0.0032938374336709,-0.2582208442041315,757943239331.6471,110.566607331318,0.076234375,23093085.495269712,21743073255.10216,34.8590666295893,34.8590666295893,3.5513132649081016,23.0,1,1
2022-04-26,40171.04,0.0126174361301218,-0.2594851913219075,767542645635.5392,112.198587081121,0.076234375,23433942.90962283,21766507198.011776,35.26255446742733,35.26255446742733,3.562821620954425,27.0,1,1
2022-04-27,38122.08,-0.0510058987768302,-0.22730475357063418,728427691163.341,113.581322067752,0.076234375,23722742.73838022,21790229940.75016,33.429096119867005,33.429096119867005,3.5094266620726664,21.0,1,1
2022-04-28,39109.25,0.0258949669063177,-0.2652011992047917,747325420315.8689,110.555538170364,0.076234375,23090773.57590779,21813320714.326065,34.26004825689182,34.26004825689182,3.533979901444072,24.0,1,1
2022-04-29,39872.33,0.0195114966408203,-0.27285062096947943,761942644158.4135,112.935710183772,0.076234375,23587899.400112312,21836908613.726177,34.89242262430287,34.89242262430287,3.552269688852968,23.0,1,1
2022-04-30,38549.99,-0.0331643523215222,-0.24391679479034878,736707893020.8916,112.459917271553,0.076234375,23488524.67328369,21860397138.39946,33.70057224288976,33.70057224288976,3.517514817715329,20.0,1,1
2022-05-01,38338.5,-0.0054861233427038,-0.18477509553060245,732700599765.6532,112.753027822068,0.076234375,23549744.12430949,21883946882.52377,33.48119074218638,33.48119074218638,3.5109838107650035,22.0,1,1
2022-05-02,37930.02,-0.0106545639500763,-0.1624641906331712,724927989069.7843,113.220747416191,0.076234375,23647432.647414207,21907594315.171185,33.090259872475634,33.090259872475634,3.4992389754075366,28.0,1,1
2022-05-03,38308.87,0.0099881307734612,-0.22662819341839113,732202982576.9238,114.87046949488,0.076234375,23991995.747667786,21931586310.918854,33.385773933388,33.385773933388,3.5081298791105646,27.0,1,1
2022-05-04,37762.56,-0.0142606660024168,-0.19994248271303627,721795092897.3845,112.672694610688,0.076234375,23532965.625237446,21955119276.54409,32.8759358492085,32.8759358492085,3.4927409569888304,21.0,1,1
2022-05-05,39800.04,0.0539550284726459,-0.25532738158052104,760775187630.2068,115.133617219375,0.076234375,24046957.12385833,21979166233.66795,34.61346893426932,34.61346893426932,3.544242881872523,27.0,1,1
2022-05-06,36408.95,-0.0852031807003209,-0.18353646562177695,695987291394.7701,114.063586105874,0.076234375,23823469.032986265,22002989702.70093,31.631487393248907,31.631487393248907,3.4541530609747766,22.0,1,1
2022-05-07,36062.57,-0.0095135948715905,-0.16879967234725646,689398194655.0415,113.099751367725,0.076234375,23622161.255270984,22026611863.956207,31.29842205932522,31.29842205932522,3.4435676828352184,23.0,1,1
2022-05-08,35766.75,-0.0082029650133087,-0.12127129247135959,683775050094.9591,111.825387693303,0.076234375,23355995.99981272,22049967859.95602,31.01025155400489,31.01025155400489,3.4343178451079908,18.0,1,1
2022-05-09,34497.78,-0.0354790412883474,-0.09238275622373382,659546182863.7911,111.143748066968,0.076234375,23213627.860391133,22073181487.81641,29.87997825450928,29.87997825450928,3.3971886325036182,11.0,1,1
2022-05-10,30940.5,-0.1031162005207291,-0.024522228147573544,591563911677.2163,111.354785895951,0.076234375,23257705.49599079,22096439193.3124,26.771911370057133,26.771911370057133,3.287353254686716,10.0,1,1
2022-05-11,30985.71,0.0014611916420226,-0.026868514550739686,592455952416.1863,111.853622416735,0.076234375,23361893.14089256,22119801086.453293,26.783963838581748,26.783963838581748,3.2878033441934646,12.0,1,1
2022-05-12,28410.42,-0.0831121830030682,0.026482185057454366,543240987082.2296,109.957141141715,0.076234375,22965791.59376829,22142766878.047066,24.533563943213142,24.533563943213142,3.2000421368817737,12.0,1,1
2022-05-13,28528.46,0.0041548136211995,-0.005037425784637506,545523487555.624,111.514350896125,0.076234375,23291032.44958021,22166057910.496643,24.610758022845985,24.610758022845985,3.2031836653445387,10.0,1,1
2022-05-14,29765.83,0.0433731789237836,-0.06396529174560239,569211101430.4492,111.761358569667,0.076234375,23342622.793724537,22189400533.290367,25.65238752513714,25.65238752513714,3.2446366481870528,9.0,1,1
2022-05-15,29342.02,-0.0142381381604342,-0.2091042130023768,561132731077.757,108.654355645599,0.076234375,22693690.11964373,22212094223.41001,25.26248652800877,25.26248652800877,3.2293205494493904,10.0,1,1
2022-05-16,30260.8,0.031312772603931,-0.27443656479670064,578730294236.6194,110.295121705955,0.076234375,23036382.654253185,22235130606.064262,26.02774431551035,26.02774431551035,3.259163058144744,14.0,1,1
2022-05-17,29889.1,-0.0122832178924549,-0.27614113506261473,571648221924.6844,110.244442301188,0.076234375,23025797.6878209,22258156403.752087,25.68264017716764,25.68264017716764,3.245815284174478,8.0,1,1
2022-05-18,30081.0,0.0064204007480987,-0.31281174163092973,575345188656.3124,108.907836023295,0.076234375,22746632.36120104,22280903036.11329,25.82234605679054,25.82234605679054,3.2512402432888794,12.0,1,1
2022-05-19,29204.75,-0.0291296831887237,-0.2935138975680326,558611529923.8878,107.484920189504,0.076234375,22449440.308415662,22303352476.421703,25.046079082255982,25.046079082255982,3.2207172916173312,13.0,1,1
2022-05-20,30232.98,0.0352076288959843,-0.4118978678251366,578305783091.4626,104.857997241057,0.076234375,21900777.76280467,22325253254.18451,25.903660599373875,25.903660599373875,3.2543842946016786,13.0,1,1
2022-05-21,29099.22,-0.0375007690277305,-0.3053765702310921,556644717461.1017,104.20126615166,0.076234375,21763612.052823164,22347016866.23733,24.90912862298414,24.90912862298414,3.2152343476499605,13.0,1,1
2022-05-22,29384.67,0.0098095412866736,-0.30469697294541676,562131233919.508,104.122537119348,0.076234375,21747168.604678888,22368764034.84201,25.13018748125385,25.13018748125385,3.224069811983456,14.0,1,1
2022-05-23,29991.79,0.0206611134309149,-0.30512650295297483,573772104580.7126,103.581465676216,0.076234375,21634159.718932267,22390398194.560944,25.625810653072392,25.625810653072392,3.243600072200038,10.0,1,1
2022-05-24,29307.99,-0.0227995728164274,-0.3228976125623082,560716340059.2358,100.548739851029,0.076234375,21000740.65638572,22411398935.21733,25.0192476462558,25.0192476462558,3.219645434492957,12.0,1,1
2022-05-25,29426.75,0.0040521373181852,-0.29340718903718555,563014526969.8812,101.253428343859,0.076234375,21147922.812058564,22432546858.02939,25.0981099263082,25.0981099263082,3.2227925415617107,11.0,1,1
2022-05-26,29747.25,0.0108914508058144,-0.2833297195539083,569172930911.6687,102.577514321406,0.076234375,21424473.13245462,22453971331.16184,25.348430463245712,25.348430463245712,3.2327168134555366,12.0,1,1
2022-05-27,29456.75,-0.0097656085856675,-0.2736160642297606,563640699971.9479,102.93258069842,0.076234375,21498632.758030444,22475469963.919872,25.07803845155481,25.07803845155481,3.2219925010455346,12.0,1,1
2022-05-28,28737.43,-0.0244195303283627,-0.2635781974936521,549902298763.5842,103.562425921991,0.076234375,21630183.05108707,22497100146.97096,24.443252471257896,24.443252471257896,3.1963542052877614,13.0,1,1
2022-05-29,28993.14,0.0088981512960621,-0.27921742867450716,554821066763.7142,105.798012651759,0.076234375,22097110.60479161,22519197257.57575,24.63769291674308,24.63769291674308,3.204277502655918,14.0,1,1
2022-05-30,29147.0,0.0053067725675797,-0.3055707276906715,557791154030.4878,104.419310189466,0.076234375,21809153.014315262,22541006410.590065,24.745618889865987,24.745618889865987,3.2086484587949053,10.0,1,1
2022-05-31,31254.5,0.0723058976910144,-0.35402390055831956,598150372984.2053,106.560227888803,0.076234375,22256307.87112456,22563262718.46119,26.5099236953351,26.5099236953351,3.277519141961639,16.0,1,1
2022-06-01,31767.75,0.016421635284519,-0.41060572435882303,608001049476.3486,104.667656726205,0.076234375,21861022.99516927,22585123741.45636,26.92042144362158,26.92042144362158,3.292885160063402,17.0,1,1
2022-06-02,29627.0,-0.0673875235104783,-0.34508860161339316,567055529744.2294,102.45393893057,0.076234375,21398663.01550732,22606522404.471867,25.083713434493504,25.083713434493504,3.2222187683806864,13.0,1,1
2022-06-03,30212.22,0.0197529280723665,-0.36344664509923474,578283206299.2722,102.347312336926,0.076234375,21376392.8463982,22627898797.318264,25.556204377571603,25.556204377571603,3.240880119952273,10.0,1,1
2022-06-04,29638.0,-0.019006216689803,-0.35202510290842837,567318380534.3317,100.800876386646,0.076234375,21053402.22133758,22648952199.5396,25.04832786683456,25.04832786683456,3.2208070734799,14.0,1,1
2022-06-05,29726.58,0.0029887306835818,-0.3355861992869681,569040158256.9296,99.8483219234046,0.076234375,20854450.456519306,22669806649.99612,25.101235623331924,25.101235623331924,3.222917072947271,10.0,1,1
2022-06-06,29975.22,0.008364231606865,-0.31841868049675703,573826164536.4877,98.7741293166583,0.076234375,20630093.19075239,22690436743.186874,25.289339779181955,25.289339779181955,3.2303829543380203,13.0,1,1
2022-06-07,31429.27,0.0485084012727845,-0.3518637244835785,601689245560.1873,99.7292414994465,0.076234375,20829579.164203744,22711266322.35108,26.492985332484103,26.492985332484103,3.276879993517212,15.0,1,1
2022-06-08,31310.78,-0.0037700525656498,-0.30966267847686957,599448419161.4359,104.129993001849,0.076234375,21748725.85000091,22733015048.20108,26.36906797846297,26.36906797846297,3.272191655730834,17.0,1,1
2022-06-09,30181.77,-0.0360581882661498,-0.28775913407331655,577859962022.3995,106.41182434081,0.076234375,22225312.11296284,22755240360.314045,25.394588361729987,25.394588361729987,3.2345360946999,11.0,1,1
2022-06-10,30153.17,-0.0009475918741678,-0.29404138934646007,577338915663.2146,106.999852459549,0.076234375,22348128.43108474,22777588488.74513,25.34679717953854,25.34679717953854,3.232652378052692,13.0,1,1
2022-06-11,29162.79,-0.0328449711920835,-0.28582073251564755,558401881133.9651,108.693711365268,0.076234375,22701910.00647014,22800290398.7516,24.490998639409423,24.490998639409423,3.198305647568772,12.0,1,1
2022-06-12,28384.75,-0.0266792031900926,-0.2808990743268833,543529113361.832,106.962643812685,0.076234375,22340356.984678514,22822630755.73628,23.81535762371393,23.81535762371393,3.170330650882208,14.0,1,1
2022-06-13,27861.85,-0.0184218638529493,-0.3020563961115288,533540772274.3405,105.357877849376,0.076234375,22005183.47718773,22844635939.213467,23.35518822423003,23.35518822423003,3.150819153190704,11.0,1,1
2022-06-14,23206.48,-0.1670876126316091,-0.15309172265677518,444413096946.7288,103.861652395269,0.076234375,21692679.88170024,22866328619.095165,19.43526240480989,19.43526240480989,2.967089065875499,8.0,1,1
2022-06-15,21956.13,-0.0538793474925968,-0.058565876591184396,420487680686.7551,102.444746895269,0.076234375,21396743.15505212,22887725362.250217,18.37175490493629,18.37175490493629,2.91081442568962,7.0,1,1
2022-06-16,21635.49,-0.0146036664931388,-0.033018896267198006,414365999809.2103,98.9378071189755,0.076234375,20664279.149549715,22908389641.39977,18.08795844210599,18.08795844210599,2.895246437433555,7.0,1,1
2022-06-17,20671.31,-0.0445647406183081,0.025556193584247877,395918012994.1711,94.08705957061,0.076234375,19651145.703981426,22928040787.103752,17.267851914188043,17.267851914188043,2.848846501920302,9.0,1,1
2022-06-18,20632.75,-0.001865387341199,0.01640595654966015,395197556633.3764,92.5828848889314,0.076234375,19336981.82247844,22947377768.92623,17.221904856097584,17.221904856097584,2.846182111702772,6.0,1,1
2022-06-19,17780.08,-0.1382593207400855,0.20854349361757651,340573387294.8579,91.7342532425187,0.076234375,19159735.51242503,22966537504.438656,14.829113323200616,14.829113323200616,2.69659236496256,6.0,1,1
2022-06-20,20213.0,0.1368340299931156,0.15269727403156397,387193115764.9869,90.2704145764776,0.076234375,18853996.26364016,22985391500.702297,16.845182547930783,16.845182547930783,2.824064713720592,9.0,1,1
2022-06-21,20431.25,0.0107975065551872,0.13824411134903647,391391717968.0622,88.9568275725259,0.076234375,18579638.77253227,23003971139.47483,17.014093592581226,17.014093592581226,2.834042035454351,9.0,1,1
2022-06-22,20840.5,0.020030590394616,0.11018881504762357,399249756683.1854,83.9042583447722,0.076234375,17524352.588362306,23021495492.063194,17.342477026343893,17.342477026343893,2.8531588115737687,11.0,1,1
2022-06-23,19844.51,-0.0477910798685252,0.16019291985541595,380186531660.06177,85.6444614425079,0.076234375,17887813.672003254,23039383305.7352,16.501593233418788,16.501593233418788,2.8034569358460955,11.0,1,1
2022-06-24,20792.73,0.0477824849290811,0.07387293539616979,398370961358.61847,86.6635488296884,0.076234375,18100661.589899387,23057483967.3251,17.27729538587785,17.27729538587785,2.8493932341048844,11.0,1,1
2022-06-25,21318.97,0.0253088459283605,0.0651368241523862,408471894203.8125,85.5076143296031,0.076234375,17859231.605913248,23075343198.93101,17.701660628940736,17.701660628940736,2.8736584560229925,14.0,1,1
2022-06-26,21396.91,0.0036558989482136,0.03587574093642498,409983908949.87695,85.3130403979427,0.076234375,17818592.64133401,23093161791.57235,17.75347666336002,17.75347666336002,2.876581365100033,14.0,1,1
2022-06-27,21162.87,-0.0109380279675898,-0.00871431899359576,405517963143.6044,84.9258206119756,0.076234375,17737717.412920758,23110899508.98527,17.546610982663974,17.546610982663974,2.86486082486352,12.0,1,1
2022-06-28,20897.75,-0.0125276014075594,0.09042839540141889,400456025358.4486,83.9289261079789,0.076234375,17529504.729487542,23128429013.71476,17.31444989718001,17.31444989718001,2.8515414070453384,10.0,1,1
2022-06-29,20240.53,-0.0314493187065594,0.18721397117565597,387879604121.837,85.2878704808626,0.076234375,17813335.619697284,23146242349.334457,16.75777857449894,16.75777857449894,2.8188625429816465,13.0,1,1
2022-06-30,20189.66,-0.0025132741089288,0.20450616800877275,386922351580.48303,86.7695079317393,0.076234375,18122792.34584572,23164365141.6803,16.703343657982778,16.703343657982778,2.8156089184224373,11.0,1,1
2022-07-01,18723.73,-0.0726079587273882,0.2698148285624713,358845019374.44696,86.9712775218321,0.076234375,18164934.205009367,23182530075.88531,15.479113720539113,15.479113720539113,2.7394916133274068,11.0,1,1
2022-07-02,19403.06,0.0362817665069941,0.22386675091454622,371881444240.2131,85.6293408149528,0.076234375,17884655.558054566,23200414731.443367,16.029086054923177,16.029086054923177,2.7744049503312587,14.0,1,1
2022-07-03,19231.69,-0.0088321120483059,0.202173079952932,368613682163.92346,86.8204792145737,0.076234375,18133438.274311,23218548169.71768,15.875828215852032,15.875828215852032,2.7647977144951854,11.0,1,1
2022-07-04,19204.68,-0.001404452754802,0.19904106707323432,368112686733.77167,87.2898323425748,0.076234375,18231467.97942733,23236779637.697105,15.84181166552792,15.84181166552792,2.76265275266994,14.0,1,1
2022-07-05,19750.75,0.0284342149934286,0.18093287596673546,378596853924.2629,84.8208423428949,0.076234375,17715791.515025012,23254495429.21213,16.280587771802274,16.280587771802274,2.789973463841722,19.0,1,1
2022-07-06,20430.55,0.0344189461159702,0.1019321555220003,391645513163.1196,82.6776701133279,0.076234375,17268165.774097893,23271763594.98623,16.82921500833299,16.82921500833299,2.823116364710467,18.0,1,1
2022-07-07,20370.45,-0.0029416731316581,0.1272323390008565,390511113975.3342,81.1736590137972,0.076234375,16954036.058575194,23288717631.044804,16.768253201488736,16.768253201488736,2.819487408304248,18.0,1,1
2022-07-08,21615.0,0.061095852079851,0.07197547999074727,414388489239.8054,82.1707054855538,0.076234375,17162280.48219251,23305879911.527,17.780426691156617,17.780426691156617,2.8780982281755647,20.0,1,1
2022-07-09,21496.69,-0.0054735137635901,0.07978251535468961,412138982577.39233,81.6775545630806,0.076234375,17059280.338753007,23322939191.86575,17.670971020716483,17.670971020716483,2.871923237890019,24.0,1,1
2022-07-10,21286.89,-0.009759642065825,0.1306884190222246,408135117236.3789,81.3293706831033,0.076234375,16986558.200464938,23339925750.066216,17.48656450782501,17.48656450782501,2.861432843654335,24.0,1,1
2022-07-11,20827.46,-0.0215827676095474,0.1113213037019396,399344488389.567,79.509892731292,0.076234375,16606539.667635856,23356532289.73385,17.097764489855166,17.097764489855166,2.838947723375078,22.0,1,1
2022-07-12,20411.5,-0.0199717104246028,0.1714229723440217,391386583432.0524,82.0938410858847,0.076234375,17146226.483648606,23373678516.217503,16.744757705146593,16.744757705146593,2.81808523645779,16.0,1,1
2022-07-13,19446.0,-0.0473017661612326,0.2450375398539546,372890149660.536,80.5455715691077,0.076234375,16822852.89750327,23390501369.115005,15.941947706726072,15.941947706726072,2.768953855779932,15.0,1,1
2022-07-14,19653.76,0.0106839452843772,0.2328429776287082,376891102363.5003,77.8222072967883,0.076234375,16254047.491482452,23406755416.606487,16.101808886169067,16.101808886169067,2.778931618857474,18.0,1,1
2022-07-15,20670.25,0.0517198744667688,0.1851936962542784,396401749121.0035,77.4423305030923,0.076234375,16174705.929990895,23422930122.53648,16.92366185815513,16.92366185815513,2.8287127526390217,15.0,1,1
2022-07-16,20921.11,0.01213628282193,0.16093266561860253,401230687596.8793,78.717848730458,0.076234375,16441112.326879475,23439371234.86336,17.117809329291862,17.117809329291862,2.8401194027884253,21.0,1,1
2022-07-17,21199.59,0.0133109572102052,0.13589460928253794,406589779005.5504,76.4252568776899,0.076234375,15962278.609000389,23455333513.47236,17.33464070216746,17.33464070216746,2.852706852194032,24.0,1,1
2022-07-18,20971.25,-0.0107709630233414,0.14337485843714615,402228536423.2962,77.1918172969021,0.076234375,16122383.415735671,23471455896.888096,17.13692317129014,17.13692317129014,2.8412353854621584,20.0,1,1
2022-07-19,21488.0,0.024640877391667,0.08921258376768426,412158359069.4514,76.2310100149136,0.076234375,15921707.956453912,23487377604.84455,17.54807905776756,17.54807905776756,2.864944488523336,30.0,1,1
2022-07-20,23299.47,0.0843014705882354,0.005183808902090803,446924028418.6337,77.6537209557808,0.076234375,16218857.215036578,23503596462.05959,19.015133668588792,19.015133668588792,2.945235170994684,31.0,1,1
2022-07-21,23255.75,-0.0018764375326992,-0.0884731733012265,446105469693.111,78.8541832469034,0.076234375,16469587.331405891,23520066049.390995,18.967016026073704,18.967016026073704,2.942701471946928,34.0,1,1
2022-07-22,23136.89,-0.0051109940552336,-0.10044089763144481,443845381552.762,77.469794342626,0.076234375,16180442.06325652,23536246491.45425,18.857950935970923,18.857950935970923,2.936934625278033,33.0,1,1
2022-07-23,23023.46,-0.0049025603700411,-0.06698428472523243,441689249788.2445,77.3269786904614,0.076234375,16150613.400289431,23552397104.85453,18.75347328010214,18.75347328010214,2.9313789768667595,31.0,1,1
2022-07-24,22328.75,-0.0301740051234696,-0.05422381458881487,428380955117.6629,79.6380089858344,0.076234375,16633298.195286214,23569030403.049824,18.17558668269317,18.17558668269317,2.9000793025516005,30.0,1,1
2022-07-25,22707.62,0.0169678105581367,-0.053764771473188255,435669198185.6047,80.1575576237272,0.076234375,16741811.799921446,23585772214.849747,18.47169531770957,18.47169531770957,2.9162395776388546,30.0,1,1
2022-07-26,22164.54,-0.0239162008171704,-0.02145499071941037,425268725558.9964,81.5434788156683,0.076234375,17031277.103666335,23602803491.95341,18.01772089082458,18.01772089082458,2.8913557675345416,26.0,1,1
2022-07-27,20978.45,-0.0535129535735909,0.032071006199218655,402529389833.9607,84.3321613609194,0.076234375,17613724.969174903,23620417216.92259,17.041586782200145,17.041586782200145,2.835656638086812,28.0,1,1
2022-07-28,22787.5,0.0862337303280269,-0.09373867251782775,437260597729.2351,84.2547402013475,0.076234375,17597554.68503315,23638014771.60762,18.49819462226764,18.49819462226764,2.917673139336729,32.0,1,1
2022-07-29,24029.84,0.0545184860120679,-0.16687959636851513,461120039147.8381,85.7112991049338,0.076234375,17901773.47315805,23655916545.08078,19.49279953998348,19.49279953998348,2.970045143018701,39.0,1,1
2022-07-30,24318.57,0.0120154774230705,-0.17717201299254026,466681510472.7621,84.0399208269483,0.076234375,17552687.230936676,23673469232.31172,19.71327083044476,19.71327083044476,2.9812920551616497,42.0,1,1
2022-07-31,23775.67,-0.0223245034555897,-0.15094926872723247,456283495244.9648,83.7904391180929,0.076234375,17500580.15655716,23690969812.46828,19.259806536279,19.259806536279,2.9580203614742024,39.0,1,1
2022-08-01,23746.76,-0.0012159489091159,-0.15874839346504532,455749061087.7614,83.4573587030404,0.076234375,17431012.54760848,23708400825.015884,19.22310426803981,19.22310426803981,2.9561129028854314,33.0,1,1
2022-08-02,23119.82,-0.0264010753466998,-0.12680981080302522,443736631490.47015,83.2257987073094,0.076234375,17382648.6255549,23725783473.64144,18.70271774095245,18.70271774095245,2.9286688470413886,31.0,1,1
2022-08-03,23027.2,-0.0040060865525769,-0.12872602834908287,441978731003.07605,81.7750814400391,0.076234375,17079649.929193098,23742863123.57063,18.61522465520612,18.61522465520612,2.9239797757560795,34.0,1,1
2022-08-04,23324.31,0.0129025673985547,-0.14599660182873575,447701383527.0509,81.2897713026736,0.076234375,16978287.42233495,23759841410.99297,18.84277659024748,18.84277659024748,2.936129635690905,30.0,1,1
2022-08-05,22513.08,-0.0347804500969159,-0.12273220723241784,432149415563.9689,81.8435885690841,0.076234375,17093958.41731855,23776935369.41029,18.17515204755705,18.17515204755705,2.900055389137385,31.0,1,1
2022-08-06,22962.23,0.0199506242593194,-0.13579822168839872,440790729308.26,84.6974732699731,0.076234375,17690024.489905767,23794625393.900192,18.524802219464977,18.524802219464977,2.9191104947130104,31.0,1,1
2022-08-07,23170.75,0.0090809995370659,-0.14819330405791786,444813381992.6464,85.5095955704979,0.076234375,17859645.410464864,23812485039.310658,18.67983880129813,18.67983880129813,2.927444803282634,30.0,1,1
2022-08-08,23211.75,0.0017694722872587,-0.18235376479584697,445620324885.3831,86.367433125646,0.076234375,18038814.47859704,23830523853.789253,18.699560597973417,18.699560597973417,2.9285000261498952,30.0,1,1
2022-08-09,24068.84,0.0369248333279481,-0.19464336461582699,462095362529.31177,85.5909457324028,0.076234375,17876636.31114697,23848400490.1004,19.376367095190727,19.376367095190727,2.964054132501968,42.0,1,1
2022-08-10,23146.0,-0.0383416899194144,-0.1647174457789683,444397628327.2478,86.0462434252168,0.076234375,17971730.3797788,23866372220.48018,18.62024208044077,18.62024208044077,2.9242492728621934,31.0,1,1
2022-08-11,23910.5,0.0330294651343645,-0.11448945024152568,459096270919.80646,86.804586380797,0.076234375,18130118.87636595,23884502339.356544,19.221512945794736,19.221512945794736,2.956030117707099,41.0,1,1
2022-08-12,24211.0,0.0125677003826769,-0.11359506009665032,464886728821.9524,87.1368532447024,0.076234375,18199516.56596331,23902701855.92251,19.449128873553043,19.449128873553043,2.967802281069312,42.0,1,1
2022-08-13,24230.0,0.0007847672545537,-0.11035905901774656,465272236631.9196,85.3093887552237,0.076234375,17817829.95448358,23920519685.87699,19.450757874070053,19.450757874070053,2.9678860345531475,46.0,1,1
2022-08-14,24498.25,0.01107098638052,-0.08573061341116206,470444158180.01904,83.1496574018394,0.076234375,17366745.653406437,23937886431.5304,19.652702402345827,19.652702402345827,2.9782148556962595,47.0,1,1
2022-08-15,24288.0,-0.0085822456706091,-0.16691370223978919,466427400601.0015,83.232723969543,0.076234375,17384095.044837337,23955270526.57524,19.470763232815983,19.470763232815983,2.9689140190685888,45.0,1,1
2022-08-16,24080.5,-0.0085433135704874,-0.17157035775835217,462463088146.85547,83.6480568080609,0.076234375,17470842.001991827,23972741368.57723,19.291205834016072,19.291205834016072,2.959649335799379,44.0,1,1
2022-08-17,23978.0,-0.0042565561346317,-0.17181374593377263,460515014083.6756,82.0697914286017,0.076234375,17141203.440930977,23989882572.01816,19.1962179348398,19.1962179348398,2.954713277069696,41.0,1,1
2022-08-18,23405.0,-0.0238969054967053,-0.15616321298867764,449530058763.63214,82.4474422206739,0.076234375,17220080.07682654,24007102652.094982,18.72487760302069,18.72487760302069,2.929852992827618,30.0,1,1
2022-08-19,23420.25,0.0006515701773124,-0.14266500144106065,449842891116.7338,84.5338959758452,0.076234375,17655859.523379654,24024758511.618366,18.72413788880292,18.72413788880292,2.9298134876920003,33.0,1,1
2022-08-20,21198.24,-0.0948755884330866,-0.07323674040863781,407181814473.70654,85.4422898071108,0.076234375,17845587.84113414,24042604099.4595,16.935844918848055,16.935844918848055,2.829432376896925,29.0,1,1
2022-08-21,20813.0,-0.0181732068322654,-0.062124633642435034,399799711387.7009,86.5983181739327,0.076234375,18087037.43024904,24060691136.889748,16.6163020468988,16.6163020468988,2.810384264483869,27.0,1,1
2022-08-22,21481.25,0.0321073367606783,-0.11705231306371833,412654471116.8739,86.6739586473017,0.076234375,18102835.79795312,24078793972.687702,17.137671911016103,17.137671911016103,2.8412790761155,29.0,1,1
2022-08-23,21118.0,-0.0169100960139656,-0.10403447296145474,405694382925.2047,88.7572826604553,0.076234375,18537961.56251547,24097331934.250217,16.835655666450766,16.835655666450766,2.82349899848076,28.0,1,1
2022-08-24,21486.75,0.0174614073302397,-0.10428519901799949,412796620903.3535,90.2455772980915,0.076234375,18848808.71735396,24116180742.96757,17.11699813925667,17.11699813925667,2.8400720130061936,25.0,1,1
2022-08-25,21689.0,0.0094127776420351,-0.14099313015814463,416700589793.2437,91.5291356833133,0.076234375,19116894.39207558,24135297637.35965,17.265193744626632,17.265193744626632,2.8486925525934503,25.0,1,1
2022-08-26,21651.25,-0.0017405136244179,-0.11658680214768202,415993682069.994,91.1758276353581,0.076234375,19043102.013395213,24154340739.37304,17.222315713709342,17.222315713709342,2.8462059681062546,27.0,1,1
2022-08-27,20651.43,-0.0461783961665031,-0.07943420867223239,396801269952.9591,90.6881265831183,0.076234375,18941240.13694496,24173281979.509983,16.41486953609775,16.41486953609775,2.7981876030753527,28.0,1,1
2022-08-28,20019.75,-0.0305877123279114,-0.045342724059990736,384680992179.70514,91.7716827576696,0.076234375,19167553.08966909,24192449532.59965,15.90086988344617,15.90086988344617,2.76637381738037,28.0,1,1
2022-08-29,20010.0,-0.0004870190686696,-0.04692653673163416,384510594215.2531,92.608704338612,0.076234375,19342374.50633938,24211791907.10599,15.881129149404345,15.881129149404345,2.765131558417358,24.0,1,1
2022-08-30,20186.75,0.0088330834582708,-0.030601756102393907,387924098996.5827,91.3672406730505,0.076234375,19083080.789546806,24230874987.89554,16.00949611561155,16.00949611561155,2.7731820534097467,27.0,1,1
2022-08-31,19977.0,-0.0103904789032409,-0.023527056114531764,383910286836.2998,91.8501985827171,0.076234375,19183952.00706664,24250058939.902603,15.83131355629776,15.83131355629776,2.761989849369992,23.0,1,1
2022-09-01,20188.0,0.0105621464684386,-0.025026748563503176,387982278969.24255,90.5930014238518,0.076234375,18921372.17238754,24268980312.07499,15.986756508933448,15.986756508933448,2.7717606613002737,20.0,1,1
2022-09-02,20063.0,-0.0061917971071924,-0.0393136619648109,385596933088.6816,87.3161535093697,0.076234375,18236965.452577688,24287217277.52757,15.8765382086595,15.8765382086595,2.764842435118404,25.0,1,1
2022-09-03,19919.04,-0.0071753974978816,-0.0362989381014347,382846953793.7504,88.1673227536779,0.076234375,18414741.768629897,24305632019.2962,15.7513679747068,15.7513679747068,2.756927217036858,21.0,1,1
2022-09-04,19750.0,-0.0084863527559561,-0.007645569620253201,379614660704.44666,89.3802882574415,0.076234375,18668083.32226272,24324300102.61846,15.606396036183664,15.606396036183664,2.747680832546973,20.0,1,1
2022-09-05,19844.0,0.0047594936708861,0.025146139891150998,381438186932.0416,89.6286985229031,0.076234375,18719966.61358066,24343020069.23204,15.669304213167624,15.669304213167624,2.751703652903976,23.0,1,1
2022-09-06,19737.0,-0.0053920580528119,0.012615899072807357,379398104498.8463,88.7492784729293,0.076234375,18536289.79749238,24361556359.029533,15.573639832671184,15.573639832671184,2.7455797306944416,22.0,1,1
2022-09-07,18979.0,-0.0384050260931245,0.05643079192792033,364843317597.2297,88.6639793501836,0.076234375,18518474.111710005,24380074833.141243,14.964815329495096,14.964815329495096,2.70570180106782,24.0,1,1
2022-09-08,19384.0,0.0213393750987933,0.008615352868345028,372645187030.5099,87.5922606975694,0.076234375,18294633.55922265,24398369466.700462,15.273364375398357,15.273364375398357,2.7261104207906843,20.0,1,1
2022-09-09,19333.45,-0.0026078208832025,0.006525995101753557,371689685807.7321,89.031563060198,0.076234375,18595248.12374597,24416964714.82421,15.222599948390354,15.222599948390354,2.7227811623118736,22.0,1,1
2022-09-10,21173.0,0.0951485637586668,-0.079558872148491,407073257822.6271,89.7644199498264,0.076234375,18748313.567431632,24435713028.391644,16.658947391862565,16.658947391862565,2.8129474529816947,28.0,1,1
2022-09-11,21460.75,0.0135904217635667,-0.10347960812180379,412623621102.0277,91.0590988627472,0.076234375,19018721.8900404,24454731750.281685,16.87295633890054,16.87295633890054,2.825712123581758,26.0,1,1
2022-09-12,21556.0,0.0044383351001247,-0.11827519020226396,414473120591.4775,91.0590988627472,0.076234375,19018721.8900404,24473750472.171726,16.935414989327477,16.935414989327477,2.829406990801352,25.0,1,1
2022-09-13,22398.0,0.0390610502876229,-0.14420930440217872,430681713116.5059,90.6989790581008,0.076234375,18943506.798992883,24492693978.97072,17.584089095559953,17.584089095559953,2.8669944645023846,34.0,1,1
2022-09-14,20234.0,-0.0966157692651129,-0.04200850054363947,389088077175.9526,89.4370861565565,0.076234375,18679946.20538695,24511373925.176105,15.873776735799892,15.873776735799892,2.764668485797184,27.0,1,1
2022-09-15,19949.0,-0.0140852031234556,-0.03879893729008976,383624454122.3909,91.6008928434377,0.076234375,19131881.68592177,24530505806.862022,15.638668731203984,15.638668731203984,2.74974661200606,28.0,1,1
2022-09-16,19858.25,-0.0045491002055241,-0.03838455050168066,381895985417.7987,90.3419773800899,0.076234375,18868942.963932306,24549374749.82596,15.556240813037656,15.556240813037656,2.744461896569519,20.0,1,1
2022-09-17,19750.0,-0.0054511349187365,-0.031291139240506305,379830797473.1983,91.9700632306442,0.076234375,19208987.09342093,24568583736.91938,15.460020062223771,15.460020062223771,2.738257340844318,22.0,1,1
2022-09-18,20079.0,0.0166582278481013,-0.027018277802679402,386174952209.76855,89.925420772519,0.076234375,18781940.408780828,24587365677.32816,15.706235359970174,15.706235359970174,2.75405779019442,27.0,1,1
2022-09-19,19645.75,-0.0215772697843518,-0.01423972105926219,377858826521.1976,88.3272101960378,0.076234375,18448136.067913886,24605813813.396072,15.356485641433288,15.356485641433288,2.7315379021551,21.0,1,1
2022-09-20,19520.0,-0.0064008755074252,-0.016649590163934413,375456561426.9452,90.0028997454996,0.076234375,18798122.76790636,24624611936.16398,15.247207241286327,15.247207241286327,2.724396354563831,23.0,1,1
2022-09-21,18966.82,-0.0283391393442623,0.0033310802759767277,364832336593.0243,91.2529400664519,0.076234375,19059207.816105258,24643671143.980083,14.804301455797708,14.804301455797708,2.694917777448015,23.0,1,1
2022-09-22,18921.0,-0.0024157976930239,0.013635642936419945,363966820541.864,89.5564566536212,0.076234375,18704878.08274905,24662376022.06283,14.757978720957832,14.757978720957832,2.6917838667702374,22.0,1,1
2022-09-23,19246.0,0.0171766819935521,-0.0017536111399771848,370234672457.7457,90.1814765338415,0.076234375,18835420.5483139,24681211442.611145,15.00066855788732,15.00066855788732,2.708094770634795,20.0,1,1
2022-09-24,18631.0,-0.0319546918840278,0.04503247276045297,358419524980.6001,87.926161858612,0.076234375,18364372.59024692,24699575815.2014,14.511161149577728,14.511161149577728,2.674918087786533,24.0,1,1
2022-09-25,19127.0,0.0266222961730449,0.012952893815025845,367977470513.5539,87.1879845822225,0.076234375,18210195.923658542,24717786011.125053,14.887153337598017,14.887153337598017,2.7004986489425,24.0,1,1
2022-09-26,19011.0,-0.0060647252574894,0.062069328283625325,365761678490.4759,88.5783868994268,0.076234375,18500597.161057506,24736286608.28611,14.78644245526949,14.78644245526949,2.693710710619936,21.0,1,1
2022-09-27,19112.0,0.0053127136920729,0.08580996232733362,367720832643.9456,86.1847315216163,0.076234375,18000655.183817033,24754287263.46993,14.85483418408066,14.85483418408066,2.698325346555446,20.0,1,1
2022-09-28,19071.0,-0.0021452490581833,0.07013266215720204,366947905135.9647,86.1607976816384,0.076234375,17995656.33085247,24772282919.80078,14.81284168778239,14.81284168778239,2.6954944861589114,20.0,1,1
2022-09-29,19569.0,0.0261129463583451,0.06990648474628247,376546329461.9266,86.6972778044854,0.076234375,18107706.26746936,24790390626.06825,15.189205169924616,15.189205169924616,2.720584989361388,22.0,1,1
2022-09-30,19507.0,-0.0031682763554601,0.07171784487619837,375369600517.432,88.7842692125619,0.076234375,18543598.008907937,24808934224.07716,15.130420240025243,15.130420240025243,2.716707302697106,21.0,1,1
2022-10-01,19682.76,0.0090100989388424,0.05009409249515828,378768130481.6699,90.8661210856942,0.076234375,18978416.30038964,24827912640.377544,15.255738006169745,15.255738006169745,2.724955694984018,20.0,1,1
2022-10-02,19274.25,-0.0207547112295226,0.058355059211123717,370922971767.22687,90.8697607957877,0.076234375,18979176.49497637,24846891816.87252,14.92834494153301,14.92834494153301,2.703261750853902,24.0,1,1
2022-10-03,19196.0,-0.0040598207452948,0.06654355073973739,369433082637.01886,90.6390349698617,0.076234375,18930986.79871384,24865822803.671234,14.857062464969996,14.857062464969996,2.698475339059785,24.0,1,1
2022-10-04,19599.0,0.0209939570743904,0.02956783509362726,377205264541.0861,93.169859705406,0.076234375,19459578.14651865,24885282381.81776,15.157765089966926,15.157765089966926,2.718512947840468,20.0,1,1
2022-10-05,20343.0,0.0379611204653298,-0.005210637565747467,391541330126.6948,95.6618713132874,0.076234375,19980062.93396957,24905262444.751724,15.72122883648649,15.72122883648649,2.75501195420588,25.0,1,1
2022-10-06,19986.0,-0.017549034065772,0.06989892925047525,384686784066.36505,97.3775100396222,0.076234375,20338393.471032392,24925600838.222755,15.433400645510536,15.433400645510536,2.736534033894732,26.0,1,1
2022-10-07,20050.0,0.0032022415690984,0.06271321695760612,385935315483.2449,97.9501505902213,0.076234375,20457995.921647675,24946058834.1444,15.470793124042665,15.470793124042665,2.7389539317932625,23.0,1,1
2022-10-08,19551.0,-0.0248877805486283,0.08674748094726614,376346490822.6664,98.0023215636346,0.076234375,20468892.419048507,24966527726.56345,15.074042131307182,15.074042131307182,2.7129742003826887,24.0,1,1
2022-10-09,19459.62,-0.0046739297222648,0.0628547731147886,374603638930.0972,98.5814303622421,0.076234375,20589845.83636041,24987117572.39981,14.991870824823572,14.991870824823572,2.707508109185172,22.0,1,1
2022-10-10,19488.5,0.0014840988672955,-0.04045975831900861,375175769231.28845,101.424179790785,0.076234375,21183586.18147432,25008301158.581284,15.002049393609116,15.002049393609116,2.708186818010303,22.0,1,1
2022-10-11,19240.0,-0.0127511096287554,-0.1782744282744283,370407829420.18616,103.054965518991,0.076234375,21524194.21092282,25029825352.79221,14.798658168778044,14.798658168778044,2.694536512388062,24.0,1,1
2022-10-12,19006.46,-0.0121382536382537,-0.06368676755166403,365927491485.96106,101.081116327231,0.076234375,21111933.500023976,25050937286.29223,14.607337334487484,14.607337334487484,2.6815239596314133,20.0,1,1
2022-10-13,19168.0,0.0084992155298777,-0.12760851419031716,369053480808.6447,100.862033046529,0.076234375,21066175.480908178,25072003461.773136,14.719744330417566,14.719744330417566,2.689189744292388,20.0,1,1
2022-10-14,19384.0,0.0112687813021703,-0.13604003301692114,373228327941.5386,100.691045354855,0.076234375,21030462.76910692,25093033924.542244,14.873782463447062,14.873782463447062,2.699600096884865,24.0,1,1
2022-10-15,19175.0,-0.0107820883202641,-0.1382138200782269,369220030568.642,99.8029924962369,0.076234375,20844982.893370707,25113878907.435616,14.701832079763864,14.701832079763864,2.6879721172953115,24.0,1,1
2022-10-16,19096.0,-0.0041199478487614,-0.14209677419354838,367714673775.3583,99.6319206095387,0.076234375,20809252.596487127,25134688160.032104,14.629768685973966,14.629768685973966,2.683058403968827,24.0,1,1
2022-10-17,19132.0,0.0018852115626308,-0.11721200083629524,368423726496.6548,98.0052507338071,0.076234375,20469504.20934267,25155157664.241447,14.6460511762316,14.6460511762316,2.684170754844954,20.0,1,1
2022-10-18,19536.5,0.0211425883336817,-0.15394262022368388,376229317518.33545,95.9029284065001,0.076234375,20030410.432162408,25175188074.67361,14.944449129928223,14.944449129928223,2.704339935232421,22.0,1,1
2022-10-19,19366.0,-0.0087272541140941,-0.13849581741195915,372961879866.50745,96.6469338639557,0.076234375,20185804.380232867,25195373879.053844,14.802792038603922,14.802792038603922,2.6948158142346803,23.0,1,1
2022-10-20,19195.0,-0.0088299080863368,-0.13300338629851527,369684523046.4696,96.4634293624893,0.076234375,20147477.39124937,25215521356.44509,14.660990658120108,14.660990658120108,2.68519026976338,23.0,1,1
2022-10-21,19030.0,-0.0085959885386819,-0.12413925380977398,366522437607.5175,96.2066288809743,0.076234375,20093841.70848773,25235615198.153584,14.524014363411869,14.524014363411869,2.6758034424948574,23.0,1,1
2022-10-22,19179.0,0.0078297425118234,-0.1383283799989572,369408047957.0272,94.4912026904624,0.076234375,19735555.56193348,25255350753.715515,14.62692209502102,14.62692209502102,2.6828638097829547,20.0,1,1
2022-10-23,19212.25,0.0017336670316492,-0.1864695701960989,370064332473.1944,95.283537026583,0.076234375,19901043.542495653,25275251797.25801,14.641370754349552,14.641370754349552,2.6838511349116607,23.0,1,1
2022-10-24,19470.0,0.0134159195305079,-0.1718027734976888,375045144812.0947,94.182937975918,0.076234375,19671170.992487326,25294922968.2505,14.826894127443724,14.826894127443724,2.6964427024859283,22.0,1,1
2022-10-25,19374.75,-0.0048921417565485,-0.14982128801661954,373226343685.3793,92.5019566499899,0.076234375,19320079.045175545,25314243047.29568,14.743729172073788,14.743729172073788,2.690817851511471,20.0,1,1
2022-10-26,20191.0,0.0421295758654949,-0.18072408498836112,388966849165.2431,93.356490895278,0.076234375,19498558.179711528,25333741605.475384,15.353707131882,15.353707131882,2.731356951838091,33.0,1,1
2022-10-27,20752.0,0.0277846565301371,-0.19771588280647645,399791251553.51965,92.865969227278,0.076234375,19396107.18578293,25353137712.661167,15.768906242869768,15.768906242869768,2.7580400417446524,32.0,1,1
2022-10-28,20408.5,-0.0165526214340786,-0.19401229879706983,393190459501.0324,93.6415275663438,0.076234375,19558091.309768464,25372695803.970936,15.496597702459995,15.496597702459995,2.74062049676378,30.0,1,1
2022-10-29,20937.0,0.0258960727148001,-0.21101399436404455,403389776323.55023,94.7329915995459,0.076234375,19786055.908141457,25392481859.87908,15.88618940635806,15.88618940635806,2.7654501409875323,34.0,1,1
2022-10-30,20906.0,-0.0014806323733104,-0.2253420070793074,402809698782.3066,93.3046640237749,0.076234375,19487733.551883463,25411969593.43096,15.85117978759244,15.85117978759244,2.763243932101595,34.0,1,1
2022-10-31,20668.75,-0.0113484167224719,-0.20372543090414275,398255437684.9371,96.8095107208916,0.076234375,20219760.394145124,25432189353.825108,15.659502693386395,15.659502693386395,2.751077933569673,31.0,1,1
2022-11-01,20399.0,-0.0130511037193831,-0.16157654786999365,393074526173.07153,98.8934724054983,0.076234375,20655019.34359701,25452844373.168705,15.44324557248438,15.44324557248438,2.7371717279783416,30.0,1,1
2022-11-02,20473.37,0.0036457669493601,-0.17310877495986243,394524398926.8758,95.767530137244,0.076234375,20002130.97344236,25472846504.142147,15.488037383757725,15.488037383757725,2.7400679442553346,30.0,1,1
2022-11-03,20178.5,-0.0144026117830137,-0.15675099734866316,388858781768.7762,98.5145721151294,0.076234375,20575881.73586114,25493422385.87801,15.253298512960075,15.253298512960075,2.7247957755966365,30.0,1,1
2022-11-04,20237.0,0.0028991253066381,-0.1625735039778623,390002736841.6936,95.6728062286031,0.076234375,19982346.814612776,25513404732.692623,15.286189394469485,15.286189394469485,2.7269497668047427,30.0,1,1
2022-11-05,21383.0,0.056628946978307,-0.20249731094794932,412105717868.5939,96.430609913211,0.076234375,20140622.67836286,25533545355.370987,16.139776601055026,16.139776601055026,2.781286821423522,38.0,1,1
2022-11-06,21307.4,-0.0035355188701303,-0.2033753531636897,410666176753.5314,96.620060834363,0.076234375,20180191.644300383,25553725547.015285,16.070696853887824,16.070696853887824,2.7769975424612565,40.0,1,1
2022-11-07,21247.0,-0.0028346959272366,-0.20012237021697177,409519471664.66754,93.8465640540441,0.076234375,19600915.497417856,25573326462.512703,16.013539430037458,16.013539430037458,2.773434578779593,33.0,1,1
2022-11-08,20682.75,-0.0265566903562856,-0.18644764356770738,398660928152.7129,95.6155475843717,0.076234375,19970387.699663933,25593296850.212368,15.576771155585018,15.576771155585018,2.745780776062708,31.0,1,1
2022-11-09,18700.0,-0.0958649115809068,-0.08106951871657753,360458640761.22815,98.1449808485934,0.076234375,20498688.4229575,25613795538.635326,14.072831971252354,14.072831971252354,2.6442461281472545,29.0,1,1
2022-11-10,15810.0,-0.1545454545454545,0.08247944339025937,304764331711.38336,96.5068673465108,0.076234375,20156549.905120984,25633952088.540447,11.889088762385065,11.889088762385065,2.475621068773768,22.0,1,1
2022-11-11,17796.0,0.1256166982922202,-0.037199370645088825,343062374246.2922,96.9551737941783,0.076234375,20250183.77319332,25654202272.31364,13.372560588895398,13.372560588895398,2.593204890270764,25.0,1,1
2022-11-12,16722.0,-0.0603506405933917,0.02714149025236212,322372008826.9621,98.3104846935629,0.076234375,20533255.771399543,25674735528.08504,12.556001150404306,12.556001150404306,2.5301987306015814,21.0,1,1
2022-11-13,16747.0,0.0014950364788901,0.025616528333432864,322867649308.8795,97.4288571108757,0.076234375,20349117.88715593,25695084645.9722,12.565346787424971,12.565346787424971,2.530942770091416,22.0,1,1
2022-11-14,16524.75,-0.0132710336179614,0.07494818378492862,318596356461.04,95.1227371333221,0.076234375,19867458.667529043,25714952104.63973,12.38953722972542,12.38953722972542,2.516852344638864,24.0,1,1
2022-11-15,16382.52,-0.008607089365951,0.08841618993903255,315867541231.87946,93.7911293022194,0.076234375,19589337.323010635,25734541441.96273,12.274069151153627,12.274069151153627,2.5074888379052167,22.0,1,1
2022-11-16,16889.5,0.0309463989667035,0.029841025489209194,325656283541.81226,93.3289083155813,0.076234375,19492797.24622094,25754034239.20896,12.64486489833194,12.64486489833194,2.5372511958680897,23.0,1,1
2022-11-17,16529.0,-0.0213446223985316,0.01164619759211094,318718751981.6885,91.9658615300586,0.076234375,19208109.52076866,25773242348.729725,12.36626527889678,12.36626527889678,2.514972223186466,20.0,1,1
2022-11-18,16683.89,0.0093708028313872,0.0019246111068822458,321719001260.29224,91.5744428349624,0.076234375,19126357.30273037,25792368706.03245,12.473418200828018,12.473418200828018,2.52359983606928,23.0,1,1
2022-11-19,16642.0,-0.002510805333768,0.004176180747506253,320924785590.406,88.8986186805915,0.076234375,18567481.18761156,25810936187.220062,12.433674751763077,12.433674751763077,2.5204084975319683,23.0,1,1
2022-11-20,16667.63,0.0015400793173898,-0.004892717200945751,321432607766.313,89.5915072468185,0.076234375,18712198.795258023,25829648386.015324,12.444327656443935,12.444327656443935,2.521264909164797,24.0,1,1
2022-11-21,16526.0,-0.0084973088555482,0.021420791480091905,318714746456.84485,89.3098454022122,0.076234375,18653370.53584732,25848301756.55117,12.33020062434344,12.33020062434344,2.5120515882801664,21.0,1,1
2022-11-22,15629.75,-0.054232724192182,0.07429741358626973,301442692838.9567,86.0018091678453,0.076234375,17962449.782958783,25866264206.33413,11.653893675343324,11.653893675343324,2.4556403452318056,22.0,1,1
2022-11-23,16125.0,0.0316863673443272,0.04124031007751938,311007428737.4011,84.4300194538346,0.076234375,17634163.737810746,25883898370.07194,12.015478669047823,12.015478669047823,2.4861957076830774,22.0,1,1
2022-11-24,16472.0,0.0215193798449613,0.020701796988829457,317713503536.8667,82.9224308014567,0.076234375,17319286.809944656,25901217656.88189,12.266353950832542,12.266353950832542,2.506860063043169,20.0,1,1
2022-11-25,16542.0,0.0042496357455075,0.017410228509249226,319077108517.37305,81.1593410811168,0.076234375,16951045.59652264,25918168702.47841,12.310943422745044,12.310943422745044,2.510488575988038,20.0,1,1
2022-11-26,16649.0,0.0064683835086447,0.008975313832662701,321154540449.0046,77.4930445269239,0.076234375,16185298.127006063,25934354000.60541,12.383363797745163,12.383363797745163,2.516353942606643,22.0,1,1
2022-11-27,16449.0,-0.0120127334975073,0.023299288710559862,317309946631.72284,76.3289492038774,0.076234375,15942163.662916,25950296164.26833,12.227604055965864,12.227604055965864,2.503696023390329,26.0,1,1
2022-11-28,16519.0,0.0042555778466775,0.010412252557660873,318673684349.9508,77.1836966581691,0.076234375,16120687.328561945,25966416851.596893,12.272532100644948,12.272532100644948,2.5073636026031947,28.0,1,1
2022-11-29,16195.0,-0.0196137780737333,0.019820932386539036,312436420896.3589,77.6110706179856,0.076234375,16209949.209980812,25982626800.80688,12.024820403711312,12.024820403711312,2.4869728806379907,26.0,1,1
2022-11-30,16458.0,0.01623958011732,0.008445740673228785,317523595571.1387,77.3546457767546,0.076234375,16156391.98393774,25998783192.79081,12.213017556113344,12.213017556113344,2.502502395681846,29.0,1,1
2022-12-01,17103.0,0.0391906671527524,-0.030246155645208384,329981411666.89874,79.2719501765467,0.076234375,16556842.676000483,26015340035.46681,12.684109114738993,12.684109114738993,2.5403499591886884,27.0,1,1
2022-12-02,16929.25,-0.0101590364263579,-0.022874610511393056,326642825777.6626,79.3333497461242,0.076234375,16569666.670005992,26031909702.13681,12.54778575660357,12.54778575660357,2.529544216274763,27.0,1,1
2022-12-03,17015.5,0.0050947324896259,-0.025902853280832194,328320754183.68427,81.0989858208482,0.076234375,16938439.71831842,26048848141.855133,12.604041161272711,12.604041161272711,2.534017489620631,27.0,1,1
2022-12-04,16947.0,-0.0040257412359319,-0.011521213194075619,327012728428.70013,81.3181885099612,0.076234375,16984222.677230336,26065832364.532364,12.545646878081843,12.545646878081843,2.529373743102914,26.0,1,1
2022-12-05,17053.0,0.0062547943588835,-0.022855216091010377,329071913640.19525,81.7885576368682,0.076234375,17082464.58520034,26082914829.117565,12.61637803121747,12.61637803121747,2.534995813639323,26.0,1,1
2022-12-06,16974.0,-0.0046326159620008,-0.009072699422646435,327561167296.4374,81.2128873666927,0.076234375,16962229.343411542,26099877058.460976,12.550295411841782,12.550295411841782,2.5297442040929337,25.0,1,1
2022-12-07,16995.0,0.0012371862849063,-0.008922624301265003,327980149389.54834,83.01183416048,0.076234375,17337959.711857103,26117215018.172832,12.5580062484202,12.5580062484202,2.5303584102567087,29.0,1,1
2022-12-08,16826.5,-0.0099146807884672,0.005928149050604681,324741916255.1008,83.267562049924,0.076234375,17391371.371642943,26134606389.54448,12.425743530042926,12.425743530042926,2.519770411644412,25.0,1,1
2022-12-09,17184.0,0.0212462484771045,-0.013981028864059608,331655331104.4183,84.8504742728714,0.076234375,17721980.478482,26152328370.02296,12.681675084983157,12.681675084983157,2.540158044777989,26.0,1,1
2022-12-10,17114.0,-0.0040735567970204,-0.011043590043239404,330318118638.19604,86.2727912574585,0.076234375,18019047.45484332,26170347417.4778,12.621846908214676,12.621846908214676,2.5354291941243554,27.0,1,1
2022-12-11,17134.0,0.0011686338670093,0.0026263569510913687,330717953514.3897,86.3653283697666,0.076234375,18038374.876545,26188385792.354343,12.628420710486948,12.628420710486948,2.535949885827118,26.0,1,1
2022-12-12,17175.86,0.002443095599393,0.01722708499021297,331539770204.545,85.6254776997866,0.076234375,17883848.702793613,26206269641.057137,12.651162288474834,12.651162288474834,2.5377490914646184,27.0,1,1
2022-12-13,17176.0,8.150974681875311e-06,0.022284000931532377,331556307234.6372,88.4018492416133,0.076234375,18463725.27610579,26224733366.33324,12.642885729403917,12.642885729403917,2.53709466403881,27.0,1,1
2022-12-14,17763.25,0.0341901490451792,0.060110058688584544,342906567673.0604,87.1446182956469,0.076234375,18201138.384608783,26242934504.71785,13.066624375083284,13.066624375083284,2.5700612215223004,30.0,1,1
2022-12-15,17831.0,0.0038140542974962,0.11111603387359104,344228780550.3653,85.5323372445326,0.076234375,17864395.26609908,26260798899.983948,13.108084862969486,13.108084862969486,2.573229204951214,31.0,1,1
2022-12-16,17393.5,-0.0245359205877404,0.20171328369793318,335796800437.66907,84.2113886839205,0.076234375,17588500.23068699,26278387400.21464,12.778440142598948,12.778440142598948,2.547759386930401,29.0,1,1
2022-12-17,16721.5,-0.0386351223158076,0.25165206470711365,322836693006.1378,83.2103218811316,0.076234375,17379416.115498334,26295766816.33013,12.277135527595666,12.277135527595666,2.50773863228379,28.0,1,1
2022-12-18,16716.0,-0.0003289178602398,0.2642378559463987,322743938479.6292,83.361168281901,0.076234375,17410922.09106999,26313177738.4212,12.265486962008945,12.265486962008945,2.5067893803066355,26.0,1,1
2022-12-19,16711.5,-0.0002692031586504,0.27540914938814587,322670477031.2397,83.2201358106279,0.076234375,17381465.86558448,26330559204.286785,12.254600235710408,12.254600235710408,2.505901395942949,29.0,1,1
2022-12-20,16586.08,-0.0075050115190137,0.25267694355748893,320262146567.84625,81.8741977728745,0.076234375,17100351.495456103,26347659555.78224,12.155240805726963,12.155240805726963,2.4977604188204654,29.0,1,1
2022-12-21,16880.0,0.0177208840184057,0.2407582938388626,325951019632.4315,81.8471786420268,0.076234375,17094708.244625375,26364754264.026867,12.363135129887109,12.363135129887109,2.514719071150861,26.0,1,1
2022-12-22,16791.0,-0.0052725118483412,0.32916443332737777,324245905920.88513,81.8817130440272,0.076234375,17101921.144769207,26381856185.171635,12.290488722439967,12.290488722439967,2.5088256886489764,28.0,1,1
2022-12-23,16790.0,-5.955571437077367e-05,0.38213222156045257,324240054933.471,82.4082276425393,0.076234375,17211889.669004675,26399068074.84064,12.282253828591951,12.282253828591951,2.5081554424085173,27.0,1,1
2022-12-24,16813.0,0.0013698630136986,0.36352822220900505,324697691143.4005,78.5661935193525,0.076234375,16409437.422128458,26415477512.262768,12.29194857418978,12.29194857418978,2.5089444605782125,29.0,1,1
2022-12-25,16830.0,0.0010111223458038,0.36625074272133085,325039479207.83673,78.6170820955033,0.076234375,16420066.076368175,26431897578.33913,12.29724344400478,12.29724344400478,2.5093751270184046,29.0,1,1
2022-12-26,16798.43,-0.001875816993464,0.36328216386888523,324443211934.01544,78.251622103408,0.076234375,16343735.626820529,26448241313.96596,12.267099656365192,12.267099656365192,2.506920853957063,28.0,1,1
2022-12-27,16832.25,0.002013283384221,0.4015357423992634,325109876045.58685,75.8429280778761,0.076234375,15840652.658046125,26464081966.624,12.28494819716812,12.28494819716812,2.5083747892095203,27.0,1,1
2022-12-28,16691.0,-0.0083916291642531,0.382781139536277,322395023156.1804,77.6202637686301,0.076234375,16211869.30338811,26480293835.927387,12.174903539732174,12.174903539732174,2.499376746122662,28.0,1,1
2022-12-29,16516.0,-0.0104846923491702,0.39803826592395253,319028012927.1229,77.8222125277077,0.076234375,16254048.584019084,26496547884.51141,12.04036142057627,12.04036142057627,2.4882644577504225,28.0,1,1
2022-12-30,16597.0,0.0049043351901185,0.3862143760920649,320605894094.3468,79.7079432548677,0.076234375,16647904.75772686,26513195789.26913,12.092314206200212,12.092314206200212,2.492570061214104,28.0,1,1
2022-12-31,16585.7,-0.0006808459360124,0.42267133735687956,320400856413.89484,85.1276371623385,0.076234375,17779869.08026753,26530975658.349403,12.076482242486374,12.076482242486374,2.4912599450060453,25.0,1,1
2023-01-01,16542.0,-0.0026347998577087,0.3751360174102285,319569868654.2217,85.7583296264058,0.076234375,17911596.32907679,26548887254.67848,12.037034380712385,12.037034380712385,2.487988095646105,26.0,1,1
2023-01-02,16574.75,0.0019798089711038,0.38463626902366554,320215780181.9537,87.5044269568781,0.076234375,18276288.489837684,26567163543.16832,12.053066171766629,12.053066171766629,2.48931908165723,27.0,1,1
2023-01-03,16751.75,0.0106788941009667,0.41376274120614265,323648689700.5464,90.1183841420358,0.076234375,18822242.98925482,26585985786.157574,12.173657667005124,12.173657667005124,2.499274409666921,26.0,1,1
2023-01-04,16663.25,-0.0052830301311803,0.407408518746343,321952126150.91125,87.3878062780373,0.076234375,18251930.94308836,26604237717.100662,12.101535461170796,12.101535461170796,2.493332342169295,29.0,1,1
2023-01-05,16820.0,0.0094069284203262,0.39019024970273475,324994107569.0346,88.033170777313,0.076234375,18386722.612264987,26622624439.71293,12.207440641510962,12.207440641510962,2.502045654481153,29.0,1,1
2023-01-06,16843.36,0.0013888228299643,0.3899987888402314,325458879861.1156,89.0796542167675,0.076234375,18605292.505291466,26641229732.21822,12.216360998814038,12.216360998814038,2.5027761187906066,26.0,1,1
2023-01-07,16926.25,0.0049212271185796,0.3503286315634,327074009594.82886,88.2289425614944,0.076234375,18427611.76188061,26659657343.9801,12.268500130167052,12.268500130167052,2.50703501247086,25.0,1,1
2023-01-08,16943.75,0.0010338970533934,0.35241608262633717,327425650647.1046,87.6113723779761,0.076234375,18298625.249663755,26677955969.229763,12.273266026256133,12.273266026256133,2.507423403112236,25.0,1,1
2023-01-09,16925.0,-0.00110660272962,0.37205435745937954,327076779418.7614,86.8320037998411,0.076234375,18135845.3141877,26696091814.54395,12.251859998495023,12.251859998495023,2.505677762076563,25.0,1,1
2023-01-10,17179.0,0.0150073855243721,0.3363408813085744,331999001134.0388,87.9966583314168,0.076234375,18379096.57529891,26714470911.119247,12.427683940985418,12.427683940985418,2.519926560002516,26.0,1,1
2023-01-11,17471.75,0.0170411548984223,0.2510481205374391,337670528025.4968,88.3143356900472,0.076234375,18445447.081838194,26732916358.201084,12.631264150194626,12.631264150194626,2.536175022422081,26.0,1,1
2023-01-12,17558.75,0.0049794668536351,0.2262643980921193,339365890211.972,88.109492240266,0.076234375,18402663.2123398,26751319021.413425,12.685949800842431,12.685949800842431,2.5404950661522,30.0,1,1
2023-01-13,18831.0,0.0724567523314587,0.15904625351813495,363970186620.9317,86.7277519904789,0.076234375,18114071.145614147,26769433092.55904,13.596484668257787,13.596484668257787,2.60981127905506,31.0,1,1
2023-01-14,19812.31,0.0521114120333492,0.10985291467779379,382952904538.7809,88.5464358033927,0.076234375,18493923.81355963,26787927016.3726,14.295727485920157,14.295727485920157,2.6599607154146785,46.0,1,1
2023-01-15,20902.0,0.0550006536340283,0.03488900583676213,404032138761.33417,90.2319406604367,0.076234375,18845960.551467065,26806772976.92407,15.072017027530132,15.072017027530132,2.7128398475792643,52.0,1,1
2023-01-16,20929.5,0.0013156635728639,0.06333166105258137,404580297220.92847,91.68033365894,0.076234375,19148473.798029464,26825921450.7221,15.081692457950515,15.081692457950515,2.713481588241858,45.0,1,1
2023-01-17,21133.0,0.0097231180869108,0.14399280745753096,408530820658.4525,92.6063622058275,0.076234375,19341885.325438023,26845263336.04754,15.217985219384367,15.217985219384367,2.722477966495111,51.0,1,1
2023-01-18,21314.0,0.0085648038612595,0.1513089987801446,412046683815.1559,93.9109195798882,0.076234375,19614356.876296,26864877692.92384,15.337746500282348,15.337746500282348,2.730316881645931,52.0,1,1
2023-01-19,20777.0,-0.0251947077038565,0.1783221831833277,401681731849.3443,95.0896691781336,0.076234375,19860552.051374737,26884738244.97521,14.940883120720695,14.940883120720695,2.704101289117026,45.0,1,1
2023-01-20,20944.0,0.0080377340328248,0.17557534377387318,404926910873.846,94.4134594767714,0.076234375,19719318.01314929,26904457562.98836,15.050551007238726,15.050551007238726,2.7114146023013497,51.0,1,1
2023-01-21,22318.0,0.0656035141329258,0.0913164262030648,431509185839.566,93.1579801193598,0.076234375,19457096.96071732,26923914659.94908,16.02698535073956,16.02698535073956,2.7742738859746794,53.0,1,1
2023-01-22,23206.0,0.0397885115153686,0.06757950530035339,448696634121.1708,93.5640244427439,0.076234375,19541903.90651316,26943456563.85559,16.653269154897274,16.653269154897274,2.8126065427926465,53.0,1,1
2023-01-23,22925.0,-0.0121089373437903,0.055703380588876694,443281504087.48566,94.9468571610915,0.076234375,19830724.14764407,26963287288.003235,16.440187702362046,16.440187702362046,2.7997288069814714,50.0,1,1
2023-01-24,22994.0,0.003009814612868,0.03522658084717745,444633854517.6959,92.7665705025083,0.076234375,19375346.638773028,26982662634.64201,16.478501789769535,16.478501789769535,2.802056609533732,52.0,1,1
2023-01-25,22901.0,-0.0040445333565277,0.042705558709226654,442853591332.9585,96.2938213136647,0.076234375,20112052.83344906,27002774687.47546,16.400299467682657,16.400299467682657,2.7972995948879893,51.0,1,1
2023-01-26,23591.0,0.0301296886598838,-0.02093891738374809,456215241140.08185,97.4710771331563,0.076234375,20357936.01595332,27023132623.491413,16.882396556182037,16.882396556182037,2.8262714551672965,54.0,1,1
2023-01-27,23080.0,-0.0216608028485438,-0.00628249566724437,446351449998.6706,99.7592207121415,0.076234375,20835840.661581263,27043968464.153,16.504657982807263,16.504657982807263,2.803642643055145,55.0,1,1
2023-01-28,23090.0,0.0004332755632583,0.0062906019922044365,446563039673.27466,102.811630425508,0.076234375,21473370.926629003,27065441835.079624,16.49938110725695,16.49938110725695,2.8033228715519742,52.0,1,1
2023-01-29,23007.0,-0.003594629709831,0.016386317207806256,444975933388.5568,104.289366875222,0.076234375,21782012.88459795,27087223847.964226,16.427520807821715,16.427520807821715,2.798958026434752,55.0,1,1
2023-01-30,23596.0,0.0256009040726734,-0.019028648923546387,456386297190.79095,103.012522655637,0.076234375,21515329.539248835,27108739177.50347,16.835393715747905,16.835393715747905,2.8234834390783847,61.0,1,1
2023-01-31,22747.5,-0.0359594846584166,0.0355863281679305,439992782215.1247,102.200012774257,0.076234375,21345627.66804794,27130084805.17152,16.217891885514987,16.217891885514987,2.7861150701735324,51.0,1,1
2023-02-01,22950.0,0.0089020771513352,0.02066448801742915,443927683771.1893,98.8683724414999,0.076234375,20649776.932451967,27150734582.103973,16.35048519327348,16.35048519327348,2.7942575723325263,56.0,1,1
2023-02-02,23683.0,0.0319389978213506,-0.060760883334037064,458124908677.1325,98.3265110028155,0.076234375,20536603.0472062,27171271185.15118,16.860635836850097,16.860635836850097,2.8249816646057866,60.0,1,1
2023-02-03,23452.0,-0.0097538318625174,-0.05267141395190178,453674864565.0944,96.7138860297229,0.076234375,20199788.09670453,27191470973.247887,16.684454659015646,16.684454659015646,2.814477427163083,60.0,1,1
2023-02-04,23383.0,-0.002942179771448,-0.04051019971774361,452358437833.1492,93.9463381005379,0.076234375,19621754.434611488,27211092727.6825,16.624045287712907,16.624045287712907,2.810850158589981,58.0,1,1
2023-02-05,23412.25,0.0012509087798828,-0.04272336063385618,452942677500.0933,92.8432017454106,0.076234375,19391351.9398912,27230484079.62239,16.633662338711325,16.633662338711325,2.811428493776188,58.0,1,1
2023-02-06,22856.0,-0.0237589296201774,-0.03508925446272315,442199179612.0388,93.4497220016867,0.076234375,19518030.5499242,27250002110.17232,16.22749157318295,16.22749157318295,2.7867068146329745,56.0,1,1
2023-02-07,22915.0,0.0025813790689535,-0.039604189395592404,443358636391.9935,95.7502645798601,0.076234375,19998524.86665828,27270000635.03897,16.258108766683566,16.258108766683566,2.7885917853428173,54.0,1,1
2023-02-08,23222.02,0.0133982107789658,-0.1291885891063741,449317054090.1654,95.7830603673162,0.076234375,20005374.637505807,27290006009.67648,16.464527487859357,16.464527487859357,2.8012082174426096,58.0,1,1
2023-02-09,22957.0,-0.0114124438786978,-0.12449361850415996,444207237356.8818,97.2095057877111,0.076234375,20303303.88434257,27310309313.560818,16.26518514516833,16.26518514516833,2.789026942901926,55.0,1,1
2023-02-10,21858.0,-0.0478721087250075,-0.060893036874370976,422959219828.0425,98.3654273790329,0.076234375,20544731.172187563,27330854044.73301,15.475521516297144,15.475521516297144,2.739259518571283,48.0,1,1
2023-02-11,21531.67,-0.0149295452465917,-0.023438497803468072,416661487061.3987,99.451463166225,0.076234375,20771562.02003475,27351625606.75304,15.23351822125432,15.23351822125432,2.7234981462210426,49.0,1,1
2023-02-12,21826.0,0.0136696317563849,0.11032713277742134,422374174507.44977,100.287636880351,0.076234375,20946206.350138377,27372571813.10318,15.430562293940548,15.430562293940548,2.736350107314496,50.0,1,1
2023-02-13,21988.75,0.0074567030147529,0.12061849809561709,425540890822.0207,100.911521666544,0.076234375,21076511.73848751,27393648324.841667,15.53429049595132,15.53429049595132,2.743049870476091,48.0,1,1
2023-02-14,21631.25,-0.0162583139105224,0.12685351054608485,418639223340.21344,101.921936038549,0.076234375,21287548.199147284,27414935873.040813,15.270479758878194,15.270479758878194,2.7259215371311125,50.0,1,1
2023-02-15,22255.0,0.0288355966483675,0.11219950572904969,430728324379.819,104.237495446395,0.076234375,21771178.95046923,27436707051.991283,15.69898033184554,15.69898033184554,2.753595763228906,53.0,1,1
2023-02-16,24176.0,0.0863176814199055,0.10961283917935138,467926675952.1759,105.779825253474,0.076234375,22093311.96111728,27458800363.9524,17.04104584869136,17.04104584869136,2.835624895614645,62.0,1,1
2023-02-17,24539.0,0.0150148908007941,0.11679367537389451,474971699590.34045,107.424487717711,0.076234375,22436818.30371198,27481237182.25611,17.283490420766675,17.283490420766675,2.8497517349208,61.0,1,1
2023-02-18,24482.0,-0.0023228330412812,0.14288048362061923,473887521764.21625,109.259144403597,0.076234375,22820007.08669305,27504057189.342804,17.229731544764125,17.229731544764125,2.846636469731524,60.0,1,1
2023-02-19,24621.25,0.0056878522996486,0.14141239782708026,476602125659.7388,109.233594998575,0.076234375,22814670.80471093,27526871860.147514,17.314067798228372,17.314067798228372,2.851519338589795,60.0,1,1
2023-02-20,24356.0,-0.010773214195055,0.15589587781244862,471486574661.73193,108.376486339066,0.076234375,22635653.974670507,27549507514.122185,17.11415619390084,17.11415619390084,2.839905968628332,58.0,1,1
2023-02-21,24774.25,0.0171723599934308,0.1059870631805202,479602414507.8904,109.614529679893,0.076234375,22894233.317987923,27572401747.44017,17.394292267354505,17.394292267354505,2.856142121794864,60.0,1,1
2023-02-22,24202.0,-0.0230985801790165,0.17068837286174698,468543127524.033,107.488114301618,0.076234375,22450107.43482852,27594851854.875004,16.979367383023604,16.979367383023604,2.831998923594552,59.0,1,1
2023-02-23,23804.0,-0.0164449219072804,0.16068853974121988,460856501475.064,106.804375976863,0.076234375,22307300.95852374,27617159155.833527,16.687324676467238,16.687324676467238,2.81464942982616,56.0,1,1
2023-02-24,23879.0,0.0031507309695848,0.1466455881737092,462327114979.7501,104.133174401468,0.076234375,21749390.32126551,27638908546.1548,16.72740130847426,16.72740130847426,2.817048171700728,53.0,1,1
2023-02-25,23097.03,-0.0327471837179111,0.2062481626425563,447205165734.4364,99.3823934511893,0.076234375,20757136.029467147,27659665682.18426,16.168133442859492,16.168133442859492,2.783042233584052,52.0,1,1
2023-02-26,22935.0,-0.0070151876669857,0.17916939175931978,444085764829.1293,101.630702861769,0.076234375,21226720.85884293,27680892403.043102,16.043043640468348,16.043043640468348,2.7752753375839228,51.0,1,1
2023-02-27,23235.25,0.0130913451057335,0.17536932032149433,449917496903.218,102.361485508764,0.076234375,21379353.073512822,27702271756.11662,16.241176928165718,16.241176928165718,2.7875498030538046,50.0,1,1
2023-02-28,23384.0,0.0064019108897042,0.21416353061922688,452815987642.6626,100.871937464448,0.076234375,21068244.130524047,27723340000.247143,16.33338506971476,16.33338506971476,2.793211176971057,53.0,1,1
2023-03-01,23147.0,-0.010135135135135,0.21633473020261795,448244602859.0878,104.964687182021,0.076234375,21923061.16271748,27745263061.40986,16.155716450298833,16.155716450298833,2.782273946810509,50.0,1,1
2023-03-02,23557.0,0.0177128785587765,0.2052680731841916,456202581077.204,103.416147192862,0.076234375,21599631.085358463,27766862692.495216,16.429748874744345,16.429748874744345,2.799093647376332,51.0,1,1
2023-03-03,23424.25,-0.0056352676486819,0.21528971044964096,453649921819.7815,107.65745573878,0.076234375,22485476.307770018,27789348168.802982,16.324597434388913,16.324597434388913,2.792673015402942,50.0,1,1
2023-03-04,22244.0,-0.0503858181158415,0.26649883114547745,430809640346.571,112.046570539383,0.076234375,23402192.53688568,27812750361.33987,15.489645387440817,15.489645387440817,2.7401717611674266,50.0,1,1
2023-03-05,22216.75,-0.0012250494515374,0.24194582916043084,430299088916.1716,110.316637047561,0.076234375,23040876.376500435,27835791237.71637,15.458482399204582,15.458482399204582,2.7381578752882243,47.0,1,1
2023-03-06,22435.75,0.009857427391495,0.2596191346400276,434558104039.7021,108.943214307037,0.076234375,22754021.515583623,27858545259.23196,15.598736401919451,15.598736401919451,2.747189911097866,48.0,1,1
2023-03-07,22412.0,-0.0010585783849437,0.25620203462430835,434115436695.3027,111.224634591118,0.076234375,23230521.925088387,27881775781.15704,15.56986327207627,15.56986327207627,2.7453372043093576,49.0,1,1
2023-03-08,22054.0,-0.015973585579154,0.26947492518364013,427198117902.0197,107.193100455404,0.076234375,22388490.45898613,27904164271.616024,15.309475451180722,15.309475451180722,2.7284719472394494,50.0,1,1
2023-03-09,22007.47,-0.0021098213476012,0.26725152868548707,426313823403.6863,106.03880806122,0.076234375,22147403.44737553,27926311675.0634,15.26566874867189,15.26566874867189,2.725606434508074,44.0,1,1
2023-03-10,20222.0,-0.0811301798889195,0.3818984274552468,391742535402.66736,102.49348111965,0.076234375,21406921.848577578,27947718596.91198,14.016977237131336,14.016977237131336,2.640269254732348,34.0,1,1
2023-03-11,20099.0,-0.0060824844229057,0.3955420667694911,389375294278.2614,103.680723591858,0.076234375,21654890.856364515,27969373487.768345,13.921487889192235,13.921487889192235,2.6334335377854914,33.0,1,1
2023-03-12,20527.0,0.0212945917707347,0.4198372874750329,397682732071.1536,104.151453147475,0.076234375,21753208.04394393,27991126695.81229,14.207457112851776,14.207457112851776,2.653766975557223,33.0,1,1
2023-03-13,21027.0,0.0243581624202269,0.4359632852998525,407385780874.9696,106.803836092272,0.076234375,22307188.19752547,28013433884.00981,14.542514943428875,14.542514943428875,2.677076424371712,49.0,1,1
2023-03-14,24234.0,0.1525181908974175,0.23665098621771063,469538217619.5048,104.995361210672,0.076234375,21929467.780259788,28035363351.79008,16.748069633615952,16.748069633615952,2.818283005875501,56.0,1,1
2023-03-15,24641.0,0.0167945861186762,0.22924759547096296,477442917044.6521,106.526863325211,0.076234375,22249339.304953106,28057612691.095028,17.01651962699534,17.01651962699534,2.834184614984292,50.0,1,1
2023-03-16,24375.25,-0.0107848707438821,0.24995641070347996,472312542465.2408,106.530390291206,0.076234375,22250075.951660704,28079862767.046688,16.820329443330696,16.820329443330696,2.8225882407579075,52.0,1,1
2023-03-17,24752.0,0.0154562517307514,0.22466871363930196,479631790887.76575,107.838580930077,0.076234375,22523306.35093517,28102386073.397625,17.067297760235256,17.067297760235256,2.8371642208324626,51.0,1,1
2023-03-18,26826.0,0.0837912087912087,0.13577313054499363,519841373121.4332,107.59564192542,0.076234375,22472565.79426901,28124858639.19189,18.483341722366426,18.483341722366426,2.916869878998303,64.0,1,1
2023-03-19,27405.0,0.0215835383583091,0.0749863163656268,531082479827.3097,106.32756686888,0.076234375,22207713.987725407,28147066353.17962,18.868129032115498,18.868129032115498,2.937474204073398,63.0,1,1
2023-03-20,27980.0,0.0209815727057105,0.08720514653323796,542246948272.6596,106.081516946493,0.076234375,22156323.680733703,28169222676.86035,19.249624119663377,19.249624119663377,2.9574915342919,66.0,1,1
2023-03-21,28103.0,0.0043959971408149,0.04070739778671317,544652271444.6693,106.28404003407,0.076234375,22198622.91636248,28191421299.776714,19.31978759258169,19.31978759258169,2.961129834551145,68.0,1,1
2023-03-22,28153.0,0.001779169483685,0.0017760096614924947,545642935453.9912,107.841561783162,0.076234375,22523928.9357897,28213945228.712505,19.33947666768369,19.33947666768369,2.962148430077009,62.0,1,1
2023-03-23,27400.0,-0.0267467055020779,-0.005145985401459829,531069831193.3112,113.356056708346,0.076234375,23675693.52226113,28237620922.234768,18.807173332904192,18.807173332904192,2.93423835732116,57.0,1,1
2023-03-24,28333.0,0.034051094890511,-0.024529700349415928,549175093385.5389,116.525853444275,0.076234375,24337741.393605206,28261958663.62837,19.43160061628347,19.43160061628347,2.9669006386008165,61.0,1,1
2023-03-25,27629.03,-0.0248462923093213,-0.006062102071625275,535551330915.9584,116.621705377425,0.076234375,24357761.15310173,28286316424.781475,18.93322986540464,18.93322986540464,2.9409185721886746,64.0,1,1
2023-03-26,27380.75,-0.008986200384161,0.0026295846534518663,530759761269.6467,118.035548078268,0.076234375,24653058.179532085,28310969482.961006,18.74749508628043,18.74749508628043,2.931060148093383,64.0,1,1
2023-03-27,27860.75,0.0175305643563452,0.004244322209560059,540085639386.24506,119.295320825449,0.076234375,24916175.954938594,28335885658.915943,19.060129119920628,19.060129119920628,2.947598672595588,64.0,1,1
2023-03-28,27044.25,-0.0293064615992031,0.05064847425977792,524278364475.0274,119.617909767062,0.076234375,24983552.30109141,28360869211.21704,18.48597659579734,18.48597659579734,2.9170124227916565,59.0,1,1
2023-03-29,27310.0,0.009826488070477,0.08502380080556571,529451097423.2249,119.978784231111,0.076234375,25058925.01128384,28385928136.22832,18.65188606419032,18.65188606419032,2.925947270423789,57.0,1,1
2023-03-30,28392.0,0.0396191871109483,0.035643843336151004,550449255800.8423,118.628441438609,0.076234375,24776890.658346463,28410705026.886665,19.37471299215985,19.37471299215985,2.963968761821814,60.0,1,1
2023-03-31,28154.5,-0.0083650324034939,0.04025999396188884,545866274169.0316,116.629787068987,0.076234375,24359449.105718646,28435064475.992386,19.196941671431915,19.196941671431915,2.9547509783998094,63.0,1,1
2023-04-01,28392.5,0.0084533555914685,0.04224707229021751,550502391930.3182,116.04945916033,0.076234375,24238241.063495293,28459302717.05588,19.343495425852364,19.343495425852364,2.96235620926075,61.0,1,1
2023-04-02,28467.25,0.0026327375187109,-0.028076122561891292,551973483112.3062,116.61899321362,0.076234375,24357194.687039893,28483659911.74292,19.378601093490264,19.378601093490264,2.964169420858864,63.0,1,1
2023-04-03,28172.0,-0.0103715673273674,0.018564532159591085,546270179914.3647,114.658769055966,0.076234375,23947779.71849564,28507607691.46141,19.16225962650606,19.16225962650606,2.95294270016654,63.0,1,1
2023-04-04,27592.0,-0.0205878176913246,0.03395911858509715,535044742787.1519,117.873266196194,0.076234375,24619163.77445336,28532226855.235867,18.75229527305428,18.75229527305428,2.931316159487264,62.0,1,1
2023-04-05,28260.5,0.0242280371122063,0.021991826046956042,548029400751.9572,116.732469348347,0.076234375,24380895.4602134,28556607750.69608,19.19098394096192,19.19098394096192,2.954440582335277,62.0,1,1
2023-04-06,28154.0,-0.0037685108189876,0.04873197414221786,545985628604.52594,117.200268763932,0.076234375,24478600.654932544,28581086351.351013,19.10303974777773,19.10303974777773,2.9498474714880203,63.0,1,1
2023-04-07,27997.0,-0.0055764722597144,0.030503268207307865,542962307536.2341,117.448994497399,0.076234375,24530549.83530864,28605616901.18632,18.98096829765334,18.98096829765334,2.943436808616686,64.0,1,1
2023-04-08,27889.0,-0.0038575561667321,0.03655742407400764,540889060119.59534,118.397776301029,0.076234375,24728713.63753084,28630345614.823853,18.89215964754337,18.89215964754337,2.9387470025350786,61.0,1,1
2023-04-09,27944.75,0.0019989960199362,-0.013911378702618604,541991587769.0414,118.040831097454,0.076234375,24654161.59779444,28654999776.421646,18.91438115504755,18.91438115504755,2.939922540396592,61.0,1,1
2023-04-10,28049.0,0.0037305755106058,-0.013904239010303354,544034890175.9351,117.241383553879,0.076234375,24487187.94346642,28679486964.365112,18.96947776129713,18.96947776129713,2.942831253852482,62.0,1,1
2023-04-11,29145.0,0.0390744768084423,-0.04357522731171726,565314954908.044,116.472282571841,0.076234375,24326552.511473123,28703813516.876587,19.694768243099944,19.694768243099944,2.980353029057363,68.0,1,1
2023-04-12,30194.0,0.0359924515354264,-0.1055259323044313,585684999680.278,119.512518246966,0.076234375,24961540.09105082,28728775056.96764,20.38670282735326,20.38670282735326,3.0148828661331635,65.0,1,1
2023-04-13,29969.0,-0.0074518116182022,-0.1060095431946344,581343377034.3641,117.908178474984,0.076234375,24626455.598435227,28753401512.56607,20.21824711000889,20.21824711000889,3.0065855189347928,61.0,1,1
2023-04-14,30289.89,0.0107073976442324,-0.11323547229785247,587591076487.1039,117.898094501534,0.076234375,24624349.44661748,28778025862.012688,20.41804671746892,20.41804671746892,3.016419152797342,68.0,1,1
2023-04-15,30468.0,0.0058801798223764,-0.1160890114218196,591069366824.9915,119.424026197123,0.076234375,24943057.52635972,28802968919.539047,20.521126432352887,20.521126432352887,3.0214549131601043,68.0,1,1
2023-04-16,30313.0,-0.0050873047131416,-0.0976917494144427,588085437299.2849,117.224290449792,0.076234375,24483617.85550236,28827452537.39455,20.40018751349704,20.40018751349704,3.0155440926460164,68.0,1,1
2023-04-17,30468.25,0.0051215650051132,-0.11527573785826228,591120482465.4541,121.180653420337,0.076234375,25309948.97422192,28852762486.36877,20.487483052783027,20.487483052783027,3.0198141168717063,69.0,1,1
2023-04-18,29460.0,-0.033091825096617,-0.07213170400543112,571581578280.4672,122.835224490321,0.076234375,25655524.841107707,28878418011.20988,19.792690100219254,19.792690100219254,2.9853126826766303,58.0,1,1
2023-04-19,30420.0,0.0325865580448065,-0.1215318869165023,590230523394.0671,120.36676573788,0.076234375,25139959.33369505,28903557970.54357,20.420687446008817,20.420687446008817,3.0165484774983966,63.0,1,1
2023-04-20,29247.0,-0.038560157790927,-0.08107976886518276,567493310051.5774,119.452572304223,0.076234375,24949019.703437667,28928506990.24701,19.617096390176748,19.617096390176748,2.9764014508395378,52.0,1,1
2023-04-21,28203.0,-0.0356959688173146,-0.03673368081409778,547257453844.1794,120.333806723276,0.076234375,25133075.471012995,28953640065.71802,18.901162430769755,18.901162430769755,2.9392234244478184,50.0,1,1
2023-04-22,27259.0,-0.0334716164946991,-0.01386697971312223,528960504519.3218,119.577496884731,0.076234375,24975111.61389565,28978615177.33192,18.25347765179245,18.25347765179245,2.9043556181375623,53.0,1,1
2023-04-23,27638.0,0.0139036648446384,-0.02684709457992618,536335913455.9367,122.578601123017,0.076234375,25601926.15065068,29004217103.482567,18.49165283594358,18.49165283594358,2.917319432206704,56.0,1,1
2023-04-24,27461.54,-0.0063846877487516,-0.008904817428301626,532932352058.3917,121.218370719777,0.076234375,25317826.65846712,29029534930.14104,18.35828074204021,18.35828074204021,2.910080739306628,53.0,1,1
2023-04-25,27452.75,-0.0003200840156816,-0.03834770651391939,532782528363.36536,116.450538127461,0.076234375,24322010.93852236,29053856941.07956,18.337755618602863,18.337755618602863,2.9089620830367218,53.0,1,1
2023-04-26,27979.0,0.0191692999790549,-0.053227420565424066,543016743809.1296,115.446229960197,0.076234375,24112249.82773121,29077969190.907288,18.6745071584618,18.6745071584618,2.9271593402268343,56.0,1,1
2023-04-27,28414.0,0.0155473748168268,-0.05831632293939604,551480694587.0851,114.86315704796,0.076234375,23990468.46048788,29101959659.36777,18.949950485879608,18.949950485879608,2.9418013186426792,59.0,1,1
2023-04-28,29632.0,0.0428661927218976,-0.08473947084233258,575142947793.2954,114.706683163217,0.076234375,23957787.12129005,29125917446.489063,19.74677531960886,19.74677531960886,2.9829902030598108,64.0,1,1
2023-04-29,29404.0,-0.007694384449244,-0.06152224187185418,570739769607.4061,112.903145182175,0.076234375,23581097.831499644,29149498544.320564,19.57974572837405,19.57974572837405,2.974495650724581,64.0,1,1
2023-04-30,29288.0,-0.0039450414909536,-0.054566033870527164,568510272262.1646,112.624410554799,0.076234375,23522880.95448905,29173021425.27505,19.48753486910396,19.48753486910396,2.9697750236884626,60.0,1,1
2023-05-01,29592.0,0.010379677683693,-0.06156123276561232,574433539116.8796,117.05756382926,0.076234375,24448795.116565045,29197470220.39162,19.674085966382567,19.674085966382567,2.979302336623693,63.0,1,1
2023-05-02,27668.0,-0.0650175723168423,-0.01994072574815675,537106117747.0358,117.404752228328,0.076234375,24521309.337414905,29221991529.729034,18.38020236234105,18.38020236234105,2.911274126787556,55.0,1,1
2023-05-03,28695.0,0.0371186930750324,-0.0635650810245687,557064411447.1329,118.718915779217,0.076234375,24795787.246866427,29246787316.975903,19.04702917998081,19.04702917998081,2.946911140854032,64.0,1,1
2023-05-04,28529.0,-0.0057849799616658,-0.05110589224999129,553863286306.1824,120.909793582419,0.076234375,25253376.835985545,29272040693.81189,18.921239284259027,18.921239284259027,2.9402850627608066,64.0,1,1
2023-05-05,28882.0,0.0123733744610747,-0.058202340558133114,560738180940.9113,117.76560911575,0.076234375,24596678.376530144,29296637372.18842,19.1400184880339,19.1400184880339,2.951781351961327,61.0,1,1
2023-05-06,29526.0,0.0222976248182258,-0.0787441576915261,573263521447.5767,119.411773299286,0.076234375,24940498.37017193,29321577870.55859,19.55090970814306,19.55090970814306,2.973021817734612,60.0,1,1
2023-05-07,28851.0,-0.0228612070717333,-0.11119198641294925,560179718236.1635,118.587136760364,0.076234375,24768263.70949554,29346346134.268085,19.08856781260529,19.08856781260529,2.949089612011054,64.0,1,1
2023-05-08,28908.55,0.0019947315517658,-0.06764607702565506,561318852210.5197,113.531003364974,0.076234375,23712233.10863476,29370058367.37672,19.111942005332,19.111942005332,2.950313375555321,60.0,1,1
2023-05-09,27556.0,-0.0467871961755258,-0.04329655973290758,535077016453.3488,116.334625005794,0.076234375,24297801.17308514,29394356168.549805,18.20339297058151,18.20339297058151,2.9016080036624325,51.0,1,1
2023-05-10,27659.0,0.003737842938017,-0.03631512346794885,537097817310.7335,119.944416494338,0.076234375,25051746.921056297,29419407915.47086,18.25658146669528,18.25658146669528,2.90452564332981,52.0,1,1
2023-05-11,27875.0,0.0078093929643154,-0.07554260089686093,541313144482.432,120.553630780065,0.076234375,25178988.20958635,29444586903.680447,18.38413105448493,18.38413105448493,2.911487849806237,52.0,1,1
2023-05-12,27007.75,-0.0311121076233183,-0.0379124510557155,524492010469.0025,123.319296240674,0.076234375,25756628.69684283,29470343532.37729,17.79728186380911,17.79728186380911,2.879045741357167,49.0,1,1
2023-05-13,26792.0,-0.0079884477603651,-0.030164974619289353,520322220865.0268,122.940068999546,0.076234375,25677422.801745925,29496020955.179035,17.640420775930675,17.640420775930675,2.870192903804964,48.0,1,1
2023-05-14,26860.0,0.0025380710659899,-0.035927029039463876,521662964487.9084,127.201838985991,0.076234375,26567541.627253853,29522588496.80629,17.66996022534884,17.66996022534884,2.8718660353584347,48.0,1,1
2023-05-15,26931.0,0.0026433358153388,-0.040251011845085616,523062067364.60345,128.48311054128,0.076234375,26835149.671699703,29549423646.47799,17.7012612368481,17.7012612368481,2.8736358933602744,50.0,1,1
2023-05-16,27351.67,0.0156202888864134,-0.08883077340432954,531252925819.1669,128.820196576399,0.076234375,26905553.89966827,29576329200.37766,17.962098075794454,17.962098075794454,2.88826387541615,54.0,1,1
2023-05-17,26956.0,-0.014466027120099,-0.05249295147648014,523587978633.1201,127.628520387896,0.076234375,26656658.86012605,29602985859.237785,17.68699891027146,17.68699891027146,2.872829844840819,50.0,1,1
2023-05-18,27335.0,0.0140599495474105,-0.027108103164441233,530970045153.6423,126.869996637569,0.076234375,26498232.602512803,29629484091.840298,17.920327046796835,17.920327046796835,2.885935657759536,51.0,1,1
2023-05-19,26723.0,-0.0223888787269068,-0.0055383003405306,519102199915.032,128.416233531368,0.076234375,26821181.65237776,29656305273.49268,17.503940397424174,17.503940397424174,2.8624260211506023,48.0,1,1
2023-05-20,26875.66,0.0057126819593609,-0.009698738561211173,522087748994.5662,127.161609868977,0.076234375,26559139.321521346,29682864412.8142,17.58886008215498,17.58886008215498,2.867265751769209,48.0,1,1
2023-05-21,27167.0,0.0108402919221333,-0.01652740457172308,527767623984.8192,124.897640401353,0.076234375,26086283.712251764,29708950696.52645,17.764599947534514,17.764599947534514,2.877207710082617,52.0,1,1
2023-05-22,26881.0,-0.0105274781904516,0.04772887913396073,522231630070.9904,124.994916873127,0.076234375,26106601.00273915,29735057297.52919,17.562825752966848,17.562825752966848,2.865784495133584,49.0,1,1
2023-05-23,26896.0,0.0005580149548007,0.11525877453896483,522543113037.52057,125.512081767377,0.076234375,26214616.735575013,29761271914.264767,17.557821941980322,17.557821941980322,2.865499545319228,50.0,1,1
2023-05-24,27217.0,0.0119348602022606,0.10809420582724028,528799891842.1527,123.380134067578,0.076234375,25769335.36454251,29787041249.62931,17.752682698847554,17.752682698847554,2.876536642464476,50.0,1,1
2023-05-25,26400.0,-0.0300180034537237,0.1563257575757575,512946055959.8901,124.113753203012,0.076234375,25922560.011879086,29812963809.64119,17.205470051052387,17.205470051052387,2.845227359483763,51.0,1,1
2023-05-26,26489.75,0.0033996212121212,0.15010522938117576,514709616886.75,123.88851918018,0.076234375,25875517.340757627,29838839326.98195,17.249652751114912,17.249652751114912,2.8477920129046,49.0,1,1
2023-05-27,26757.0,0.0100888079351446,0.13858055835856042,519922351666.159,125.039835258767,0.076234375,26115982.71521936,29864955309.697166,17.409111993458765,17.409111993458765,2.8569937469341107,48.0,1,1
2023-05-28,27121.0,0.01360391673207,0.11201651856494976,527015521875.20526,125.521463703212,0.076234375,26216576.25890288,29891171885.95607,17.63114286338221,17.63114286338221,2.8696668192311514,50.0,1,1
2023-05-29,27595.0,0.0174772316654989,0.11099836926979534,536246827186.0733,127.096280559965,0.076234375,26545494.55702351,29917717380.51309,17.92405551418698,17.92405551418698,2.8861436941176595,52.0,1,1
2023-05-30,27689.87,0.003437941656097,0.08732904849318546,538111006248.7077,126.58856406385,0.076234375,26439452.228917982,29944156832.74201,17.97048450067954,17.97048450067954,2.888730662072496,51.0,1,1
2023-05-31,27770.28,0.0029039500727161,0.0948294363614628,539694297504.136,126.492798122136,0.076234375,26419450.42970469,29970576283.171715,18.007471474853517,18.007471474853517,2.890786753709796,51.0,1,1
2023-06-01,27116.28,-0.0235503567122837,0.12183529599192822,527004452308.444,124.49062473629,0.076234375,26001273.890768785,29996577557.062485,17.568819353005306,17.568819353005306,2.866125703185671,52.0,1,1
2023-06-02,26871.0,-0.0090454885404634,0.13490379963529464,522257395877.03326,126.205064411662,0.076234375,26359353.992487103,30022936911.054974,17.39528006284851,17.39528006284851,2.856198908666797,50.0,1,1
2023-06-03,27071.0,0.0074429682557404,0.1276273503010601,526164636392.07,124.754372775875,0.076234375,26056360.64955026,30048993271.704525,17.510225105861704,17.510225105861704,2.8627850020610244,53.0,1,1
2023-06-04,27201.0,0.004802186842008,0.14422263887357079,528711559501.3327,123.704203668428,0.076234375,25837020.96311045,30074830292.66764,17.579868426730066,17.579868426730066,2.8667544079702107,52.0,1,1
2023-06-05,27201.0,0.0,0.13245836550126833,528731732139.6159,121.207486659873,0.076234375,25315553.399551384,30100145846.06719,17.565753164239194,17.565753164239194,2.8659511634913346,53.0,1,1
2023-06-06,25643.0,-0.0572773059813978,0.18827750263229737,498466411115.1713,121.230939961958,0.076234375,25320451.88674628,30125466297.953934,16.546346741495128,16.546346741495128,2.8061653367611004,44.0,1,1
2023-06-07,26953.0,0.0510860663728893,0.12477275256928722,523951069029.5185,120.721959817971,0.076234375,25214145.63150173,30150680443.58544,17.377752718048168,17.377752718048168,2.8551908087179,53.0,1,1
2023-06-08,26362.92,-0.0218929247208103,0.14395522195568633,512499771003.9889,123.383165242225,0.076234375,25769968.459623963,30176450412.04506,16.983434565896538,16.983434565896538,2.832238431683342,50.0,1,1
2023-06-09,26654.56,0.0110625074915828,0.13549051269276235,518189033455.6093,123.987984484119,0.076234375,25896291.79357948,30202346703.83864,17.157244055798778,17.157244055798778,2.842420478352876,50.0,1,1
2023-06-10,25769.25,-0.033214204248729,0.17450061604431633,500996862589.89417,126.562813393119,0.076234375,26434073.91031796,30228780777.748955,16.573505437528993,16.573505437528993,2.8078053623248875,49.0,1,1
2023-06-11,25983.82,0.0083265908010516,0.18435241623441057,505187673616.3113,128.029780996221,0.076234375,26740466.672969274,30255521244.421925,16.697371350343218,16.697371350343218,2.815251302862308,47.0,1,1
2023-06-12,25983.82,0.0,0.1765783476024696,505206879656.8759,129.993396071321,0.076234375,27150589.87294414,30282671834.29487,16.683035183333242,16.683035183333242,2.8143923458045528,47.0,1,1
2023-06-13,25895.0,-0.0034182810687574,0.17197296775439286,503499071850.28455,129.196159441677,0.076234375,26984077.992976967,30309655912.28785,16.611837274146055,16.611837274146055,2.8101155300394587,45.0,1,1
2023-06-14,25847.0,-0.0018536396987834,0.21464773474677923,502584852763.9647,127.454393804559,0.076234375,26620290.5553272,30336276202.84317,16.567124105919813,16.567124105919813,2.807420256080621,46.0,1,1
2023-06-15,24922.0,-0.0357875188609896,0.2162631409999196,484616982846.0457,126.722741682893,0.076234375,26467476.74104601,30362743679.58422,15.960908801924251,15.960908801924251,2.7701425328769584,41.0,1,1
2023-06-16,25541.0,0.0248374929780916,0.18593633765318507,496672496673.28827,124.78125193811,0.076234375,26061974.66635439,30388805654.250576,16.343929482592785,16.343929482592785,2.793856542931416,47.0,1,1
2023-06-17,26594.0,0.041227829763909,0.13897871700383546,517168836275.4737,123.410510237186,0.076234375,25775679.77085747,30414581334.021435,17.003976829264257,17.003976829264257,2.8334472478317867,47.0,1,1
2023-06-18,26575.0,-0.0007144468677144,0.12643461900282227,516818933771.2125,122.300446035968,0.076234375,25543830.31718697,30440125164.338623,16.978213163744773,16.978213163744773,2.831930943528794,49.0,1,1
2023-06-19,26615.0,0.0015051740357479,0.11903062182979518,517616443535.5012,120.815055705854,0.076234375,25233589.75979716,30465358754.09842,16.990328185971805,16.990328185971805,2.832644251917046,47.0,1,1
2023-06-20,26718.0,0.0038699981213601,0.1214162736731792,519639292063.3048,119.792440380192,0.076234375,25020004.992078625,30490378759.090496,17.042729976202015,17.042729976202015,2.835723718439949,49.0,1,1
2023-06-21,28164.0,0.054120817426454,0.0557449225962221,547783324104.5872,119.835913323299,0.076234375,25029084.807550333,30515407843.898045,17.951040566351914,17.951040566351914,2.887648083524378,59.0,1,1
2023-06-22,29996.0,0.0650475784689674,-0.0010668089078543774,583437369532.0463,118.505747193742,0.076234375,24751264.578692943,30540159108.47673,19.10394007639951,19.10394007639951,2.949894600500892,65.0,1,1
2023-06-23,30159.0,0.0054340578743832,-0.009350442653934143,586629978015.962,115.181928639188,0.076234375,24057047.5098715,30564216155.98661,19.19335915640876,19.19335915640876,2.95456434193402,65.0,1,1
2023-06-24,30527.0,0.0122019960874033,-0.009073934549742813,593810470704.424,115.979958993595,0.076234375,24223725.1682256,30588439881.154835,19.41290477747652,19.41290477747652,2.9659380396406263,62.0,1,1
2023-06-25,30466.0,-0.0019982310741311,-0.04341495437536924,592646280703.7686,116.297768128495,0.076234375,24290103.19772804,30612729984.35256,19.359471729790016,19.359471729790016,2.9631817947917427,64.0,1,1
2023-06-26,30465.0,-3.2823475349608167e-05,-0.040603971770884595,592649197172.4067,116.853949968981,0.076234375,24406268.06073024,30637136252.41329,19.34414471018725,19.34414471018725,2.9623897747267574,55.0,1,1
2023-06-27,30159.0,-0.0100443131462333,-0.019231406876885848,586718577037.7686,117.407154340485,0.076234375,24521811.04568605,30661658063.458977,19.135252758460258,19.135252758460258,2.951532328012283,59.0,1,1
2023-06-28,30658.0,0.0165456414337346,-0.049546610998760565,596448701767.2351,116.079753091077,0.076234375,24244568.29329472,30685902631.75227,19.437222001417,19.437222001417,2.967189887659272,62.0,1,1
2023-06-29,30108.0,-0.0179398525670297,-0.025474956822107098,585770575585.3146,116.971128634945,0.076234375,24430742.14939626,30710333373.901665,19.074054600889344,19.074054600889344,2.948329013734638,54.0,1,1
2023-06-30,30403.72,0.0098219742261194,-0.03446025683699239,591546280919.851,120.686440273492,0.076234375,25206726.97321778,30735540100.87488,19.2463278334586,19.2463278334586,2.9573202806381733,56.0,1,1
2023-07-01,30420.0,0.0005354607922978,-0.03483990795529268,591885313950.4878,118.369714157911,0.076234375,24722852.54179999,30760262953.416683,19.24188082679392,19.24188082679392,2.9570891965301174,59.0,1,1
2023-07-02,30496.0,0.0024983563445102,-0.04230062959076597,593386382640.75,119.606099012251,0.076234375,24981085.491471425,30785244038.90816,19.27502610961259,19.27502610961259,2.9588102740327864,63.0,1,1
2023-07-03,30526.0,0.0009837355718782,-0.04299187577802521,593992457553.0724,117.830903025134,0.076234375,24610315.747415613,30809854354.65557,19.27930105464183,19.27930105464183,2.959032036172665,62.0,1,1
2023-07-04,31124.0,0.0195898578261155,-0.06448399948592731,605651451787.3213,117.249988202265,0.076234375,24488985.12152615,30834343339.777096,19.642106371891348,19.642106371891348,2.9776755462535194,64.0,1,1
2023-07-05,30804.0,-0.0102814548258578,-0.049506557589923395,599446995421.7987,122.110135916746,0.076234375,25504081.89802242,30859847421.67512,19.424820454580843,19.424820454580843,2.966551653203573,61.0,1,1
2023-07-06,30471.0,-0.0108102843786521,-0.04624068786715241,592989070569.8683,120.837247281545,0.076234375,25238224.72117543,30885085646.396294,19.19985190777863,19.19985190777863,2.95490256586746,56.0,1,1
2023-07-07,30316.0,-0.00508680384628,-0.04232517482517484,589994795339.0481,122.321279136109,0.076234375,25548181.545594,30910633827.941887,19.087114118175023,19.087114118175023,2.949013453872813,55.0,1,1
2023-07-08,30158.0,-0.0052117693627127,-0.03675608462099611,586941896532.5493,127.636832396895,0.076234375,26658394.91714258,30937292222.859028,18.971986698269223,18.971986698269223,2.9429635068907603,58.0,1,1
2023-07-09,30266.0,0.003581139332847,-0.03657569549990092,589065903599.8809,127.501373705976,0.076234375,26630102.838675376,30963922325.697704,19.02426628654216,19.02426628654216,2.945715337250703,55.0,1,1
2023-07-10,30266.0,0.0,-0.009405603647657412,589087979474.4766,129.657437040861,0.076234375,27080421.032635305,30991002746.73034,19.00835491799721,19.00835491799721,2.944878615038596,56.0,1,1
2023-07-11,30774.0,0.0167845106720412,-0.04198349255865341,598997968708.2572,129.113602707563,0.076234375,26966835.08605307,31017969581.81639,19.31132104338018,19.31132104338018,2.960691506497097,57.0,1,1
2023-07-12,30572.0,-0.0065639825826996,-0.03784508700771949,595088434385.3074,128.699668125155,0.076234375,26880380.17048935,31044849961.98688,19.16866839794582,19.16866839794582,2.9532770918356057,64.0,1,1
2023-07-13,30348.24,-0.0073191155305507,-0.03181766059580393,590755017744.7756,127.388084413202,0.076234375,26606441.08955533,31071456403.076435,19.012788138449924,19.012788138449924,2.9451118126816134,57.0,1,1
2023-07-14,31395.0,0.0344916212604091,-0.06351329829590702,611153972000.1007,124.115704365995,0.076234375,25922967.5343189,31097379370.610752,19.652909163711875,19.652909163711875,2.9782253764009536,60.0,1,1
2023-07-15,30311.71,-0.0345051759834368,-0.02995410024706624,590088053449.198,120.41031804304,0.076234375,25149055.72482843,31122528426.33558,18.960157907667657,18.960157907667657,2.9423398252556785,56.0,1,1
2023-07-16,30290.0,-0.0007162248517157,-0.03050511720039617,589687448269.4738,119.849660293789,0.076234375,25031956.017696764,31147560382.353275,18.93205891667723,18.93205891667723,2.940856724054648,57.0,1,1
2023-07-17,30290.0,0.0,-0.03694288544073954,589709468363.8456,118.515553567491,0.076234375,24753312.75067588,31172313695.10395,18.917731745284847,18.917731745284847,2.940099669823906,54.0,1,1
2023-07-18,29935.0,-0.0117200396170352,-0.03325538667112071,582819801723.0193,122.622416544165,0.076234375,25611077.49653172,31197924772.600483,18.681364416740937,18.681364416740937,2.9275264717147107,56.0,1,1
2023-07-19,29783.0,-0.005077668281276,-0.07185307054359868,579882067075.4368,123.12603242497,0.076234375,25716263.364787184,31223641035.96527,18.57189129248231,18.57189129248231,2.9216492168389245,50.0,1,1
2023-07-20,29962.0,0.006010140012759,-0.13880915826713836,583388990141.3911,124.039977927024,0.076234375,25907151.21172732,31249548187.177,18.66871759703649,18.66871759703649,2.9268492673014457,56.0,1,1
2023-07-21,29734.0,-0.0076096388759094,-0.12152182686486857,578971185496.453,120.749459849668,0.076234375,25219889.32390968,31274768076.500908,18.512405402343425,18.512405402343425,2.9184410696466774,50.0,1,1
2023-07-22,29964.0,0.0077352525728122,-0.12827059137631824,583471405312.6726,120.256100368573,0.076234375,25116845.62064502,31299884922.12155,18.641327492558847,18.641327492558847,2.925381024133561,52.0,1,1
2023-07-23,29877.0,-0.0029034841810172,-0.1262174917160358,581798963401.7201,119.269382787083,0.076234375,24910758.50249049,31324795680.624043,18.57311279324934,18.57311279324934,2.9217149861555547,54.0,1,1
2023-07-24,30250.0,0.0124845198647789,-0.14519272727272736,589084362186.8048,120.996138209516,0.076234375,25271410.88716732,31350067091.51121,18.790529553485825,18.790529553485825,2.9333529957576694,55.0,1,1
2023-07-25,29143.32,-0.0365844628099173,-0.08742380758266388,567554133434.2898,117.73328403445,0.076234375,24589926.91798294,31374657018.429195,18.08957252029603,18.08957252029603,2.8953356684091456,50.0,1,1
2023-07-26,29228.0,0.0029056401261078,-0.10999726289859035,569224398967.9968,116.692858937568,0.076234375,24372622.378270306,31399029640.807465,18.12872580712525,18.12872580712525,2.89749774138824,51.0,1,1
2023-07-27,29579.0,0.0120090324346517,-0.11963724263835829,576081634627.6603,117.132695352533,0.076234375,24464487.18428975,31423494127.99176,18.332831870358177,18.332831870358177,2.9086935436643566,51.0,1,1
2023-07-28,29139.0,-0.0148754183711417,-0.10798242904698174,567533252327.0295,119.781144394961,0.076234375,25017645.697903022,31448511773.68965,18.04642637499423,18.04642637499423,2.8929476804124565,52.0,1,1
2023-07-29,29341.0,0.0069322900579977,-0.11052793020006135,571488766495.0425,118.775410131674,0.076234375,24807586.73084064,31473319360.42049,18.157880328749894,18.157880328749894,2.899104644375468,52.0,1,1
2023-07-30,29356.0,0.0005112300194267,-0.114577258482082,571802138526.474,120.399470892395,0.076234375,25146790.174828563,31498466150.59532,18.153332793815007,18.153332793815007,2.898854168857434,52.0,1,1
2023-07-31,29360.17,0.000142049325521,-0.06073432136121826,571904565399.2168,118.478604847816,0.076234375,24745595.59300061,31523211746.188324,18.14233175235925,18.14233175235925,2.8982479784525923,50.0,1,1
2023-08-01,29206.0,-0.0052509913941233,-0.06704101896870507,568922580868.3146,117.934103902538,0.076234375,24631870.416972723,31547843616.605297,18.033644003765144,18.033644003765144,2.8922391246014683,53.0,1,1
2023-08-02,29213.63,0.000261247688831,-0.1103296646120322,569092287498.7373,118.639285500862,0.076234375,24779155.56330076,31572622772.1686,18.024865770746,18.024865770746,2.8917522363053374,53.0,1,1
2023-08-03,29117.0,-0.0033077026032026,-0.11530171377545773,567230896693.9136,119.981926754001,0.076234375,25059581.36270423,31597682353.531303,17.951661465149225,17.951661465149225,2.887682671383355,52.0,1,1
2023-08-04,29279.0,0.0055637600027476,-0.11646572628846619,570407937309.2728,117.598672186765,0.076234375,24561811.712295648,31622244165.2436,18.038186484443607,18.038186484443607,2.8924909821113864,54.0,1,1
2023-08-05,29062.0,-0.007411455309266,-0.10780400523019751,566201322061.626,119.995918834161,0.076234375,25062503.76677532,31647306669.010376,17.89097972801776,17.89097972801776,2.884296660024363,50.0,1,1
2023-08-06,29032.87,-0.0010023398252013,-0.1104565273774174,565654702702.621,119.323528836962,0.076234375,24922067.516932257,31672228736.52731,17.859643140624843,17.859643140624843,2.8825435943206714,49.0,1,1
2023-08-07,29049.51,0.0005731434749647,-0.11496786004307813,565999812835.4293,119.731615680045,0.076234375,25007301.06605049,31697236037.59336,17.856440610914646,17.856440610914646,2.8823642616849288,49.0,1,1
2023-08-08,29159.0,0.00376908250776,-0.1192942144792345,568154090507.7859,118.102613786659,0.076234375,24667065.61066392,31721903103.204025,17.9104667415241,17.9104667415241,2.88538527611966,54.0,1,1
2023-08-09,29981.33,0.0282015844164753,-0.13292705827259832,584198495099.3856,119.045214400826,0.076234375,24863938.40161088,31746767041.60564,18.401826376013844,18.401826376013844,2.912449919255005,50.0,1,1
2023-08-10,29482.0,-0.016654698107122,-0.12173529611288247,574490035455.6909,116.47488527971,0.076234375,24327096.116425727,31771094137.72206,18.08216087760083,18.08216087760083,2.894925865388793,53.0,1,1
2023-08-11,29415.0,-0.002272573095448,-0.12150263471018186,573205596595.9546,120.229845867669,0.076234375,25111362.0714194,31796205499.79348,18.0274843361318,18.0274843361318,2.891897500920966,51.0,1,1
2023-08-12,29382.63,-0.0011004589495154,-0.12453378067245857,572595905834.1772,122.034734502536,0.076234375,25488333.46052539,31821693833.254005,17.993885204055623,17.993885204055623,2.890031989295552,54.0,1,1
2023-08-13,29401.0,0.0006251993099324,-0.1466766436515764,572974994038.6014,118.896619760211,0.076234375,24832902.73159544,31846526735.9856,17.991757744531597,17.991757744531597,2.889913749944956,54.0,1,1
2023-08-14,29403.75,9.353423352953528e-05,-0.11341240488032989,573049680413.8407,122.104794669328,0.076234375,25502966.31813576,31872029702.303734,17.979704642795944,17.979704642795944,2.889243601922785,50.0,1,1
2023-08-15,29366.0,-0.0012838498490839,-0.10723285432132401,572335027188.4427,127.481133819364,0.076234375,26625875.509618018,31898655577.81335,17.942293078537208,17.942293078537208,2.887160667778913,53.0,1,1
2023-08-16,29171.0,-0.0066403323571476,-0.08843543245003604,568555439160.3876,127.608535903652,0.076234375,26652484.874739643,31925308062.68809,17.808925697568213,17.808925697568213,2.879699775300776,52.0,1,1
2023-08-17,28939.5,-0.0079359637996641,-0.07804212235871388,564064134791.3673,130.782458550062,0.076234375,27315394.48911612,31952623457.177208,17.65313998543262,17.65313998543262,2.870913670413841,50.0,1,1
2023-08-18,27643.0,-0.0448003593704107,-0.0395554028144558,538813651705.0638,129.141359309956,0.076234375,26972632.36615048,31979596089.54336,16.84866970165531,16.84866970165531,2.82427170422504,37.0,1,1
2023-08-19,25803.0,-0.0665629634988966,0.027487113901484284,502967084895.382,125.727040474389,0.076234375,26259513.29086232,32005855602.83422,15.71484578124644,15.71484578124644,2.7546058567267644,39.0,1,1
2023-08-20,26120.67,0.0123113591442853,0.02525126652570564,509177978414.8337,128.655087176431,0.076234375,26871068.93552256,32032726671.769745,15.895555306054208,15.895555306054208,2.7660395296477223,37.0,1,1
2023-08-21,26120.5,-6.508255722348366e-06,0.0409065676384448,509193340665.42377,127.680764185624,0.076234375,26667570.567708023,32059394242.33745,15.882812283239774,15.882812283239774,2.765237536061258,38.0,1,1
2023-08-22,26106.0,-0.000555119542122,0.0374147705508312,508929334377.1761,124.763795172055,0.076234375,26058328.62347844,32085452570.96093,15.861684769807008,15.861684769807008,2.7639064381694265,37.0,1,1
2023-08-23,25857.92,-0.0095027962920402,0.02879195233027243,504111553409.4375,123.263619034017,0.076234375,25744999.883003805,32111197570.843933,15.698933442057504,15.698933442057504,2.7535927764197585,37.0,1,1
2023-08-24,26595.5,0.0285243360641538,-0.001458893421819485,518509989449.33246,122.209439783675,0.076234375,25524822.632900264,32136722393.47684,16.134501306660336,16.134501306660336,2.780959917475012,41.0,1,1
2023-08-25,26013.0,-0.0219022015002537,0.02256564025679464,507172043149.6994,122.445551635404,0.076234375,25574137.261521235,32162296530.73836,15.769148905924109,15.769148905924109,2.7580554303317544,39.0,1,1
2023-08-26,26040.25,0.0010475531465037,0.024567736484864877,507721907416.5792,122.808562274014,0.076234375,25649956.135912426,32187946486.874268,15.773665698854698,15.773665698854698,2.75834182157604,38.0,1,1
2023-08-27,25992.5,-0.0018336997532665,0.011214773492353558,506809429618.92926,117.885032860399,0.076234375,24621621.375252,32212568108.24952,15.733282360965726,15.733282360965726,2.755778364149025,38.0,1,1
2023-08-28,26098.0,0.0040588631335962,0.0020691240708099468,508885097855.2312,112.852513721172,0.076234375,23570522.878664304,32236138631.128185,15.78616793029412,15.78616793029412,2.759134109155266,39.0,1,1
2023-08-29,25992.47,-0.0040436048739366,0.009484669983268246,506845881726.49817,114.847976905593,0.076234375,23987297.916198127,32260125929.044384,15.711218326961816,15.711218326961816,2.7543750003084586,39.0,1,1
2023-08-30,27577.0,0.0609611168157546,-0.017279617072197828,537763406184.0991,112.160498533037,0.076234375,23425987.68590272,32283551916.73029,16.657504340636518,16.657504340636518,2.812860826036032,49.0,1,1
2023-08-31,27248.0,-0.0119302317148348,-0.011376981796829111,531367154157.1929,111.956983631945,0.076234375,23383481.298812483,32306935398.0291,16.447463914810356,16.447463914810356,2.8001712960136307,52.0,1,1
2023-09-01,25990.5,-0.0461501761597181,0.03831015178622965,506862952774.5104,113.302943677798,0.076234375,23664600.26558118,32330599998.29468,15.677499112334615,15.677499112334615,2.752226506814697,40.0,1,1
2023-09-02,25759.76,-0.0088778592177911,0.05091235322068233,502381408409.9431,114.523224729982,0.076234375,23919469.75417732,32354519468.04886,15.52739514200052,15.52739514200052,2.742605892377514,39.0,1,1
2023-09-03,25869.0,0.0042407227396528,0.07623023696316045,504530251180.7625,119.173408199306,0.076234375,24890713.12518895,32379410181.17405,15.581823398194732,15.581823398194732,2.746105068138544,40.0,1,1
2023-09-04,25929.0,0.0023193784065871,0.05651008523275092,505718864151.452,122.523644927141,0.076234375,25590447.928061686,32405000629.10211,15.606198251305653,15.606198251305653,2.747668159144936,40.0,1,1
2023-09-05,25826.0,-0.0039723861313587,0.07066522109502049,503728288088.0139,118.120976413877,0.076234375,24670900.85288124,32429671529.954994,15.532944501849938,15.532944501849938,2.7429632200804366,40.0,1,1
2023-09-06,25709.75,-0.00450127778208,0.06873851359892647,501479110485.2709,118.818968416303,0.076234375,24816684.37085369,32454488214.325848,15.45176455020823,15.45176455020823,2.737723207191712,42.0,1,1
2023-09-07,25680.5,-0.0011377006777584,0.08654426510387259,500926791307.1143,118.635082045064,0.076234375,24778277.62405253,32479266491.9499,15.422971187827493,15.422971187827493,2.7358580336095044,41.0,1,1
2023-09-08,25996.0,0.0122855863398299,0.07391944914602244,507099399616.855,116.102047514361,0.076234375,24249224.73555511,32503515716.68545,15.601370757457447,15.601370757457447,2.747358779463016,46.0,1,1
2023-09-09,25893.0,-0.0039621480227727,0.07779129494457959,505108543969.50806,115.514141016656,0.076234375,24126433.81936064,32527642150.50481,15.528593853571676,15.528593853571676,2.742683089183059,41.0,1,1
2023-09-10,25841.0,-0.0020082647819874,0.0676154173600092,504112453970.5568,113.761527899489,0.076234375,23760380.76291125,32551402531.267727,15.48665847765927,15.48665847765927,2.739978909896093,40.0,1,1
2023-09-11,25723.5,-0.0045470376533416,0.06532936808754641,501838445497.8064,114.443590597069,0.076234375,23902837.265543647,32575305368.53327,15.40548706513636,15.40548706513636,2.7347237488897003,40.0,1,1
2023-09-12,25088.56,-0.0246832662740295,0.06462865943681106,489469185451.66864,116.005717041402,0.076234375,24229105.027611315,32599534473.560883,15.014606599632325,15.014606599632325,2.7090235006013668,30.0,1,1
2023-09-13,26069.0,0.0390791659624945,0.02558594499213629,508615669891.43976,117.352922530362,0.076234375,24510484.11924812,32624044957.68013,15.590208711127492,15.590208711127492,2.7466430704802334,41.0,1,1
2023-09-14,26217.0,0.0056772411676704,0.024068352595643994,511521736491.0095,119.186563188869,0.076234375,24893460.693428587,32648938418.37356,15.667331351978808,15.667331351978808,2.7515777388640124,45.0,1,1
2023-09-15,26591.25,0.0142750886829157,0.008828091947539196,518842543059.494,125.489699546537,0.076234375,26209941.955802824,32675148360.32936,15.878812158337944,15.878812158337944,2.764985651909027,45.0,1,1
2023-09-16,26681.0,0.0033751704037983,0.011412615719051056,520612567939.9645,125.948108859676,0.076234375,26305685.9215051,32701454046.250862,15.920165727298944,15.920165727298944,2.7675865903682686,43.0,1,1
2023-09-17,26549.57,-0.0049259772872081,0.06951826338430345,518066783422.3908,126.177313090502,0.076234375,26353557.8154349,32727807604.0663,15.829559672613788,15.829559672613788,2.761879057499339,46.0,1,1
2023-09-18,26512.25,-0.0014056724835844,0.07376778658921812,517357257142.8408,126.259138150941,0.076234375,26370647.90404285,32754178251.97034,15.79515300805078,15.79515300805078,2.7597031213265195,46.0,1,1
2023-09-19,26780.25,0.0101085347339437,0.0551925392780126,522605867012.222,126.943263465381,0.076234375,26513535.207516856,32780691787.177856,15.942490488154949,15.942490488154949,2.7689879025726407,46.0,1,1
2023-09-20,27189.0,0.0152631136751897,0.05645665526499677,530601624994.5345,128.166477455821,0.076234375,26769017.273413982,32807460804.45127,16.17319999731717,16.17319999731717,2.783355551184793,47.0,1,1
2023-09-21,27082.75,-0.0039078303725771,0.1016237272802798,528547205121.75085,126.680529591528,0.076234375,26458660.268709976,32833919464.719982,16.097597050199088,16.097597050199088,2.7786700093108685,47.0,1,1
2023-09-22,26602.42,-0.0177356435369377,0.1253863370324957,519191814259.3912,121.10102777672,0.076234375,25293318.258673664,32859212782.978657,15.800494603703251,15.800494603703251,2.760041243574812,43.0,1,1
2023-09-23,26556.7,-0.0017186406349496,0.12698490399786122,518318202998.4249,122.64507855006,0.076234375,25615810.712574605,32884828593.69123,15.761620940845084,15.761620940845084,2.757577930717337,47.0,1,1
2023-09-24,26600.0,0.0016304736657792,0.18571428571428572,519182021660.445,123.639088309675,0.076234375,25823420.884542134,32910652014.57577,15.775500936004091,15.775500936004091,2.7584581629788225,44.0,1,1
2023-09-25,26680.0,0.0030075187969924,0.2609632683658172,520762233207.7703,123.281481751249,0.076234375,25748730.71337088,32936400745.289143,15.811145766504383,15.811145766504383,2.7607151195951296,47.0,1,1
2023-09-26,26284.0,-0.0148425787106446,0.31968117485922987,513051253384.4224,123.270529839268,0.076234375,25746443.28278204,32962147188.571926,15.564861428757249,15.564861428757249,2.7450159011078608,46.0,1,1
2023-09-27,26152.0,-0.005022066656521,0.3072040379320893,510493048900.5432,124.180098507554,0.076234375,25936416.978525512,32988083605.550453,15.475074423985316,15.475074423985316,2.7392306278634777,44.0,1,1
2023-09-28,26239.0,0.0033267054144998,0.2992492091924235,512209734373.2646,124.750028569472,0.076234375,26055453.31294751,33014139058.8634,15.514859662401228,15.514859662401228,2.741798252574306,46.0,1,1
2023-09-29,27100.48,0.032832043904112,0.2617119696772898,529045648258.6705,126.554736861721,0.076234375,26432387.03545961,33040571445.89886,16.01200055286386,16.01200055286386,2.773338475658422,48.0,1,1
2023-09-30,26938.0,-0.005995465762968,0.2835956641176034,525892671571.3056,123.929786690889,0.076234375,25884136.526748605,33066455582.42561,15.904113770537013,15.904113770537013,2.766577803468675,47.0,1,1
2023-10-01,26986.2,0.0017892939342194,0.2759855037018921,526852571353.00085,122.717958724583,0.076234375,25631032.56066953,33092086614.98628,15.920802380421888,15.920802380421888,2.767626579926429,48.0,1,1
2023-10-02,27071.25,0.0031516108233096,0.27988179341552377,528531979463.9592,123.542855428305,0.076234375,25803321.559704628,33117889936.545982,15.959107916495546,15.959107916495546,2.770029695503062,50.0,1,1
2023-10-03,27841.0,0.0284342245001616,0.26898602780072545,543579880514.9467,126.366253425398,0.076234375,26393020.13966253,33144282956.68565,16.400411534783238,16.400411534783238,2.797306428099658,50.0,1,1
2023-10-04,27394.25,-0.0160464782155813,0.2742820117360394,534876519816.20447,123.104546864253,0.076234375,25711775.862615168,33169994732.54826,16.12531217230956,16.12531217230956,2.7803902220175165,49.0,1,1
2023-10-05,27651.0,0.0093724047929766,0.25170879895844633,539908951680.0936,122.372423391431,0.076234375,25558863.60131814,33195553596.14958,16.26449609030526,16.26449609030526,2.788984578216076,48.0,1,1
2023-10-06,27477.0,-0.0062927199739611,0.2681060523346799,536530677535.22906,123.799069414759,0.076234375,25856834.74634457,33221410430.895924,16.150147467437304,16.150147467437304,2.781929180737646,50.0,1,1
2023-10-07,27903.0,0.0155038759689922,0.257499193635093,544868493060.6536,127.63350585589,0.076234375,26657700.131459214,33248068131.02738,16.38797451068075,16.38797451068075,2.79654780431856,49.0,1,1
2023-10-08,27917.61,0.0005235996129449,0.2547546154559792,545173297392.3167,128.532889916007,0.076234375,26845546.656686563,33274913677.684067,16.38391319878732,16.38391319878732,2.7962999509174846,50.0,1,1
2023-10-09,27907.25,-0.0003710919380276,0.27203504465685446,544990482880.2946,128.479170898169,0.076234375,26834326.83271261,33301748004.51678,16.365221513488617,16.365221513488617,2.795158443668967,50.0,1,1
2023-10-10,27588.25,-0.0114307214075195,0.29018694552934665,538780111417.9392,128.260731749102,0.076234375,26788703.347768348,33328536707.864548,16.165729571043634,16.165729571043634,2.7828935429175976,50.0,1,1
2023-10-11,27404.0,-0.0066785678685672,0.3335005838563714,535200957066.0296,131.740208933764,0.076234375,27515431.4806436,33356052139.345192,16.045092951354764,16.045092951354764,2.7754030677114323,47.0,1,1
2023-10-12,26710.0,-0.0253247701065537,0.3961063272182703,521665747869.0347,134.619775329748,0.076234375,28116861.46548974,33384169000.81068,15.626141476110035,15.626141476110035,2.7489452474251594,45.0,1,1
2023-10-13,26736.0,0.0009734181954323,0.383415619389587,522192188087.8556,131.980171817604,0.076234375,27565550.44084289,33411734551.25152,15.629005650300654,15.629005650300654,2.7491285243866823,44.0,1,1
2023-10-14,26848.0,0.0041891083183722,0.3813546632896305,524398418221.86334,128.980621663826,0.076234375,26939060.492200647,33438673611.74372,15.682392917573551,15.682392917573551,2.75253861281774,47.0,1,1
2023-10-15,26826.0,-0.0008194278903456,0.36062029374487437,523987397823.8232,131.260278955404,0.076234375,27415192.680796925,33466088804.42452,15.657264309731568,15.657264309731568,2.75093498243692,45.0,1,1
2023-10-16,26985.5,0.0059457242973235,0.31859702432787973,527121670901.3891,130.104946584546,0.076234375,27173888.4583048,33493262692.882824,15.738140405574766,15.738140405574766,2.756087091509949,47.0,1,1
2023-10-17,28395.25,0.0522410183246557,0.3256442538804907,554678804392.4087,131.362685649123,0.076234375,27436581.476116057,33520699274.35894,16.54735182737373,16.54735182737373,2.806226078589447,52.0,1,1
2023-10-18,28468.0,0.0025620482298975,0.26366446536461985,556119720089.8403,130.68870983513,0.076234375,27295814.010513663,33547995088.369453,16.576839200821215,16.576839200821215,2.808006492258216,50.0,1,1
2023-10-19,28258.32,-0.007365462975973,0.28850547378612745,552043287552.3506,128.776096286924,0.076234375,26896343.055817727,33574891431.42527,16.442146616612785,16.442146616612785,2.7998479538908154,52.0,1,1
2023-10-20,28724.0,0.0164793943872105,0.27287285893329627,561160587566.1504,129.336520999502,0.076234375,27013394.090606604,33601904825.51588,16.700261204835883,16.700261204835883,2.8154243603085267,53.0,1,1
2023-10-21,29835.0,0.0386784570394096,0.22741746271158036,582886136424.3127,130.981022844624,0.076234375,27356866.88608392,33629261692.40196,17.33270690733027,17.33270690733027,2.8525952892985385,63.0,1,1
2023-10-22,29938.0,0.0034523210993799,0.25025051773665585,584919231386.4426,130.489139586871,0.076234375,27254131.50874758,33656515823.91071,17.37907852514242,17.37907852514242,2.855267099164841,53.0,1,1
2023-10-23,29929.0,-0.0003006212839868,0.23108022319489452,584764160962.1393,132.983373991494,0.076234375,27775080.552418627,33684290904.463127,17.36014460333077,17.36014460333077,2.8541770388824648,53.0,1,1
2023-10-24,31540.0,0.0538273914932005,0.19289790741915036,616262366672.7219,128.384524909413,0.076234375,26814558.94833159,33711105463.411457,18.280692911170945,18.280692911170945,2.905845470732718,66.0,1,1
2023-10-25,33642.5,0.0666613823715915,0.10740878353273398,657366591456.2351,128.645280562508,0.076234375,26869020.71337656,33737974484.124832,19.48447117848033,19.48447117848033,2.9696177984932186,72.0,1,1
2023-10-26,34686.5,0.0310321765623839,0.09151975552448355,677790143474.0297,130.327428487873,0.076234375,27220356.31816491,33765194840.443,20.073633416804448,20.073633416804448,2.999407183632976,71.0,1,1
2023-10-27,34186.0,-0.0144292448070575,0.10633007663956007,668033821390.343,133.472416348824,0.076234375,27877222.57559556,33793072063.0186,19.76836613565551,19.76836613565551,2.9840829901485124,70.0,1,1
2023-10-28,34091.0,-0.002778915345463,0.0938957496113344,666201012773.4679,135.362935946001,0.076234375,28272078.958927173,33821344141.97752,19.697650394284874,19.697650394284874,2.9804993593051505,65.0,1,1
2023-10-29,34193.0,0.0029919920213545,0.0829263299505747,668217941089.2882,134.08014720218,0.076234375,28004154.03251012,33849348296.01003,19.74093962595002,19.74093962595002,2.982694632971272,72.0,1,1
2023-10-30,34577.5,0.0112449916649606,0.09805509363025089,675755961172.8765,135.241583596596,0.076234375,28246733.14930616,33877595029.159336,19.94698739952572,19.94698739952572,2.993078124390516,68.0,1,1
2023-10-31,34434.0,-0.0041500976068252,0.09574838822094445,672975312330.4858,140.292427387329,0.076234375,29301658.956454545,33906896688.11579,19.847741258089258,19.847741258089258,2.988090210134096,66.0,1,1
2023-11-01,34648.0,0.0062147877098217,0.08956851766335716,677181651958.0146,140.93713217615,0.076234375,29436312.83764708,33936333000.95344,19.954473335082763,19.954473335082763,2.993453345523128,66.0,1,1
2023-11-02,35329.84,0.0196790579542829,0.09805195834456093,690532349410.1964,140.147206860802,0.076234375,29271328.008298498,33965604328.96173,20.33034191655452,20.33034191655452,3.0121144458241864,72.0,1,1
2023-11-03,34908.0,-0.0119400484123335,0.1338375157557008,682311457421.9269,137.617769962854,0.076234375,28743026.526060127,33994347355.4878,20.07132098424533,20.07132098424533,2.9992919794885857,65.0,1,1
2023-11-04,34611.0,-0.0085080783774492,0.14241137210713362,676530179395.1068,138.471453721027,0.076234375,28921328.026750453,34023268683.514545,19.884338147760307,19.884338147760307,2.989932394110774,68.0,1,1
2023-11-05,34843.75,0.0067247406893762,0.20629955156950674,681103699937.6163,141.670054642496,0.076234375,29589391.97777132,34052858075.49232,20.00136665262184,20.00136665262184,2.995800603850515,70.0,1,1
2023-11-06,35088.0,0.0070098654708519,0.2508549931600548,685902332730.617,137.173610952688,0.076234375,28650258.89718171,34081508334.3895,20.12535143694084,20.12535143694084,3.001980285857291,74.0,1,1
2023-11-07,35029.75,-0.0016601117191062,0.25105089245569845,684787794101.7074,133.537852940013,0.076234375,27890889.7471885,34109399224.13669,20.076219742302992,20.076219742302992,2.999536017254951,68.0,1,1
2023-11-08,35499.0,0.0133957564641482,0.22214710273528837,693985492204.211,133.726901593478,0.076234375,27930374.694973417,34137329598.83166,20.32922610994044,20.32922610994044,3.012059560508453,66.0,1,1
2023-11-09,35594.0,0.0026761317220203,0.2515134573242681,695867190170.046,133.777945783559,0.076234375,27941035.85094111,34165270634.6826,20.367676802877188,20.367676802877188,3.013949173802135,69.0,1,1
2023-11-10,36543.25,0.0266688205877394,0.20371751281016337,714450290278.8176,136.320417277817,0.076234375,28472059.75592761,34193742694.43853,20.89418220939645,20.89418220939645,3.03947075703377,70.0,1,1
2023-11-11,37290.0,0.0204346904011001,0.17532850630195762,729075505240.2272,135.595053315836,0.076234375,28320559.294861466,34222063253.73339,21.304253336060626,21.304253336060626,3.0589067399195526,70.0,1,1
2023-11-12,36987.0,-0.0081255028157682,0.1129856436045098,723176824197.2709,135.851816846768,0.076234375,28374187.260076243,34250437440.993465,21.114382128495656,21.114382128495656,3.0499544257505926,73.0,1,1
2023-11-13,37086.61,0.0026931083894341,0.10781222656910394,725149898169.6696,135.807466744243,0.076234375,28364924.239946976,34278802365.233414,21.154470055381463,21.154470055381463,3.0518512332972327,72.0,1,1
2023-11-14,36500.0,-0.015817299019781,0.17767123287671227,713705050864.8195,137.316156576345,0.076234375,28680031.16164329,34307482396.395058,20.80318930484429,20.80318930484429,3.0351063069167963,69.0,1,1
2023-11-15,35583.0,-0.0251232876712328,0.20807689065002943,695798857705.3575,138.09649589105,0.076234375,28843013.84642264,34336325410.24148,20.264220163111045,20.264220163111045,3.008856777381325,60.0,1,1
2023-11-16,37642.0,0.0578647106764467,0.12202539716274363,736086882476.4125,139.783240193386,0.076234375,29195309.456486743,34365520719.69797,21.41934319809375,21.41934319809375,3.0642944015286493,70.0,1,1
2023-11-17,35974.0,-0.0443122044524733,0.17484850169566912,703493919143.4161,140.298924682004,0.076234375,29303015.989875752,34394823735.68784,20.453482319011727,20.453482319011727,3.0181531525402936,63.0,1,1
2023-11-18,36411.0,0.0121476622004781,0.15519348548515555,712064682554.4106,139.771249258761,0.076234375,29192805.01427633,34424016540.70212,20.68511330490684,20.68511330490684,3.029414277534672,69.0,1,1
2023-11-19,36562.0,0.0041470984043283,0.1654996991411848,715042733390.8739,141.617431773012,0.076234375,29578401.09676907,34453594941.79889,20.7537917189416,20.7537917189416,3.0327289634259538,66.0,1,1
2023-11-20,36620.0,0.0015863464799519,0.1604587657018024,716202115271.8031,147.950118085748,0.076234375,30901054.201214228,34484495996.00011,20.76881492932001,20.76881492932001,3.033452579414768,69.0,1,1
2023-11-21,37430.0,0.0221190606226104,0.16069997328346242,732069452137.7485,149.999239273377,0.076234375,31329036.319126982,34515825032.31924,21.209675603937267,21.209675603937267,3.054457473972937,71.0,1,1
2023-11-22,36845.0,-0.0156291744589901,0.19465327724250248,720653017445.4701,149.284008010662,0.076234375,31179652.18681592,34547004684.50605,20.860072357262133,20.860072357262133,3.0378369182752456,62.0,1,1
2023-11-23,37624.0,0.0211426245080743,0.16252923665745267,735915240802.0787,149.145396620155,0.076234375,31150701.63140994,34578155386.13746,21.28266336315645,21.28266336315645,3.057892814684896,66.0,1,1
2023-11-24,37256.0,-0.0097809908568998,0.17578135065492817,728742724041.5989,151.64039475149,0.076234375,31671810.188035943,34609827196.32549,21.055948066651112,21.055948066651112,3.047183088700423,66.0,1,1
2023-11-25,37861.0,0.0162389950611983,0.15311270172473002,740602638241.0094,153.047587055163,0.076234375,31965718.20385874,34641792914.52935,21.37887724426608,21.37887724426608,3.0624033899179786,73.0,1,1
2023-11-26,37821.0,-0.0010564961305828,0.15078924407075434,739846019535.2689,150.746948373956,0.076234375,31485203.81492,34673278118.34427,21.33764269447155,21.33764269447155,3.0604727755954,73.0,1,1
2023-11-27,37292.0,-0.0139869384733348,0.1350423683363724,729523290598.077,146.67053878594,0.076234375,30633799.603450395,34703911917.94772,21.02135610310813,21.02135610310813,3.045538878263533,66.0,1,1
2023-11-28,37028.5,-0.0070658586291966,0.172016149722511,724393842146.1592,147.010536765371,0.076234375,30704812.02389748,34734616729.97161,20.855098179940423,20.855098179940423,3.037598435378917,68.0,1,1
2023-11-29,37968.0,0.0253723483262893,0.11838916982722303,742799303634.6963,147.134619654199,0.076234375,30730728.137535825,34765347458.109146,21.366083124287474,21.366083124287474,3.0618047640097847,72.0,1,1
2023-11-30,37731.0,-0.0062420986093552,0.1112082902652991,738188391926.8218,146.082913694124,0.076234375,30511067.462056115,34795858525.571205,21.214834845484067,21.214834845484067,3.054700693824744,74.0,1,1
2023-12-01,37751.37,0.0005398743738571,0.12056860453011375,738612637388.4211,147.155857069846,0.076234375,30735163.811805587,34826593689.38301,21.20829398292804,21.20829398292804,3.054392330778995,71.0,1,1
2023-12-02,38794.0,0.0276183354405414,0.0980048461102232,759038303139.4723,143.40135362344,0.076234375,29950993.3359916,34856544682.719,21.776062717879903,21.776062717879903,3.080811326042725,74.0,1,1
2023-12-03,39580.0,0.0202608650822291,0.102122283981809,774444012347.9413,145.921152998341,0.076234375,30477281.91262439,34887021964.63163,22.198627705542496,22.198627705542496,3.1000304719019507,73.0,1,1
2023-12-04,39540.0,-0.0010106114199089,0.14112291350531114,773688246949.2196,149.329774209658,0.076234375,31189210.97469697,34918211175.60632,22.157155847940864,22.157155847940864,3.0981605074299483,74.0,1,1
2023-12-05,42032.0,0.0630247850278198,0.021578797106966086,822478360538.109,147.812168097013,0.076234375,30872241.787043083,34949083417.393364,23.53361748333521,23.53361748333521,3.158429930120878,75.0,1,1
2023-12-06,43890.0,0.044204415683289,0.013624971519708318,858865363143.3739,147.608306718416,0.076234375,30829663.03421026,34979913080.427574,24.553101694924955,24.553101694924955,3.200838188212194,72.0,1,1
2023-12-07,43824.0,-0.0015037593984962,0.003354326396495022,857603604560.9097,144.860250587194,0.076234375,30255700.4544058,35010168780.88198,24.49584319139934,24.49584319139934,3.198503437498666,72.0,1,1
2023-12-08,43385.0,-0.0100173420956553,0.012435173447043812,849042151967.0469,139.959505082207,0.076234375,29232124.37055171,35039400905.25253,24.23106931145539,24.23106931145539,3.187635665569698,72.0,1,1
2023-12-09,44546.37,0.0267689293534632,-0.010115751294662245,871800331602.3726,144.283691539533,0.076234375,30135279.58139476,35069536184.83393,24.85919194960408,24.85919194960408,3.213227581515845,73.0,1,1
2023-12-10,43987.75,-0.0125401912658652,0.07100272234883565,860897625690.7946,140.518432187693,0.076234375,29348862.61317441,35098885047.447105,24.52777700850105,24.52777700850105,3.199806230784359,74.0,1,1
2023-12-11,43828.0,-0.0036316929145046,0.03584466551063237,857800824409.4546,140.732391223486,0.076234375,29393550.37582997,35128278597.82294,24.419096484352536,24.419096484352536,3.195365468995316,74.0,1,1
2023-12-12,41166.0,-0.0607374281281373,0.11613953262401,805728104986.3109,141.398126323281,0.076234375,29532596.67514075,35157811194.49808,22.917470616384705,22.917470616384705,3.1318995287054734,67.0,1,1
2023-12-13,41085.0,-0.0019676432006996,0.12335402214920288,804170547954.1573,143.065925265173,0.076234375,29880935.332567595,35187692129.83064,22.853745138699093,22.853745138699093,3.129115004947065,65.0,1,1
2023-12-14,42985.0,0.0462455884142631,0.010143073165057581,841388989648.9315,147.332383794894,0.076234375,30772033.413325675,35218464163.243965,23.89056449903497,23.89056449903497,3.1734835901516893,72.0,1,1
2023-12-15,42987.0,4.652785855530084e-05,-0.0008374624886593462,841457226739.4569,151.142917693828,0.076234375,31567906.48237101,35250032069.72633,23.871105282259386,23.871105282259386,3.1726687435208496,70.0,1,1
2023-12-16,42235.28,-0.0174871472770837,0.017135437482597604,826771107103.3275,150.38728587284,0.076234375,31410084.236882973,35281442153.96322,23.433597285944703,23.433597285944703,3.154170774065642,67.0,1,1
2023-12-17,42264.0,0.0006800002272981,0.010026263486655251,827361884319.2972,151.955977984322,0.076234375,31737723.31273574,35313179877.275955,23.42926599061969,23.42926599061969,3.153985924270537,73.0,1,1
2023-12-18,42061.75,-0.0047853965549876,0.03252955476174901,823431052057.8501,153.577220198069,0.076234375,32076338.0713347,35345256215.34729,23.296791146199343,23.296791146199343,3.1483156320402776,65.0,1,1
2023-12-19,42613.0,0.0131057314543499,0.0005162743763640343,834251499579.2909,156.333601151261,0.076234375,32652039.384289484,35377908254.73158,23.581142603808825,23.581142603808825,3.16044735041569,73.0,1,1
2023-12-20,42496.0,-0.0027456410015722,-0.033720820783132543,831989633094.8422,155.929733870766,0.076234375,32567687.13850459,35410475941.87009,23.495578948462544,23.495578948462544,3.156812273598815,74.0,1,1
2023-12-21,43445.0,0.0223315135542168,-0.04276671653815167,850598536244.335,156.098046184594,0.076234375,32602841.067407288,35443078782.93749,23.999002497881705,23.999002497881705,3.178012266895935,70.0,1,1
2023-12-22,44017.0,0.0131660720451145,-0.05219574255401327,861827265108.8596,157.005504506749,0.076234375,32792373.993511483,35475871156.93101,24.29333620297813,24.29333620297813,3.190202082408372,74.0,1,1
2023-12-23,43739.0,-0.0063157416452733,-0.0472518804728046,856413672518.4506,159.282359592772,0.076234375,33267920.909808844,35509139077.84081,24.118119863201315,24.118119863201315,3.182963419533937,70.0,1,1
2023-12-24,43804.91,0.0015068931617092,-0.09117493906505003,857733712602.5212,164.022976344278,0.076234375,34258052.29382415,35543397130.13464,24.132012746618184,24.132012746618184,3.183539288782345,71.0,1,1
2023-12-25,43658.0,-0.0033537336339694,-0.10256997572037196,854886505429.7615,161.246516148443,0.076234375,33678157.204120435,35577075287.33875,24.0291395097899,24.0291395097899,3.179267240109713,73.0,1,1
2023-12-26,43524.0,-0.0030693114663978,-0.08632019115890088,852291891546.371,159.333513474977,0.076234375,33278604.97621629,35610353892.31497,23.933822565304613,23.933822565304613,3.175292628624413,71.0,1,1
2023-12-27,42328.0,-0.027479091995221,-0.05736155736155735,828900164688.4731,158.327379164543,0.076234375,33068462.45478618,35643422354.76976,23.255347268233088,23.255347268233088,3.146535095621243,73.0,1,1
2023-12-28,43398.0,0.0252787752787753,-0.032282593667910975,849882932210.5227,155.945659673798,0.076234375,32571013.422451213,35675993368.192215,23.82226399246548,23.82226399246548,3.1706206052739523,73.0,1,1
2023-12-29,42463.0,-0.021544771648463,-0.007441772837529115,831600942669.4219,155.016714050671,0.076234375,32376992.63070307,35708370360.82292,23.288683697024844,23.288683697024844,3.1479675643525,65.0,1,1
2023-12-30,41927.0,-0.0126227539269481,0.005986595749755574,821132019085.5598,153.189710666829,0.076234375,31995402.326346688,35740365763.14927,22.974919297893766,22.974919297893766,3.134403155630305,68.0,1,1
2023-12-31,42303.0,0.008967968135092,0.02052218518781168,828524314492.2263,150.880318633777,0.076234375,31513059.700950254,35771878822.85022,23.16133068087508,23.16133068087508,3.142484107050595,67.0,1,1
2024-01-01,42596.0,0.0069262227265205,0.022331909099446046,834291451249.9102,152.288276785907,0.076234375,31807127.67287843,35803685950.5231,23.301831336662165,23.301831336662165,3.14853195562299,65.0,1,1
2024-01-02,43622.0,0.0240867687106771,-0.02693594975012603,854416104107.9045,150.164623611367,0.076234375,31363578.707185768,35835049529.230286,23.84302841303361,23.84302841303361,3.171491864877481,71.0,1,1
2024-01-03,45120.0,0.0343404704048415,-0.04494126773049645,883787413377.4642,153.36755979811,0.076234375,32032548.12735353,35867082077.357635,24.64062762260179,24.64062762260179,3.204396610037422,70.0,1,1
2024-01-04,42939.0,-0.0483377659574467,0.0007685321036818848,841095886281.4307,159.553846836451,0.076234375,33324624.08882895,35900406701.446465,23.42858935488165,23.42858935488165,3.1539570439159803,68.0,1,1
2024-01-05,44488.0,0.0360744311697989,-0.032907750404603475,871467748131.15,156.45021518635,0.076234375,32676395.543416165,35933083096.98988,24.25251809812426,24.25251809812426,3.188520451090494,72.0,1,1
2024-01-06,43971.0,-0.0116211113109152,-0.024880034568238174,861369770258.0157,154.898029512733,0.076234375,32352204.02365686,35965435301.01354,23.949933124644858,23.949933124644858,3.1759655315626234,70.0,1,1
2024-01-07,43924.5,-0.0010575151804598,-0.036346458127013426,860488259383.7424,148.390163599804,0.076234375,30992962.679941934,35996428263.69348,23.90482336414592,23.90482336414592,3.1740802529750893,71.0,1,1
2024-01-08,44095.75,0.0038987353299411,-0.02140228933627386,863872576714.6816,143.83359236998,0.076234375,30041271.283096425,36026469534.97658,23.978829673442863,23.978829673442863,3.1771713441316227,71.0,1,1
2024-01-09,47111.0,0.0683796057443177,-0.06191759886226145,922975346610.7202,147.111891763873,0.076234375,30725981.160784945,36057195516.13736,25.59753562080677,25.59753562080677,3.2424960820395268,76.0,1,1
2024-01-10,45399.0,-0.0363397083483687,-0.001530870724024802,889465036147.6783,143.783820404105,0.076234375,30030875.84553204,36087226391.982895,24.647641979636347,24.647641979636347,3.2046812358576635,73.0,1,1
2024-01-11,45947.0,0.0120707504570585,0.034462750560428246,900232242791.433,144.639604414752,0.076234375,30209616.00768729,36117436007.990585,24.92514259850191,24.92514259850191,3.215877036934923,76.0,1,1
2024-01-12,46153.0,0.0044834265566848,0.039000715013108644,904299187080.018,149.424582381179,0.076234375,31209012.732781347,36148645020.723366,25.0161295551078,25.0161295551078,3.219520799031952,71.0,1,1
2024-01-13,43421.0,-0.0591944185643403,0.1125492273323967,850798703556.0215,152.246376018889,0.076234375,31798376.22415066,36180443396.94752,23.51543053858212,23.51543053858212,3.157656824333468,64.0,1,1
2024-01-14,42951.0,-0.0108242555445521,0.16048520406975397,841618094732.78,153.730259167919,0.076234375,32108301.98973788,36212551698.937256,23.24106021939016,23.24106021939016,3.145920551398816,60.0,1,1
2024-01-15,42959.0,0.0001862587599823,0.15372797318373332,841803498973.4912,152.394764537697,0.076234375,31829368.843297243,36244381067.78056,23.22576559934176,23.22576559934176,3.145262248606178,52.0,1,1
2024-01-16,42687.75,-0.0063141600130356,0.21265468430638768,836516668099.4459,148.388281462647,0.076234375,30992569.57432597,36275373637.35488,23.06018061900913,23.06018061900913,3.1381073473778507,64.0,1,1
2024-01-17,43430.0,0.017387892311026,0.1827768823393967,851090861927.6272,146.607622907238,0.076234375,30620658.911147863,36305994296.26603,23.44215820072333,23.44215820072333,3.154536033880014,60.0,1,1
2024-01-18,42635.0,-0.0183053189039834,0.21992236425472034,835539761281.3385,142.007586164767,0.076234375,29659889.250766188,36335654185.51679,22.99503834485469,22.99503834485469,3.1352784685205988,63.0,1,1
2024-01-19,41063.0,-0.0368711152808725,0.26157367946813426,804759807709.8107,136.665606828261,0.076234375,28544156.494652625,36364198342.01144,22.130552697488568,22.130552697488568,3.0969591287844613,51.0,1,1
2024-01-20,41587.0,0.0127608796239924,0.24677783922860508,815056915641.9418,133.97895363747,0.076234375,27983018.612894524,36392181360.62434,22.39648422185041,22.39648422185041,3.1089039921606885,52.0,1,1
2024-01-21,41719.5,0.0031860918075359,0.24423830582820982,817681501676.1084,134.949581458395,0.076234375,28185745.20271871,36420367105.82706,22.45121525821424,22.45121525821424,3.1113447444922007,56.0,1,1
2024-01-22,41672.25,-0.0011325639089634,0.24845670680128862,816783120424.7625,140.849690571522,0.076234375,29418049.67031061,36449785155.49737,22.408448141472103,22.408448141472103,3.1094380369309835,55.0,1,1
2024-01-23,39811.0,-0.044664015021987,0.29074878802341053,780328752631.6382,144.261916509225,0.076234375,30130731.62022725,36479915887.11759,21.390640127742213,21.390640127742213,3.062953449142188,50.0,1,1
2024-01-24,39180.0,-0.0158498907337167,0.3182746299132211,767986641419.9683,147.697285180155,0.076234375,30848247.191522952,36510764134.30911,21.034526656162,21.034526656162,3.0461652141109967,48.0,1,1
2024-01-25,39767.0,0.0149821337417048,0.2823029144768274,779519111466.6305,152.437173375099,0.076234375,31838226.408266608,36542602360.71738,21.3317897770904,21.3317897770904,3.060198437874983,52.0,1,1
2024-01-26,39900.0,0.0033444816053511,0.2924436090225564,782152665968.987,154.525475845289,0.076234375,32274391.979844388,36574876752.69722,21.384970652329187,21.384970652329187,3.0626883693295173,49.0,1,1
2024-01-27,41997.0,0.0525563909774435,0.22730195013929566,823287632257.8706,158.003392008563,0.076234375,33000794.07576108,36607877546.77298,22.48935713921072,22.48935713921072,3.11304218126792,55.0,1,1
2024-01-28,42147.0,0.0035716836916923,0.2971029966545662,826256086432.2938,160.855437299932,0.076234375,33596475.9668822,36641474022.73986,22.549750207088167,22.549750207088167,3.1157239885963435,54.0,1,1
2024-01-29,42178.0,0.0007355209148931,0.3450376973777798,826891753509.2537,160.285030036016,0.076234375,33477339.96342988,36674951362.70329,22.546498980504825,22.546498980504825,3.115579798041805,55.0,1,1
2024-01-30,43171.15,0.023546635686851,0.40281183151248,846390855112.07,158.859005963001,0.076234375,33179498.719755214,36708130861.42305,23.057312787384408,23.057312787384408,3.137982976714287,61.0,1,1
2024-01-31,43547.25,0.0087118364926577,0.41099610193525415,853793291907.2795,156.14956197785,0.076234375,32613600.72302783,36740744462.14608,23.238323131610496,23.238323131610496,3.145802774974712,60.0,1,1
2024-02-01,42447.0,-0.025265659714448,0.47447404999175435,832249717746.9103,152.027104401531,0.076234375,31752578.86879579,36772497041.01488,22.63239607630249,22.63239607630249,3.11938233456646,63.0,1,1
2024-02-02,43092.25,0.0152013098687775,0.43714473020090616,844929493489.2615,157.812410501206,0.076234375,32960905.42959692,36805457946.44447,22.956635798927326,22.956635798927326,3.133607036278649,63.0,1,1
2024-02-03,42972.0,-0.0027905249783893,0.45697198175556175,842600093543.6096,156.402205989573,0.076234375,32666368.2800996,36838124314.72457,22.873045498866887,22.873045498866887,3.129959164838666,60.0,1,1
2024-02-04,43024.0,0.0012100902913525,0.5687523242841206,843648133518.1176,157.169230617632,0.076234375,32826570.04209873,36870950884.76667,22.88110594583751,22.88110594583751,3.1303115021370096,60.0,1,1
2024-02-05,42877.0,-0.0034166976571216,0.47689903677962553,840793950164.3031,158.658812130399,0.076234375,33137685.975351743,36904088570.74202,22.783219494841937,22.783219494841937,3.126024277920614,60.0,1,1
2024-02-06,42328.0,-0.0128040674487487,0.5702371952371952,830056299254.3441,163.989737735878,0.076234375,34251110.034818016,36938339680.77684,22.47140251640264,22.47140251640264,3.112243501534747,64.0,1,1
2024-02-07,43152.0,0.0194670194670194,0.5605765665554319,846243483160.0979,169.652985002556,0.076234375,35433943.2289157,36973773624.00575,22.88766875044267,22.88766875044267,3.130598283012997,62.0,1,1
2024-02-08,44194.0,0.0241472005932517,0.5481513327601031,866707029507.671,168.961251499582,0.076234375,35289466.86928341,37009063090.87504,23.41877791878948,23.41877791878948,3.153538175714558,66.0,1,1
2024-02-09,45329.5,0.0256935330587861,0.5110799810278075,889005664836.8353,166.757449454627,0.076234375,34829177.906212546,37043892268.78125,23.99871099900712,23.99871099900712,3.178000120530896,72.0,1,1
2024-02-10,47530.46,0.0485546939630925,0.463598290443644,932202367885.9373,166.909599075419,0.076234375,34860956.07401409,37078753224.85526,25.14114652757653,25.14114652757653,3.224505807833272,74.0,1,1
2024-02-11,47953.0,0.0088898781960031,0.5043688611765687,940521101762.4236,164.170882794136,0.076234375,34288944.22742249,37113042169.08269,25.34206432007161,25.34206432007161,3.2324656364554,71.0,1,1
2024-02-12,48308.0,0.0074030821846391,0.4688016477602053,947515643758.8524,167.670358124813,0.076234375,35019849.19909942,37148062018.28178,25.50646231000015,25.50646231000015,3.2389318439795374,70.0,1,1
2024-02-13,49844.0,0.03179597582181,0.468437324452291,977675610376.4824,162.345075183038,0.076234375,33907603.673717566,37181969621.95551,26.294346972925737,26.294346972925737,3.2693539720847284,79.0,1,1
2024-02-14,49563.0,-0.005637589278549,0.4260637975909449,972196458674.41,159.149904769356,0.076234375,33240256.22301745,37215209878.17852,26.123632295957204,26.123632295957204,3.262840356606687,74.0,1,1
2024-02-15,51765.5,0.0444383915420778,0.31062213250137627,1015433319133.4836,162.755598226407,0.076234375,33993346.05079793,37249203224.22932,27.260537977708456,27.260537977708456,3.305440161132657,72.0,1,1
2024-02-16,51368.0,-0.0076788594720421,0.30573508799252447,1007669685742.8387,159.567230196389,0.076234375,33327419.35480231,37282530643.58412,27.027931536515663,27.027931536515663,3.296870832628989,72.0,1,1
2024-02-17,52011.39,0.0125251129107615,0.3167115895191419,1020325005045.6342,161.144046647575,0.076234375,33656755.29081843,37316187398.87494,27.34269163511588,27.34269163511588,3.308449276893032,76.0,1,1
2024-02-18,51804.0,-0.0039873958377193,0.3003822098679638,1016290555801.3552,160.227065465692,0.076234375,33465233.40783866,37349652632.282776,27.210174236612183,27.210174236612183,3.3035909561782617,72.0,1,1
2024-02-19,51849.75,0.0008831364373407,0.22924411400247835,1017222083330.0286,155.390119079919,0.076234375,32454982.49104986,37382107614.77383,27.21146955684251,27.21146955684251,3.3036385593059983,75.0,1,1
2024-02-20,51909.0,0.0011427248925983,0.2918183744630025,1018418515336.4288,158.071273331188,0.076234375,33014971.85714324,37415122586.63097,27.21943548302916,27.21943548302916,3.3039312579571667,72.0,1,1
2024-02-21,52026.0,0.0022539444027047,0.2584476992273095,1020748061570.4106,159.649750650424,0.076234375,33344654.68422169,37448467241.31519,27.25740562338065,27.25740562338065,3.305325250183184,78.0,1,1
2024-02-22,51386.0,-0.0123015415369238,0.2358424473592029,1008224939107.8628,157.280609738401,0.076234375,32849832.83020798,37481317074.14539,26.899399962744,26.899399962744,3.292103980141311,74.0,1,1
2024-02-23,51650.0,0.005137586112949,0.25858664085188776,1013438590608.9705,161.397904471127,0.076234375,33709776.36620841,37515026850.5116,27.01420405874373,27.01420405874373,3.2963628039244988,76.0,1,1
2024-02-24,50993.34,-0.0127136495643757,0.2809712013372727,1000587450891.7534,159.25691177765,0.076234375,33262605.84602544,37548289456.35763,26.64801687050847,26.64801687050847,3.282714733978407,72.0,1,1
2024-02-25,51568.5,0.0112791199791972,0.37585929394882545,1011906920477.3962,166.338655312694,0.076234375,34741708.016722344,37583031164.37435,26.924569124073248,26.924569124073248,3.2930392200944705,74.0,1,1
2024-02-26,51543.0,-0.0004944879141336,0.35453892866150594,1011440235740.9108,165.844579701535,0.076234375,34638514.741600566,37617669679.11595,26.887370865038672,26.887370865038672,3.291656691794353,72.0,1,1
2024-02-27,54669.0,0.0606483906641057,0.2596169675684574,1072818175645.1934,163.86828049999,0.076234375,34225742.31846966,37651895421.43442,28.49307222484372,28.49307222484372,3.3496609778958693,79.0,1,1
2024-02-28,56731.0,0.0377179022846585,0.24647018385009956,1113319673711.9253,165.679889047308,0.076234375,34604117.237235256,37686499538.67165,29.541604748127444,29.541604748127444,3.385799600208866,82.0,1,1
2024-02-29,60561.0,0.0675115897833635,0.1501056785720183,1188521184100.9226,165.350505711922,0.076234375,34535321.80515699,37721034860.476814,31.50818074045541,31.50818074045541,3.450247218160013,80.0,1,1
2024-03-01,61445.0,0.014596852760027,0.13707315485393456,1205909940077.8684,163.80694068777,0.076234375,34212930.805463605,37755247791.28228,31.94019402930032,31.94019402930032,3.4638652175743108,80.0,1,1
2024-03-02,62587.0,0.0185857270729921,0.12655183983894425,1228363466023.1514,161.566168096217,0.076234375,33744920.12591793,37788992711.4082,32.505853633201454,32.505853633201454,3.4814201849083246,80.0,1,1
2024-03-03,61929.8,-0.010500583188202,0.1264851493142234,1215505298463.5122,159.359161024534,0.076234375,33283961.756793723,37822276673.164986,32.13728536140493,32.13728536140493,3.4700168938113984,83.0,1,1
2024-03-04,62609.0,0.0109672564742659,0.048651152390231545,1228876845348.6057,158.097188497494,0.076234375,33020384.532503128,37855297057.69749,32.46248057373852,32.46248057373852,3.4800849785670787,82.0,1,1
2024-03-05,67494.0,0.0780239262725805,-0.026091208107387298,1324802591874.298,163.574579817417,0.076234375,34164399.61169424,37889461457.30918,34.96493591937113,34.96493591937113,3.554345728446332,90.0,1,1
2024-03-06,63325.0,-0.0617684534921623,0.07290959336754832,1243012800437.3333,161.628084130156,0.076234375,33757851.989342086,37923219309.29852,32.77709073956584,32.77709073956584,3.4897298182961047,75.0,1,1
2024-03-07,66465.0,0.0495854717726016,0.01799443316030991,1304691415590.4646,168.771679098888,0.076234375,35249872.530970655,37958469181.82949,34.37154984677341,34.37154984677341,3.537229182855657,82.0,1,1
2024-03-08,67342.0,0.0131949146167156,0.015770247393899872,1321950496190.0334,168.98108899364,0.076234375,35293610.15410828,37993762791.9836,34.79388191761189,34.79388191761189,3.5494415643593973,81.0,1,1
2024-03-09,68419.0,0.0159929910011582,0.014297928937868187,1343136906550.6,174.963303337642,0.076234375,36543063.22707,38030305855.21067,35.31754153290808,35.31754153290808,3.5643797677896285,84.0,1,1
2024-03-10,68496.5,0.0011327262894809,0.046798011577233956,1344702810250.133,173.237567185703,0.076234375,36182623.728555,38066488478.93922,35.325107830581935,35.325107830581935,3.564593981094791,79.0,1,1
2024-03-11,69565.5,0.0156066368354588,-0.006245912125982023,1365734268882.8398,180.029379808645,0.076234375,37601170.55164293,38104089649.49087,35.842196505568225,35.842196505568225,3.579125872656478,82.0,1,1
2024-03-12,72139.0,0.0369939122122315,-0.032395791458157186,1416304941547.5757,176.060702855044,0.076234375,36772267.51839725,38140861917.00926,37.13353265663778,37.13353265663778,3.614520406583678,81.0,1,1
2024-03-13,70954.87,-0.0164145607784971,-0.006269759919227513,1393102946653.4822,179.288210964274,0.076234375,37446369.0622728,38178308286.07153,36.489383872509705,36.489383872509705,3.597021365474612,81.0,1,1
2024-03-14,73192.79,0.0315400479206007,-0.08272385845655006,1437088938213.3298,174.004172922743,0.076234375,36342738.00043079,38214651024.07196,37.60570618080711,37.60570618080711,3.6271557990092944,88.0,1,1
2024-03-15,70680.0,-0.0343311137613416,-0.12348613469156766,1387797881225.3782,170.834256573443,0.076234375,35680665.146482386,38250331689.218445,36.281982925041,36.281982925041,3.5913212799011105,83.0,1,1
2024-03-16,67845.01,-0.0401102150537635,-0.05048285791394236,1332176958405.7754,169.114264552995,0.076234375,35321425.37474582,38285653114.59319,34.795722419007,34.795722419007,3.549494460231218,81.0,1,1
2024-03-17,67073.0,-0.011379024043183,-0.05841396687191569,1317061512702.799,170.96323112167,0.076234375,35707602.93846865,38321360717.53166,34.368860813970414,34.368860813970414,3.5371509455341594,79.0,1,1
2024-03-18,68484.0,0.0210367808208966,-0.07950762221832841,1344812567551.603,168.113608644701,0.076234375,35112427.0795161,38356473144.611176,35.0609025621674,35.0609025621674,3.5570866225207585,77.0,1,1
2024-03-19,67365.0,-0.0163395829682845,-0.09687523194537218,1322882466639.202,172.163287872144,0.076234375,35958248.35309034,38392431392.96426,34.45685565206562,34.45685565206562,3.539707980623922,79.0,1,1
2024-03-20,63736.0,-0.0538707043717063,-0.0032948412200326516,1251659064958.7468,171.781041967551,0.076234375,35878411.97601375,38428309804.94028,32.57127548185415,32.57127548185415,3.483430779769569,74.0,1,1
2024-03-21,67057.0,0.0521055604368017,-0.04455910643184158,1316920797235.4463,168.504332902063,0.076234375,35194034.2563855,38463503839.19666,34.23819116274643,34.23819116274643,3.5333417216872665,78.0,1,1
2024-03-22,65472.0,-0.0236366076621381,-0.011073435972629553,1285835547874.2476,169.870122548398,0.076234375,35479294.85931651,38498983134.05598,33.39920806211645,33.39920806211645,3.508532188986475,75.0,1,1
2024-03-23,63505.0,-0.0300433773216031,0.02002991890402339,1247245706155.311,171.918805790575,0.076234375,35907185.50737223,38534890319.56335,32.36666033851693,32.36666033851693,3.47712889111474,73.0,1,1
2024-03-24,65006.0,0.0236359341784111,0.023674891548472354,1276767473565.744,176.016173911363,0.076234375,36762967.145271406,38571653286.70862,33.10118609838548,33.10118609838548,3.499569115529084,74.0,1,1
2024-03-25,65321.0,0.0048457065501645,0.015783591800492935,1282996447344.6255,173.967489850969,0.076234375,36335076.32632182,38607988363.03494,33.2313726185492,33.2313726185492,3.503494388120366,75.0,1,1
2024-03-26,70951.0,0.0861897398998789,-0.09746162844780204,1393623320441.0105,170.040841651725,0.076234375,35514951.47340609,38643503314.50835,36.06358639636555,36.06358639636555,3.58528366919038,81.0,1,1
2024-03-27,69817.0,-0.0159828614113966,-0.07189509718263465,1371394222593.6785,167.821435215141,0.076234375,35051403.35679251,38678554717.86514,35.456190971899176,35.456190971899176,3.568297877276242,83.0,1,1
2024-03-28,68862.0,-0.0136786169557557,-0.07140367691905547,1352679800404.053,173.127664498193,0.076234375,36159669.31021763,38714714387.17536,34.93968176740939,34.93968176740939,3.5536231966910323,80.0,1,1
2024-03-29,70713.5,0.0268871075484302,-0.10575774074257394,1389094972691.5813,174.423771608794,0.076234375,36430375.92805248,38751144763.10342,35.84655320980857,35.84655320980857,3.57924741764821,79.0,1,1
2024-03-30,69651.55,-0.0150176416101592,-0.08259040897151615,1368278862287.1064,173.770523825491,0.076234375,36293937.74591483,38787438700.849335,35.27633966346804,35.27633966346804,3.563212474720593,75.0,1,1
2024-03-31,69867.46,0.0030998592278277,-0.0990941992166311,1372565271803.2988,167.710153199505,0.076234375,35028160.850187704,38822466861.69952,35.35492158942144,35.35492158942144,3.565437607246403,75.0,1,1
2024-04-01,70507.5,0.009160773842358,-0.15092720632556822,1385184359644.2915,169.527361505082,0.076234375,35407705.341750644,38857874567.04128,35.64745563359212,35.64745563359212,3.573677773586565,79.0,1,1
2024-04-02,69763.0,-0.0105591603730099,-0.1789057236644066,1370602803740.2698,170.678422207736,0.076234375,35648117.378062665,38893522684.41933,35.239873098183786,35.239873098183786,3.56217819998839,79.0,1,1
2024-04-03,65655.0,-0.0588850823502429,-0.10521285507577494,1289936912953.6748,170.513923222862,0.076234375,35613759.906007856,38929136444.32534,33.13551315987919,33.13551315987919,3.50060561236396,71.0,1,1
2024-04-04,65733.0,0.0011880283299063,-0.0425965648913027,1291511592793.705,167.125367890511,0.076234375,34906021.82952924,38964042466.15487,33.14624230572442,33.14624230572442,3.5009293559300003,70.0,1,1
2024-04-05,67942.0,0.0336056470874599,-0.05975685143210385,1334957271235.5144,166.809596651726,0.076234375,34840069.43766143,38998882535.59253,34.230654430089345,34.230654430089345,3.533121570971353,79.0,1,1
2024-04-06,67661.0,-0.0041358806040445,-0.05509821019494243,1329479442086.293,165.994442483283,0.076234375,34669815.27722336,39033552350.86975,34.05991415118202,34.05991415118202,3.5281211547141025,75.0,1,1
2024-04-07,68404.0,0.0109812151756552,-0.07449856733524352,1344122592355.6133,170.631552500077,0.076234375,35638328.10992618,39069190678.97968,34.4036456603333,34.4036456603333,3.5381625372620893,78.0,1,1
2024-04-08,69397.25,0.0145203496871528,-0.09253968997330586,1363684188475.804,171.930364558251,0.076234375,35909599.68663127,39105100278.66631,34.87228465745064,34.87228465745064,3.551692377825769,76.0,1,1
2024-04-09,71702.0,0.0332109701753311,-0.1415860087584726,1409019384403.5852,171.605662525927,0.076234375,35841781.99760264,39140942060.66391,35.99860683526137,35.99860683526137,3.583480238686766,80.0,1,1
2024-04-10,69131.0,-0.0358567403977574,-0.09431369429054981,1358540795549.2097,173.194225327424,0.076234375,36173571.29163106,39177115631.95554,34.676896796381065,34.676896796381065,3.546073666835461,78.0,1,1
2024-04-11,69802.0,0.0097062099492268,-0.13333428841580475,1371771739491.98,173.060957822597,0.076234375,36145736.86714259,39213261368.822685,34.98234249351765,34.98234249351765,3.554843434001167,76.0,1,1
2024-04-12,70510.0,0.0101429758459643,-0.13499503616508302,1385730680462.5422,171.979059058689,0.076234375,35919770.08336231,39249181138.90605,35.305976844671704,35.305976844671704,3.564052265320043,79.0,1,1
2024-04-13,67138.0,-0.047823003829244,-0.08621049182281271,1319503793300.252,174.484906181943,0.076234375,36443144.57455906,39285624283.480606,33.58744623170202,33.58744623170202,3.514152373097813,72.0,1,1
2024-04-14,61952.0,-0.0772438857279037,0.018288352272727293,1217619775720.7903,173.374426410057,0.076234375,36211208.32425805,39321835491.80486,30.965486745260325,30.965486745260325,3.4328732534739816,72.0,1,1
2024-04-15,64420.0,0.0398372933884296,-0.04410121080409812,1266167591943.007,171.512622006018,0.076234375,35822349.433534324,39357657841.2384,32.17080642985657,32.17080642985657,3.471059408697284,74.0,1,1
2024-04-16,63155.0,-0.0196367587705681,0.04476288496556102,1241344477362.892,175.648351929244,0.076234375,36686143.36741359,39394343984.60581,31.51072849056641,31.51072849056641,3.450328074847109,65.0,1,1
2024-04-17,63039.0,-0.0018367508510807,0.035581148178111865,1239104656683.4968,174.120722079763,0.076234375,36367080.60903954,39430711065.21485,31.42486207347692,31.42486207347692,3.4475993653967323,67.0,1,1
2024-04-18,60839.0,-0.0348990307587366,0.09996877003238058,1195899902948.817,176.31410405072,0.076234375,36825193.22189481,39467536258.436745,30.30085017514049,30.30085017514049,3.4111757707071835,57.0,1,1
2024-04-19,63526.0,0.0441657489439339,0.05443440481062867,1248758209925.8472,178.844929401825,0.076234375,37353784.69826645,39504890043.13501,31.610218597301248,31.610218597301248,3.453480441651297,66.0,1,1
2024-04-20,64069.0,0.0085476812643641,0.03927016185674814,1259473015915.8784,173.108394296647,0.076234375,36155644.510845065,39541045687.64585,31.85229409118501,31.85229409118501,3.461109407404973,66.0,1,1
2024-04-21,64747.0,0.0105823409137024,0.07380681730427674,1272842419960.714,170.240127922721,0.076234375,35556574.66331146,39576602262.309166,32.1614880308436,32.1614880308436,3.470769712856144,72.0,1,1
2024-04-22,64777.0,0.0004633419309003,0.07637942479583804,1273473411973.1365,172.096066513531,0.076234375,35944208.412650585,39612546470.72182,32.148233967093695,32.148233967093695,3.470357518135787,73.0,1,1
2024-04-23,66545.01,0.0272937925498246,0.042993306335065595,1308273667088.6858,172.602231583752,0.076234375,36049926.70792492,39648596397.42974,32.99672084163605,32.99672084163605,3.496408188093839,71.0,1,1
2024-04-24,66352.0,-0.002900442873177,0.02099409211478176,1304521287221.0676,175.897225851408,0.076234375,36738123.49867378,39685334520.92841,32.87162129206992,32.87162129206992,3.492609710830574,72.0,1,1
2024-04-25,64036.0,-0.0349047504219918,0.07542632269348482,1259027998371.0876,176.038934941166,0.076234375,36767721.04357657,39722102241.97199,31.69590548610862,31.69590548610862,3.456187508064717,72.0,1,1
2024-04-26,64797.5,0.0118917483915297,0.06673096955901081,1274041208109.3198,173.447591527447,0.076234375,36226489.685891,39758328731.65788,32.04463690383581,32.04463690383581,3.4671298340708323,70.0,1,1
2024-04-27,63945.0,-0.0131563717736024,0.07504496051294085,1257320053016.896,175.402612648171,0.076234375,36634817.94137099,39794963549.59925,31.594954257209206,31.594954257209206,3.45299743243862,67.0,1,1
2024-04-28,63235.0,-0.0111032918914691,0.10043488574365456,1243399796263.003,175.670416868157,0.076234375,36690751.8792696,39831654301.47852,31.216373461467025,31.216373461467025,3.440942747592731,65.0,1,1
2024-04-29,63899.0,0.0105005139558789,0.06804488333150749,1256496670162.38,172.279639880651,0.076234375,35982549.78500412,39867636851.26353,31.516708021849,31.516708021849,3.450517818604158,67.0,1,1
2024-04-30,62944.0,-0.0149454608053334,0.0708884087442807,1237757660619.362,167.888165213449,0.076234375,35065340.671079524,39902702191.93461,31.01939449277562,31.01939449277562,3.4346126376602504,67.0,1,1
2024-05-01,59866.0,-0.0489006100660904,0.14358734507065773,1177268498349.497,163.625698105619,0.076234375,34175076.24389191,39936877268.1785,29.478231120677496,29.478231120677496,3.38365206283018,54.0,1,1
2024-05-02,57282.0,-0.0431630641766611,0.18061520198317105,1126490270109.912,163.347924419008,0.076234375,34117060.07022003,39970994328.24872,28.18269320144951,28.18269320144951,3.338708073282501,43.0,1,1
2024-05-03,58747.25,0.0255795887015117,0.15369281115286237,1155342625962.4062,161.867753238359,0.076234375,33807909.59117952,40004802237.8399,28.880098421523662,28.880098421523662,3.3631527219663138,48.0,1,1
2024-05-04,62933.0,0.071250143623744,0.0754899655188852,1237700783521.422,160.124301303283,0.076234375,33443769.95114374,40038246007.79104,30.912962153251613,30.912962153251613,3.4311755831038053,67.0,1,1
2024-05-05,63882.0,0.015079529022929,0.08177577408346637,1256405139357.3523,158.066730701882,0.076234375,33014023.07767475,40071260030.86871,31.35427082626018,31.35427082626018,3.4453504883031143,69.0,1,1
2024-05-06,63933.0,0.000798346952193,0.10121533480362244,1257448610590.0342,154.823107963979,0.076234375,32336555.81148345,40103596586.6802,31.35500846843439,31.35500846843439,3.4453740140773714,71.0,1,1
2024-05-07,63308.0,-0.0097758591024978,0.12462879888797618,1245195979988.2349,149.808277718087,0.076234375,31289151.840177502,40134885738.52038,31.02527781194427,31.02527781194427,3.434802285504868,68.0,1,1
2024-05-08,62975.25,-0.0052560497883363,0.1224409589481581,1238690948584.7354,147.376002861534,0.076234375,30781143.74834864,40165666882.26873,30.83954642694006,30.83954642694006,3.428797841289312,64.0,1,1
2024-05-09,61550.0,-0.0226319069793291,0.12555645816409422,1210695872161.034,144.474882955333,0.076234375,30175212.069309484,40195842094.33804,30.11992805921515,30.11992805921515,3.405187014456568,55.0,1,1
2024-05-10,62611.0,0.0172380178716491,0.10776061714395224,1231605382285.808,144.031590427503,0.076234375,30082625.415059373,40225924719.75311,30.61720497082875,30.61720497082875,3.42156210490146,66.0,1,1
2024-05-11,60495.0,-0.0337959783424638,0.15259112323332502,1190020233003.974,144.872304541374,0.076234375,30258218.058962487,40256182937.81207,29.56117908253554,29.56117908253554,3.386461983056343,53.0,1,1
2024-05-12,60991.5,0.008207289858666,0.14106063959732085,1199825528467.6772,142.123836990064,0.076234375,29684169.54942304,40285867107.36149,29.7827902095331,29.7827902095331,3.393930716941162,56.0,1,1
2024-05-13,61350.0,0.0058778682275399,0.09669111654441731,1206916606968.5044,144.363842763757,0.076234375,30152020.070392564,40316019127.43188,29.93640327319154,29.93640327319154,3.3990752406192297,57.0,1,1
2024-05-14,63085.0,0.0282803585982069,0.07916303400174374,1241088378073.8003,145.085976052192,0.076234375,30302845.7687776,40346321973.20065,30.76088023334994,30.76088023334994,3.426243760396732,66.0,1,1
2024-05-15,61579.0,-0.0238725529048109,0.08285292063852934,1211499199748.545,145.754754064228,0.076234375,30442527.614698987,40376764500.81535,30.004860833365694,30.004860833365694,3.401359396315929,64.0,1,1
2024-05-16,65982.0,0.0715016482891894,-0.0037457185292957274,1298164911451.193,144.85576454107,0.076234375,30254763.49297433,40407019264.30833,32.12721292208423,32.12721292208423,3.469703425577079,70.0,1,1
2024-05-17,65282.0,-0.0106089539571397,0.011197573603749955,1284433801696.2085,146.601890834514,0.076234375,30619461.702979185,40437638726.01131,31.76332353130212,31.76332353130212,3.458312276096141,74.0,1,1
2024-05-18,66921.0,0.0251064611991054,-0.005663394151312784,1316723462067.695,142.368446312532,0.076234375,29735258.97084091,40467373984.98215,32.537902324878914,32.537902324878914,3.4824056352040205,73.0,1,1
2024-05-19,66984.0,0.0009414085264716,-0.009151439149647667,1318005129351.814,145.5489115912,0.076234375,30399535.08790517,40497773520.07005,32.54512568940689,32.54512568940689,3.482627609035848,72.0,1,1
2024-05-20,66585.0,-0.0059566463633106,-0.025531275812870735,1310196060894.6453,147.152408555729,0.076234375,30734443.55065932,40528507963.62071,32.32776449778774,32.32776449778774,3.475926442974451,70.0,1,1
2024-05-21,69525.77,0.0441656529248328,-0.06720918013565336,1368105373760.1494,147.709047801029,0.076234375,30850703.94782621,40559358667.568535,33.73094197502914,33.73094197502914,3.5184155756041298,76.0,1,1
2024-05-22,69724.63,0.0028602344138008,-0.06691509155373077,1372062228280.662,149.740429963614,0.076234375,31274981.06988324,40590633648.63842,33.80243432900158,33.80243432900158,3.5205328214636387,76.0,1,1
2024-05-23,69406.0,-0.0045698342178367,-0.0755122035558885,1365835663200.5835,154.253776412978,0.076234375,32217644.48283046,40622851293.12125,33.62234849900512,33.62234849900512,3.515190979764605,76.0,1,1
2024-05-24,67745.0,-0.0239316485606432,-0.05142814967894305,1333191434004.8677,155.333933844507,0.076234375,32443247.56966393,40655294540.69092,32.7925661114202,32.7925661114202,3.4902018467581986,74.0,1,1
2024-05-25,68866.0,0.0165473466676506,-0.06949728458165128,1355295367001.8735,160.369727161294,0.076234375,33495029.91523773,40688789570.60616,33.30881506440653,33.30881506440653,3.505822078603973,76.0,1,1
2024-05-26,69121.5,0.0037101036796096,-0.139616472443451,1360366945039.519,163.084332089733,0.076234375,34062005.833296545,40722851576.43945,33.40549328884843,33.40549328884843,3.5087203561849933,75.0,1,1
2024-05-27,68743.75,-0.0054650145034468,-0.0993944904082189,1352975554643.035,158.51690639575,0.076234375,33108047.358941104,40755959623.79839,33.19699909244682,33.19699909244682,3.502459483055409,74.0,1,1
2024-05-28,69586.0,0.0122520229111737,-0.12410542350472797,1369595783414.8289,158.222027744402,0.076234375,33046458.620074373,40789006082.41847,33.57757187432851,33.57757187432851,3.5138583403491266,72.0,1,1
2024-05-29,68247.0,-0.0192423763400684,-0.10023883833721625,1343284189092.2812,156.17560846093,0.076234375,32619040.825380024,40821625123.24384,32.90619089849549,32.90619089849549,3.4936608132755187,72.0,1,1
2024-05-30,67406.0,-0.0123228859876625,-0.1081506097380055,1326773188371.369,149.491036247768,0.076234375,31222892.37383819,40852848015.61768,32.47688356670152,32.47688356670152,3.480528561388987,73.0,1,1
2024-05-31,68462.0,0.0156662611636946,-0.10988577605094796,1347601540658.661,147.790975883086,0.076234375,30867815.55366338,40883715831.17135,32.96181653897508,32.96181653897508,3.495349816962359,73.0,1,1
2024-06-01,67628.0,-0.0121819403464695,-0.08393579582421484,1331227374933.4758,144.947468670757,0.076234375,30273916.93684175,40913989748.10819,32.537217297294504,32.537217297294504,3.4823845817633687,72.0,1,1
2024-06-02,67776.28,0.002192582953806,-0.06722528884736667,1334188509756.1829,140.765993860543,0.076234375,29400568.66633516,40943390316.77453,32.58617567899757,32.58617567899757,3.4838881395077936,73.0,1,1
2024-06-03,67683.81,-0.0013643416251231,-0.08529085463717245,1332410451436.4448,145.800292933674,0.076234375,30452038.9222344,40973842355.69676,32.51856244942072,32.51856244942072,3.4818110785801704,73.0,1,1
2024-06-04,69106.0,0.0210122627553028,-0.13843949874106443,1360450507438.8755,145.782586673268,0.076234375,30448340.7696436,41004290696.46641,33.178247552422945,33.178247552422945,3.501894466984792,73.0,1,1
2024-06-05,70404.0,0.0187827395595172,-0.17156695642293052,1386047381155.9102,143.760349638559,0.076234375,30025973.71089595,41034316670.17731,33.777761971682935,33.777761971682935,3.5198026561262954,75.0,1,1
2024-06-06,71198.0,0.0112777683086189,-0.20861751734599288,1401723262414.5876,145.129685725429,0.076234375,30311975.028012324,41064628645.20532,34.134565650778185,34.134565650778185,3.5303105263357404,78.0,1,1
2024-06-07,70686.0,-0.0071912132363268,-0.17951022833375774,1391687191663.6038,144.055078999988,0.076234375,30087531.26887592,41094716176.4742,33.86535596662214,33.86535596662214,3.5223925439543704,77.0,1,1
2024-06-08,69278.0,-0.0199190787426081,-0.1750050521088946,1364009187721.327,148.684632567696,0.076234375,31054465.851788905,41125770642.32599,33.16677514895028,33.16677514895028,3.50154862631371,72.0,1,1
2024-06-09,69358.0,0.0011547677473369,-0.1887741861068658,1365627453661.42,150.637643935768,0.076234375,31462374.347714555,41157233016.673706,33.180740141305755,33.180740141305755,3.50196959136419,75.0,1,1
2024-06-10,69726.0,0.0053058046656477,-0.1691764908355563,1372916566670.1,148.083082972216,0.076234375,30928825.420438435,41188161842.09415,33.33279528068147,33.33279528068147,3.506541755610149,72.0,1,1
2024-06-11,69595.0,-0.0018787826635687,-0.17514189237732591,1370380413316.835,146.816140952668,0.076234375,30664210.26147548,41218826052.35562,33.246468775607426,33.246468775607426,3.503948559224636,74.0,1,1
2024-06-12,67282.0,-0.0332351462030318,-0.1445260247911775,1324877420869.0942,150.59288275535,0.076234375,31453025.4693216,41250279077.82494,32.11802321069176,32.11802321069176,3.469417343308313,72.0,1,1
2024-06-13,68079.0,0.0118456645165125,-0.15482013543089646,1340613750353.37,152.838140212989,0.076234375,31921972.86383448,41282201050.68878,32.474376758818735,32.474376758818735,3.480451370958148,70.0,1,1
2024-06-14,66681.0,-0.0205349667298285,-0.1210989637227996,1313125679836.6729,151.220186466616,0.076234375,31584044.93881077,41313785095.6276,31.784201733083187,31.784201733083187,3.458969365493263,74.0,1,1
2024-06-15,65734.85,-0.0141891993221456,-0.08647848135349834,1294534259446.857,145.950699029179,0.076234375,30483452.93507552,41344268548.56267,31.31109352983973,31.31109352983973,3.4439724606255684,74.0,1,1
2024-06-16,66013.0,0.0042313932411801,-0.03388726462969416,1300052877707.6304,147.900666572778,0.076234375,30890725.693860605,41375159274.25653,31.42109663168157,31.42109663168157,3.447479534563456,71.0,1,1
2024-06-17,66542.0,0.0080135730840895,-0.0278320459258814,1310512189653.7236,148.050071012995,0.076234375,30921930.499674767,41406081204.7562,31.65023473661132,31.65023473661132,3.45474556520127,71.0,1,1
2024-06-18,66371.0,-0.0025698055363529,-0.027858552681140902,1307185545862.245,152.012610627664,0.076234375,31749551.680324167,41437830756.43652,31.54570405834288,31.54570405834288,3.4514374167476736,74.0,1,1
2024-06-19,64885.0,-0.022389296530111,-0.01653694998844113,1277958759073.5562,150.259628114388,0.076234375,31383421.47132273,41469214177.907845,30.817047884991545,30.817047884991545,3.428068039612844,64.0,1,1
2024-06-20,64853.0,-0.0004931802419665,0.0328126686506407,1277368634209.1538,147.963421820539,0.076234375,30903832.83657576,41500118010.74442,30.779879562714537,30.779879562714537,3.426861215560795,60.0,1,1
2024-06-21,65059.0,0.0031764143524586,0.03564456877603406,1281466333808.085,149.275164089576,0.076234375,31177805.03394869,41531295815.77837,30.855438257749626,30.855438257749626,3.429313015455973,63.0,1,1
2024-06-22,64165.0,-0.0137413732150817,0.04254655965090004,1263896902295.2903,151.360133149951,0.076234375,31613274.3852145,41562909090.16359,30.409250217627527,30.409250217627527,3.4147468456019383,53.0,1,1
2024-06-23,64261.0,0.0014961427569546,0.06048769860413006,1265827588638.2036,143.0931337908,0.076234375,29886618.140638407,41592795708.30423,30.433818335166016,30.433818335166016,3.415554435339213,55.0,1,1
2024-06-24,64080.0,-0.0028166383965391,0.027543695380773947,1262301795535.6194,144.477698146992,0.076234375,30175800.053902995,41622971508.35813,30.32704657528216,30.32704657528216,3.412039940608369,51.0,1,1
2024-06-25,59471.0,-0.071925717852684,0.11049082746212435,1171546553583.433,140.069963883461,0.076234375,29255194.93952938,41652226703.29766,28.12686490757721,28.12686490757721,3.336725166151285,30.0,1,1
2024-06-26,61911.0,0.0410284003968319,0.05435221527676837,1219651443962.4568,137.452412100822,0.076234375,28708489.667804383,41680935192.96546,29.261614172426217,29.261614172426217,3.376276560592105,46.0,1,1
2024-06-27,60950.0,-0.0155222819854307,0.10656275635767032,1200757268674.379,136.850073776547,0.076234375,28582684.501531366,41709517877.467,28.788567448847733,28.788567448847733,3.359978344749324,40.0,1,1
2024-06-28,61406.0,0.0074815422477441,0.10347523043350804,1209778646576.3428,135.94938161511,0.076234375,28394564.764560007,41737912442.23155,28.985125891256985,28.985125891256985,3.3667827981066383,47.0,1,1
2024-06-29,60116.0,-0.0210077191153958,0.13485594517266608,1184401005267.4722,136.275441982846,0.076234375,28462666.15729048,41766375108.38884,28.35776392358224,28.35776392358224,3.344900852419378,30.0,1,1
2024-06-30,60939.0,0.0136901989486992,0.10543330215461366,1200653228736.814,137.350333146659,0.076234375,28687169.32459543,41795062277.71343,28.727154915068606,28.727154915068606,3.3578428397223936,47.0,1,1
2024-07-01,61951.59,0.0166164525180918,0.06799518785554981,1220641969815.0996,135.424354542737,0.076234375,28284906.926969767,41823347184.6404,29.18565949363755,29.18565949363755,3.373677475407044,53.0,1,1
2024-07-02,63220.0,0.0204742122034318,0.021164188547927898,1245672558732.7495,138.617999690461,0.076234375,28951935.80863695,41852299120.44904,29.76353951661675,29.76353951661675,3.393284138262828,51.0,1,1
2024-07-03,61911.0,-0.0207054729515976,0.044483209768861665,1219918401812.8025,141.818283537913,0.076234375,29620351.257768728,41881919471.70681,29.12756667317777,29.12756667317777,3.371685034120678,50.0,1,1
2024-07-04,59539.0,-0.0383130622991068,0.05038714120156529,1173216198197.1052,142.975588325428,0.076234375,29862067.44177068,41911781539.14858,27.99251559137943,27.99251559137943,3.331937174136232,44.0,1,1
2024-07-05,58325.0,-0.0203899964729,0.03494213459065576,1149330166751.1453,139.811895018595,0.076234375,29201294.34057042,41940982833.48915,27.403510578522376,27.403510578522376,3.310671128490672,29.0,1,1
2024-07-06,56344.85,-0.0339502786112302,0.04243777381606306,1110344696769.8137,139.673372619938,0.076234375,29172362.37211804,41970155195.86127,26.455577578595808,26.455577578595808,3.275467008610524,26.0,1,1
2024-07-07,57997.14,0.0293245966579021,-0.062039955763335874,1142940714551.2424,141.459619071095,0.076234375,29545440.130474,41999700635.99174,27.213068122961733,27.213068122961733,3.303697303621994,29.0,1,1
2024-07-08,57154.0,-0.0145376134064542,-0.010253000664870338,1126360157395.7725,142.841032817309,0.076234375,29833964.00323848,42029534599.99497,26.799253622853755,26.799253622853755,3.288374037235479,28.0,1,1
2024-07-09,56265.0,-0.0155544668789585,-0.019888029858704304,1108874736804.7192,142.52674724734,0.076234375,29768321.910092976,42059302921.90507,26.36455337511554,26.36455337511554,3.272020432771266,27.0,1,1
2024-07-10,57930.0,0.0295921087709944,0.027498705334023876,1141724194197.181,140.182975755304,0.076234375,29278798.746152744,42088581720.65122,27.126696779069214,27.126696779069214,3.300518363971267,28.0,1,1
2024-07-11,57406.0,-0.0090453996202313,0.05872208479949825,1131432020218.3257,139.109058199696,0.076234375,29054498.92792452,42117636219.57915,26.86361633211408,26.86361633211408,3.29077281837324,29.0,1,1
2024-07-12,57558.0,0.0026478068494582,0.05980054901143195,1134463087690.87,142.99088687419,0.076234375,29865262.716574185,42147501482.29572,26.91649677424905,26.91649677424905,3.292739361622132,25.0,1,1
2024-07-13,57539.0,-0.0003301018103478,0.047654634248075256,1134123825030.0552,141.485716316173,0.076234375,29550890.835043155,42177052373.13077,26.88959425131752,26.88959425131752,3.291739380963417,25.0,1,1
2024-07-14,58606.0,0.0185439441074748,0.0041804593386343125,1155190815707.07,145.043383681413,0.076234375,30293949.87078827,42207346323.00156,27.369425380754883,27.369425380754883,3.309426528340234,33.0,1,1
2024-07-15,60050.2,0.0246425280687982,0.008772660207626348,1183694365951.984,144.222383573475,0.076234375,30122474.719819546,42237468797.721375,28.02474673898645,28.02474673898645,3.3330879319499127,52.0,1,1
2024-07-16,63776.0,0.062044755887574,-0.07258216256899142,1257175382355.196,143.26455103758,0.076234375,29922420.56987812,42267391218.29125,29.74338718617562,29.74338718617562,3.3926068278276174,65.0,1,1
2024-07-17,64690.0,0.0143314099347717,-0.12383675993198329,1275232006534.0042,146.483588681453,0.076234375,30594752.96133601,42297985971.25259,30.148764231959014,30.148764231959014,3.406143935001815,69.0,1,1
2024-07-18,64522.0,-0.0025970010820838,-0.08130560119029173,1271959634682.872,145.243912177727,0.076234375,30335832.513490148,42328321803.76608,30.0498479618368,30.0498479618368,3.4028576014621543,61.0,1,1
2024-07-19,63812.0,-0.0110039986361241,-0.06928163981696234,1258001947517.605,145.547851188311,0.076234375,30399313.610777795,42358721117.37685,29.698770745029265,29.698770745029265,3.3911056558958497,60.0,1,1
2024-07-20,66981.0,0.0496615056729141,-0.1104193726579179,1320517088446.861,147.854944450912,0.076234375,30881176.11198628,42389602293.48884,31.1519103034778,31.1519103034778,3.438875569307446,74.0,1,1
2024-07-21,67378.0,0.0059270539406697,-0.12291846003146423,1328384957265.2412,148.949975740994,0.076234375,31109885.772273533,42420712179.26111,31.314536909511624,31.314536909511624,3.444082427731726,74.0,1,1
2024-07-22,66895.0,-0.0071685119772032,-0.11332685551984456,1318903192659.4663,153.746203700178,0.076234375,32111632.185495224,42452823811.4466,31.06750209402676,31.06750209402676,3.436162324100497,70.0,1,1
2024-07-23,68148.0,0.0187308468495404,-0.1012355461642308,1343648889350.1672,157.925905585764,0.076234375,32984610.160656784,42485808421.60726,31.62582846527217,31.62582846527217,3.4539741432349067,71.0,1,1
2024-07-24,65845.0,-0.0337940952045547,-0.07856329258106154,1298281591571.451,156.222909235484,0.076234375,32628920.12670917,42518437341.73397,30.534555659624928,30.534555659624928,3.418859014731162,69.0,1,1
2024-07-25,66042.0,0.00299187485762,-0.035423064110717495,1302206089222.6455,161.737604172283,0.076234375,33780726.48786681,42552218068.22184,30.602543142049228,30.602543142049228,3.4210831147222507,68.0,1,1
2024-07-26,65276.0,-0.0115986796281154,-0.016989398860224325,1287141934441.571,163.909090945514,0.076234375,34234266.04123128,42586452334.26307,30.22421131346498,30.22421131346498,3.4086433023130938,68.0,1,1
2024-07-27,67445.0,0.033228138979104,-0.04829253465786931,1329952282213.1,162.667577092546,0.076234375,33974961.84223167,42620427296.1053,31.20457411121808,31.20457411121808,3.440564690198593,72.0,1,1
2024-07-28,67760.0,0.0046704722366373,-0.06402007083825267,1336204976123.4355,159.996773117232,0.076234375,33417134.2482438,42653844430.353546,31.32671846977897,31.32671846977897,3.4444713586478497,71.0,1,1
2024-07-29,68223.0,0.0068329397874853,-0.09339958664966364,1345376634729.6963,159.853018809772,0.076234375,33387109.53651017,42687231539.89005,31.51707398669035,31.51707398669035,3.4505294303091736,74.0,1,1
2024-07-30,67364.0,-0.0125910616654207,-0.11948518496526339,1328477823691.527,157.121716574242,0.076234375,32816646.19716295,42720048186.08722,31.09729225736634,31.09729225736634,3.437120749715213,67.0,1,1
2024-07-31,66164.0,-0.0178136690220295,-0.10026600568284871,1304852920760.954,158.684927388546,0.076234375,33143140.44215393,42753191326.52937,30.52059694901096,30.52059694901096,3.4184017654979435,61.0,1,1
2024-08-01,64558.0,-0.024273018559942,-0.08541156789243776,1273219369488.7983,157.37971156669,0.076234375,32870531.36703256,42786061857.89641,29.757806963339828,29.757806963339828,3.3930915165016047,52.0,1,1
2024-08-02,64665.0,0.0016574243316087,-0.08840949509007967,1275368848442.8206,154.135057625145,0.076234375,32192848.722306613,42818254706.61871,29.78563365511668,29.78563365511668,3.394026185157417,57.0,1,1
2024-08-03,62539.0,-0.03287713600866,-0.06405602903788032,1233476280295.5166,153.016679180041,0.076234375,31959262.744838186,42850213969.36355,28.785767118395498,28.785767118395498,3.359881067708244,37.0,1,1
2024-08-04,60363.0,-0.0347942883640608,-0.022911386114010224,1190594921545.05,154.006420136686,0.076234375,32165981.329062104,42882379950.69261,27.76419879013316,27.76419879013316,3.323747377447856,34.0,1,1
2024-08-05,58736.0,-0.0269535974023822,-0.00887019885589757,1158539673399.914,152.707685375444,0.076234375,31894725.89669483,42914274676.58931,26.996603860391545,26.996603860391545,3.295711075144529,26.0,1,1
2024-08-06,54399.0,-0.0738388722418958,0.066802698579018,1073027336571.8218,152.868282556868,0.076234375,31928268.433003373,42946202945.02232,24.98538317684244,24.98538317684244,3.218290980954032,17.0,1,1
2024-08-07,56568.0,0.0398720564716263,-0.008803563852354701,1115845365818.0007,150.110171644314,0.076234375,31352205.79848493,42977555150.8208,25.963444451462472,25.963444451462472,3.256689566064416,29.0,1,1
2024-08-08,55146.0,-0.0251378871446754,-0.041616799042541563,1087828717509.9514,148.000351026605,0.076234375,30911545.91861325,43008466696.73941,25.293362006612124,25.293362006612124,3.230541990027956,20.0,1,1
2024-08-09,59523.0,0.0793711239255794,-0.08978042101372574,1174206881700.2268,148.041453614209,0.076234375,30920130.658549897,43039386827.39796,27.28214708097913,27.28214708097913,3.306232535192645,48.0,1,1
2024-08-10,60777.0,0.0210674865178166,-0.10467775638810739,1198981186089.563,146.345995970614,0.076234375,30566015.16869117,43069952842.56665,27.83799625860265,27.83799625860265,3.326401859406272,40.0,1,1
2024-08-11,61000.0,0.0036691511591555,-0.06535032786885253,1203417263269.895,148.198508625899,0.076234375,30952933.372678127,43100905775.93933,27.92092745163818,27.92092745163818,3.3293764955243432,39.0,1,1
2024-08-12,60281.0,-0.0117868852459016,-0.04493953318624444,1189269104625.2395,144.305121993576,0.076234375,30139755.57391512,43131045531.513245,27.57338919030638,27.57338919030638,3.3168511478505853,25.0,1,1
2024-08-13,58851.0,-0.0237222342031485,-0.023177176258687204,1161092487004.4678,144.763977170227,0.076234375,30235592.66325075,43161281124.1765,26.90125169510063,26.90125169510063,3.292172816941621,31.0,1,1
2024-08-14,60577.0,0.0293283036821803,-0.03930534691384524,1195181886565.776,145.447595001663,0.076234375,30378373.973164115,43191659498.14967,27.6715898498176,27.6715898498176,3.3204062496768585,30.0,1,1
2024-08-15,59147.0,-0.0236063192300708,0.01218996736943545,1167003688732.36,148.054720659116,0.076234375,30922901.630814508,43222582399.78048,26.999860349350325,26.999860349350325,3.295831693744669,29.0,1,1
2024-08-16,56679.0,-0.0417265457250579,0.05912242629545328,1118342799622.1355,148.336444092944,0.076234375,30981742.753830213,43253564142.53431,25.85550628699265,25.85550628699265,3.2525235874392004,27.0,1,1
2024-08-17,59276.0,0.0458194392985056,0.011927255550306937,1169620330811.9858,150.080757310806,0.076234375,31346062.28250952,43284910204.81682,27.021433688496565,27.021433688496565,3.2966303913944497,25.0,1,1
2024-08-18,59391.0,0.0019400769282678,-0.028977454496472488,1171925227671.96,148.021288899276,0.076234375,30915919.02994724,43315826123.84676,27.05535903485348,27.05535903485348,3.2978851015612003,31.0,1,1
2024-08-19,59585.0,0.0032664881884461,0.00912981455064199,1175789150765.4805,146.169076425129,0.076234375,30529063.522183407,43346355187.36895,27.125444473543727,27.125444473543727,3.3004721978478004,28.0,1,1
2024-08-20,59096.0,-0.0082067634471763,0.019222959252741312,1166175259494.8762,145.383232901061,0.076234375,30364931.22107348,43376720118.59003,26.88481877621464,26.88481877621464,3.291561769536473,30.0,1,1
2024-08-21,59314.0,0.0036889129551915,0.06286879994604977,1170512824822.3533,146.737719570869,0.076234375,30647831.069617707,43407367949.659645,26.965763650535536,26.965763650535536,3.2945680484525472,26.0,1,1
2024-08-22,61249.0,0.0326229895134368,0.02558409116883542,1208735244157.988,147.078570849567,0.076234375,30719021.71126016,43438086971.3709,27.82662240523252,27.82662240523252,3.325993202927473,39.0,1,1
2024-08-23,60672.0,-0.0094205619683587,0.040793117088607556,1197384706719.5852,150.538712132705,0.076234375,31441711.322579943,43469528682.69348,27.54538047697536,27.54538047697536,3.315834843752693,34.0,1,1
2024-08-24,63702.59,0.0499503889767931,-0.011735629587431129,1257232767841.906,151.43024710521,0.076234375,31627918.477154087,43501156601.17064,28.901134270256925,28.901134270256925,3.363880842453976,56.0,1,1
2024-08-25,64167.0,0.0072902844295656,-0.013480449452210608,1266436842008.926,148.461411209346,0.076234375,31007843.548390374,43532164444.71903,29.09197964684616,29.09197964684616,3.3704625226786216,54.0,1,1
2024-08-26,64187.91,0.000325868437047,0.0003597250634892468,1266888017770.0688,149.21563816113,0.076234375,31165372.371068195,43563329817.0901,29.08152391218411,29.08152391218411,3.3701030554251488,55.0,1,1
2024-08-27,63422.0,-0.0119323093710327,0.0011194853520859471,1251809124723.3442,148.538283644277,0.076234375,31023899.22518952,43594353716.31529,28.714937096426127,28.714937096426127,3.3574174436966264,48.0,1,1
2024-08-28,61851.0,-0.0247705843398189,0.045686245978237894,1220838128903.9995,151.371218031314,0.076234375,31615589.58796151,43625969305.90325,27.9842063873364,27.9842063873364,3.331640293439744,30.0,1,1
2024-08-29,59315.0,-0.0410017622997203,0.10948326730169433,1170817125938.017,148.243132096675,0.076234375,30962253.488856044,43656931559.392105,26.818584910055,26.818584910055,3.289095113972916,29.0,1,1
2024-08-30,59530.0,0.0036247155019808,0.10301511842768352,1175096628533.3142,146.043699405639,0.076234375,30502877.11473084,43687434436.50684,26.89781727148894,26.89781727148894,3.2920451409917457,34.0,1,1
2024-08-31,59044.0,-0.0081639509491012,0.11493123772102165,1165538513310.0527,145.887475792127,0.076234375,30470248.047508024,43717904684.55434,26.66043859420922,26.66043859420922,3.2831807660109344,29.0,1,1
2024-09-01,58948.0,-0.0016259061039225,0.08200447852344439,1163678698987.1382,146.922896155529,0.076234375,30686507.292073023,43748591191.84642,26.599226793022243,26.599226793022243,3.2808821474336782,26.0,1,1
2024-09-02,58533.0,-0.007040103141752,0.038456938820836006,1155521258070.2036,151.292886025294,0.076234375,31599229.063245267,43780190420.90967,26.393701054308803,26.393701054308803,3.2731253852559177,26.0,1,1
2024-09-03,58980.0,0.007636717748962,0.03255340793489325,1164380875304.4282,151.690563714395,0.076234375,31682288.54291666,43811872709.45258,26.576834161512764,26.576834161512764,3.280039940153517,26.0,1,1
2024-09-04,58215.0,-0.0129704984740589,0.04397492055312213,1149313029052.599,149.289329198462,0.076234375,31180763.57702466,43843053473.02961,26.21425603396004,26.21425603396004,3.2663033862191626,27.0,1,1
2024-09-05,58033.0,-0.0031263420080734,0.07528475177916016,1145754512469.9011,151.419963448019,0.076234375,31625770.61913033,43874679243.64874,26.114253875388947,26.114253875388947,3.262481290750222,29.0,1,1
2024-09-06,56070.0,-0.0338255819964502,0.10080256821829847,1107032141057.0637,150.50526344695,0.076234375,31434725.186544053,43906113968.83529,25.21362154352441,25.21362154352441,3.227384385921084,22.0,1,1
2024-09-07,52851.0,-0.05741037988229,0.1842597112637414,1043508512228.7944,150.9573430355,0.076234375,31529147.117731355,43937643115.95302,23.749760756965003,23.749760756965003,3.167572457038966,23.0,1,1
2024-09-08,54179.0,0.025127244517606,0.16303364772328766,1069761289058.727,154.152438198813,0.076234375,32196478.85154146,43969839594.80456,24.32943351435672,24.32943351435672,3.191686873102942,29.0,1,1
2024-09-09,54415.0,0.0043559312648813,0.14586051640172748,1074453504227.8314,150.498961438333,0.076234375,31433408.94082306,44001273003.74538,24.41869134414302,24.41869134414302,3.1953488777356567,26.0,1,1
2024-09-10,57013.63,0.0477557658733804,0.05892222614136311,1125798794321.8433,148.236559447749,0.076234375,30960880.71684791,44032233884.46224,25.56760570621666,25.56760570621666,3.24132614808732,33.0,1,1
2024-09-11,57572.0,0.0097936230336501,0.03753560758702146,1136858699562.1902,142.191829597771,0.076234375,29698370.57395225,44061932255.03619,25.801380951291566,25.801380951291566,3.250428015739006,37.0,1,1
2024-09-12,57487.0,-0.0014764121447926,0.09572599022387673,1135214416999.818,141.755696759389,0.076234375,29607279.301757656,44091539534.33794,25.746762961536582,25.746762961536582,3.2483089089759627,31.0,1,1
2024-09-13,58196.0,0.0123332231634978,0.08299539487249974,1149249864413.0056,138.754230817882,0.076234375,28980389.21919718,44120519923.55714,26.047967394858144,26.047967394858144,3.2599397380863206,32.0,1,1
2024-09-14,59868.0,0.0287304969413706,0.04396338611612216,1182303955830.9756,136.188020475546,0.076234375,28444407.187508084,44148964330.74465,26.77987974924335,26.77987974924335,3.2876508499334283,50.0,1,1
2024-09-15,60030.0,0.0027059530968129,0.09788439113776448,1185538865914.526,134.257548058861,0.076234375,28041206.20630063,44177005536.95095,26.836107416173924,26.836107416173924,3.289748272382075,51.0,1,1
2024-09-16,59983.0,-0.0007829418624021,0.10784722337995767,1184646264122.3354,131.949613556621,0.076234375,27559168.002686378,44204564704.95364,26.79918402159001,26.79918402159001,3.2883714400976967,39.0,1,1
2024-09-17,57670.0,-0.0385609255955854,0.1724119993063984,1138999424636.0469,134.342920223858,0.076234375,28059037.147782665,44232623742.10142,25.75021168260309,25.75021168260309,3.248442847759571,33.0,1,1
2024-09-18,60129.0,0.0426391538061383,0.1130569276056479,1187601055302.2793,138.535288705288,0.076234375,28934660.68463613,44261558402.78606,26.831433373740527,26.831433373740527,3.2895740873019905,45.0,1,1
2024-09-19,60232.0,0.0017129837516007,0.1358746181431798,1189671099759.9905,134.394810774557,0.076234375,28069875.07573045,44289628277.861786,26.861166959819545,26.861166959819545,3.290681636161004,49.0,1,1
2024-09-20,63043.0,0.0466695444282108,0.08240407341021205,1245229859667.922,137.943602941121,0.076234375,28811080.425930187,44318439358.28772,28.09733099130575,28.09733099130575,3.3356745893127657,54.0,1,1
2024-09-21,62816.0,-0.0036007169709563,0.09115511971472245,1240783338888.214,137.779626624631,0.076234375,28776832.11907425,44347216190.40679,27.97883261850878,27.97883261850878,3.3314482463694066,54.0,1,1
2024-09-22,63147.0,0.0052693581253184,0.07249212155763551,1247358848437.162,136.232248361122,0.076234375,28453644.68124633,44375669835.08804,28.109070873131245,28.109070873131245,3.3360923311217694,52.0,1,1
2024-09-23,62955.0,-0.0030405244904746,0.07190850607576849,1243603469758.935,139.826783680908,0.076234375,29204404.005956765,44404874239.094,28.006012652189163,28.006012652189163,3.332419224700575,50.0,1,1
2024-09-24,63302.0,0.0055118735604797,0.05186250039493223,1250495488817.6582,139.734131342788,0.076234375,29185052.51804206,44434059291.61204,28.14272449453472,28.14272449453472,3.3372888662794,54.0,1,1
2024-09-25,64211.0,0.0143597358693248,0.061297908458052275,1268490227239.69,140.960271053781,0.076234375,29441145.65374133,44463500437.26578,28.52879811002334,28.52879811002334,3.35091403710436,59.0,1,1
2024-09-26,63493.0,-0.0111818847238012,0.05154898965240262,1254343627041.3838,141.774017239404,0.076234375,29611105.74105531,44493111543.00684,28.191861246407573,28.191861246407573,3.339033328005263,50.0,1,1
2024-09-27,64676.74,0.0186436300064574,0.038372991588629946,1277767338034.9146,139.986623075288,0.076234375,29237788.269877143,44522349331.27671,28.699458973457403,28.699458973457403,3.356878271488846,61.0,1,1
2024-09-28,65809.0,0.0175064482223439,0.028324393320062535,1300175348462.2886,138.525304888769,0.076234375,28932575.451725338,44551281906.72844,29.183792088952824,29.183792088952824,3.3736134897215613,64.0,1,1
2024-09-29,65662.49,-0.0022262912367608,0.06036185956396101,1297319517294.9302,140.460527692416,0.076234375,29336768.604935687,44580618675.333374,29.100527445410755,29.100527445410755,3.3707562992850333,63.0,1,1
2024-09-30,65830.0,0.0025510759643747,0.09845055445845352,1300667896144.1758,138.657639927771,0.076234375,28960215.12018813,44609578890.45356,29.156695232165,29.156695232165,3.372684568487594,61.0,1,1
2024-10-01,63782.0,-0.0311104359714415,0.14206202376846133,1260241143552.2795,140.171010309058,0.076234375,29276299.62747834,44638855190.08104,28.23193243164334,28.23193243164334,3.3404536930449185,50.0,1,1
2024-10-02,60784.0,-0.0470038568875231,0.1504178731245065,1201040757904.8618,141.776635824923,0.076234375,29611652.66223456,44668466842.74327,26.88788854413032,26.88788854413032,3.2916759452241773,42.0,1,1
2024-10-03,60900.0,0.0019083969465649,0.13625615763546794,1203368680439.7893,146.385163669922,0.076234375,30574195.78534029,44699041038.52861,26.921577118456263,26.921577118456263,3.292928088441461,37.0,1,1
2024-10-04,60775.0,-0.0020525451559934,0.14217342657342646,1200934481317.1492,151.601696219125,0.076234375,31663727.562205084,44730704766.09081,26.848101043727496,26.848101043727496,3.290195093825371,41.0,1,1
2024-10-05,62402.0,0.0267708761826408,0.09493285471619495,1233121259203.6782,155.339562895848,0.076234375,32444423.260652494,44763149189.35146,27.54768780872595,27.54768780872595,3.315918604988861,49.0,1,1
2024-10-06,61722.0,-0.0108970866318387,0.08646835812190146,1219720122340.2683,155.508857402999,0.076234375,32479782.331730828,44795628971.6832,27.228552212344063,27.228552212344063,3.304266136426913,50.0,1,1
2024-10-07,62589.31,0.0140518777745373,0.10501298065116882,1236896265255.2126,158.390445342636,0.076234375,33081634.538815115,44828710606.222015,27.59160922829525,27.59160922829525,3.3175117130340785,50.0,1,1
2024-10-08,63012.0,0.0067533896762881,0.20588141941217541,1245286523408.6938,159.834294070992,0.076234375,33383198.66320077,44862093804.885216,27.7581008328481,27.7581008328481,3.323527719495971,49.0,1,1
2024-10-09,62352.0,-0.010474195391354,0.21837310751860395,1232279759638.2214,156.374949021915,0.076234375,32660675.354363155,44894754480.23958,27.448190192923523,27.448190192923523,3.312300234740956,49.0,1,1
2024-10-10,60373.0,-0.031739158326918,0.26765275868351757,1193203669026.5457,156.864578870389,0.076234375,32762940.08170496,44927517420.32128,26.55841536632168,26.55841536632168,3.279346660415773,39.0,1,1
2024-10-11,59733.0,-0.010600765242741,0.28029732308774036,1180589836587.2166,153.510896041966,0.076234375,32062485.52177877,44959579905.84306,26.25891609885314,26.25891609885314,3.268005592274616,32.0,1,1
2024-10-12,62990.0,0.0545259739172652,0.2767264645181775,1244999579797.4695,153.207159499551,0.076234375,31999046.7122564,44991578952.55532,27.67183568085821,27.67183568085821,3.3204151335158425,49.0,1,1
2024-10-13,63026.0,0.000571519288776,0.39670929457684134,1245748057216.849,152.007345059065,0.076234375,31748451.90681413,45023327404.462135,27.6689469444541,27.6689469444541,3.320310735411237,50.0,1,1
2024-10-14,62500.0,-0.0083457620664487,0.41292799999999996,1235387950839.7295,150.524714210858,0.076234375,31438787.69840651,45054766192.16055,27.419695078890125,27.419695078890125,3.3112615536817502,48.0,1,1
2024-10-15,65906.0,0.0544960000000001,0.3449458319424634,1302750239917.7205,149.865216771845,0.076234375,31301044.205044165,45086067236.36559,28.894741097909424,28.894741097909424,3.363659609629562,65.0,1,1
2024-10-16,66452.0,0.0082845264467574,0.32754469391440444,1313581797257.3372,152.215835403399,0.076234375,31791997.471454784,45117859233.83705,29.11445311377252,29.11445311377252,3.371234721453816,73.0,1,1
2024-10-17,67613.0,0.0174712574489857,0.35698756156360467,1336571272195.6543,152.598049976286,0.076234375,31871827.304550488,45149731061.1416,29.603083801001485,29.603083801001485,3.387878538369665,71.0,1,1
2024-10-18,66927.0,-0.0101459778444973,0.36036278333109206,1323049579015.9714,152.067326456499,0.076234375,31760979.69954017,45181492040.84114,29.2829988398794,29.2829988398794,3.377007103243391,73.0,1,1
2024-10-19,68416.0,0.0222481210871545,0.32382775958840027,1352524927162.286,156.667329289641,0.076234375,32721742.27757528,45214213783.11871,29.9137110655072,29.9137110655072,3.3983169393520574,72.0,1,1
2024-10-20,68238.0,-0.0026017305893358,0.33884345965591023,1349045879651.5815,162.019025148018,0.076234375,33839504.43909159,45248053287.55781,29.814451266625845,29.814451266625845,3.3949932177981506,73.0,1,1
2024-10-21,68542.0,0.0044549957501685,0.34682384523357945,1355095889845.752,166.918666045504,0.076234375,34862849.81318553,45282916137.371,29.925102123169605,29.925102123169605,3.3986976640754603,72.0,1,1
2024-10-22,67724.66,-0.0119246593329637,0.3940758063606373,1338976353582.6553,164.77327228091,0.076234375,34414760.07956164,45317330897.45056,29.546672918858576,29.546672918858576,3.3859711459348096,70.0,1,1
2024-10-23,67482.0,-0.003583037552348,0.45343943570137224,1334218111322.0334,167.447773810897,0.076234375,34973359.94963041,45352304257.400185,29.41897072637335,29.41897072637335,3.38163972905392,71.0,1,1
2024-10-24,66585.0,-0.0132924335378322,0.4928587519711647,1316521924424.2173,167.074231406859,0.076234375,34895341.397006206,45387199598.79719,29.00645856236318,29.00645856236318,3.367518514237502,69.0,1,1
2024-10-25,68147.0,0.0234587369527672,0.43915359443555846,1347445576397.4116,170.820179754843,0.076234375,35677725.04383043,45422877323.84102,29.66446988355316,29.66446988355316,3.3899500294532827,72.0,1,1
2024-10-26,66766.0,-0.0202650153344975,0.43674924362699574,1320178458389.39,167.87433220206,0.076234375,35062451.49031895,45457939775.33134,29.04175738966972,29.04175738966972,3.368734704298765,,1,1
2024-10-27,67158.58,0.0058799388910524,0.39554767238973776,1327980124402.5305,167.307173870076,0.076234375,34943994.06301802,45492883769.39436,29.19094184343482,29.19094184343482,3.373858450307627,74.0,1,1
2024-10-28,67673.0,0.0076597807755911,0.3543658475315119,1338191539163.9082,168.151785560922,0.076234375,35120400.75992031,45528004170.154274,29.392712541551624,29.392712541551624,3.3807467708827725,72.0,1,1
2024-10-29,69626.0,0.0288593678424187,0.3847126073593199,1376851396372.442,171.741306658055,0.076234375,35870112.80756209,45563874282.96184,30.21804923395862,30.21804923395862,3.408439402608751,72.0,1,1
2024-10-30,72311.0,0.038563180421107,0.3156504542877294,1429989202191.0334,174.294317359431,0.076234375,36403337.94506266,45600277620.9069,31.35922140823567,31.35922140823567,3.445508367630493,77.0,1,1
2024-10-31,72843.0,0.0073571102598497,0.3380072210095686,1440552116604.8618,175.756893834956,0.076234375,36708813.57109376,45636986434.47799,31.56545226037424,31.56545226037424,3.4520632396236217,77.0,1,1
2024-11-01,69927.0,-0.0400313001935669,0.3855352009953239,1382925554909.7356,175.324183934001,0.076234375,36618437.21806468,45673604871.69605,30.27844109950548,30.27844109950548,3.410435944400681,75.0,1,1
2024-11-02,69198.0,-0.0104251576644214,0.4072467412352958,1368548508027.2358,174.132515219975,0.076234375,36369543.73965146,45709974415.43571,29.939822227620706,29.939822227620706,3.399189441352636,72.0,1,1
2024-11-03,69415.59,0.0031444550420531,0.37447509990190975,1372892124539.7124,169.160399119011,0.076234375,35331061.10024206,45745305476.53595,30.011650599730004,30.011650599730004,3.4015856595968543,74.0,1,1
2024-11-04,68326.0,-0.0156966180075686,0.40624359687381095,1351381987521.2742,166.163931646634,0.076234375,34705215.00444894,45780010691.5404,29.51904045253956,29.51904045253956,3.3850354942087004,70.0,1,1
2024-11-05,67059.0,-0.0185434534437841,0.4595505450424253,1326361571514.1626,164.26825464019,0.076234375,34309281.43790612,45814319972.9783,28.95080778884119,28.95080778884119,3.3655981065257943,70.0,1,1
2024-11-06,69162.0,0.0313604437883057,0.4315520083282727,1367996932031.767,163.087716790913,0.076234375,34062712.76638974,45848382685.74469,29.837408691345374,29.837408691345374,3.3957629314623734,70.0,1,1
2024-11-07,75985.0,0.098652439200717,0.32365598473382895,1502997171614.8003,164.128360260311,0.076234375,34280062.91567026,45882662748.66036,32.75740947834776,32.75740947834776,3.489129180105706,77.0,1,1
2024-11-08,75968.0,-0.0002237283674408,0.3160146377422073,1502704883207.1926,163.713897030927,0.076234375,34193497.58621116,45916856246.246574,32.72664999424976,32.72664999424976,3.488189730517272,75.0,1,1
2024-11-09,76532.0,0.0074241786015163,0.30657764072544813,1513905512794.4602,164.754261144967,0.076234375,34410789.38896806,45951267035.63554,32.94589269149892,32.94589269149892,3.494866600416922,75.0,1,1
2024-11-10,76476.0,-0.0007317200648094,0.2684888069459699,1512841984505.2725,168.685673861752,0.076234375,35231909.365217805,45986498945.00076,32.89752469120581,32.89752469120581,3.4933974175914875,78.0,1,1
2024-11-11,80421.0,0.0515848109210732,0.2048621628679077,1590928138338.5437,167.545662345294,0.076234375,34993805.07631376,46021492750.07708,34.56924239676861,34.56924239676861,3.5429643386447576,76.0,1,1
2024-11-12,88029.0,0.0946021561532435,0.15453998114257805,1741484230158.848,168.703999169604,0.076234375,35235736.81286378,46056728486.889946,37.81172235571534,37.81172235571534,3.632619169780317,80.0,1,1
2024-11-13,88308.0,0.0031694100807688,0.12986966073288952,1747054704465.4275,166.485651408384,0.076234375,34772409.81256445,46091500896.70251,37.90405325226491,37.90405325226491,3.6350580523401184,84.0,1,1
2024-11-14,88640.0,0.0037595687819902,0.14309961642599278,1753674040858.9507,161.929603496966,0.076234375,33820827.71668224,46125321724.41919,38.01976821617569,38.01976821617569,3.63810624067599,88.0,1,1
2024-11-15,88218.0,-0.0047608303249097,0.14564794032963801,1745375992623.915,163.622404109343,0.076234375,34174388.25554299,46159496112.674736,37.81185107314592,37.81185107314592,3.632622573941872,80.0,1,1
2024-11-16,91750.0,0.0400371806207349,0.1240204904632154,1815308835435.9,166.901109272584,0.076234375,34859182.8827456,46194355295.55748,39.29720035751812,39.29720035751812,3.671153278615503,86.0,1,1
2024-11-17,91045.0,-0.007683923705722,0.16519303641056626,1801412618323.2593,167.518805176377,0.076234375,34988195.653062634,46229343491.21054,38.96686568057704,38.96686568057704,3.6627116870828513,90.0,1,1
2024-11-18,90571.0,-0.0052062167060245,0.17493458170937726,1792086253354.0627,171.162528499841,0.076234375,35749228.44823306,46265092719.658775,38.73517047103154,38.73517047103154,3.656747985030204,83.0,1,1
2024-11-19,91360.0,0.0087113976880017,0.10485989492119097,1807750438476.1345,176.615600163511,0.076234375,36888164.09237029,46301980883.75114,39.04261554197419,39.04261554197419,3.664653755765232,90.0,1,1
2024-11-20,92314.0,0.0104422066549911,0.0538195723292243,1826680475342.057,178.390654771001,0.076234375,37258904.30769323,46339239788.05884,39.41973333392437,39.41973333392437,3.674266536961064,83.0,1,1
2024-11-21,94413.31,0.0227409710336459,0.022758337780976134,1868275278839.4707,181.499334857147,0.076234375,37908187.27602826,46377147975.33487,40.2843935084816,40.2843935084816,3.695964136094896,82.0,1,1
2024-11-22,98081.0,0.0388471710185778,-0.012683394337333453,1940908887061.7795,180.588868475694,0.076234375,37718026.08274448,46414866001.41761,41.81653539627799,41.81653539627799,3.733291844951144,94.0,1,1
2024-11-23,99402.0,0.0134684597424576,-0.03870143457878106,1967107071709.1567,178.03255411909,0.076234375,37184110.9395137,46452050112.35712,42.34704532848744,42.34704532848744,3.745898650741794,93.0,1,1
2024-11-24,98074.0,-0.0133598921550873,-0.042121051450945135,1940883074792.7405,175.960315648495,0.076234375,36751300.515796535,46488801412.87292,41.74947548239656,41.74947548239656,3.731686887922055,80.0,1,1
2024-11-25,95926.0,-0.0219018292309888,0.024998436294643822,1898429266419.3464,178.864640716288,0.076234375,37357901.62905689,46526159314.501976,40.8034811897232,40.8034811897232,3.7087674010478215,82.0,1,1
2024-11-26,93723.0,-0.022965619331568,0.05021179433010037,1854884453332.7344,173.536841546468,0.076234375,36245130.56101102,46562404445.06299,39.83652638731821,39.83652638731821,3.6847842398418713,79.0,1,1
2024-11-27,91654.0,-0.0220756911323795,0.04405699696685361,1813989175397.4507,171.898802012126,0.076234375,35903007.49217306,46598307452.55516,38.92822024156981,38.92822024156981,3.66171944368982,75.0,1,1
2024-11-28,96412.0,0.051912627926768,-0.02085839936937306,1908213402099.6843,172.340808384165,0.076234375,35995325.5182509,46634302778.07341,40.91866476873524,40.91866476873524,3.711586310265984,77.0,1,1
2024-11-29,95136.0,-0.0132348670290005,-0.0014610662630339943,1883012975505.871,168.771682492847,0.076234375,35249873.23983735,46669552651.31325,40.34778283765881,40.34778283765881,3.697536444945003,78.0,1,1
2024-11-30,97464.46,0.0244750672721156,-0.037679991250143985,1929155676773.8904,173.00753118829,0.076234375,36134578.11077341,46705687229.42402,41.30451324477131,41.30451324477131,3.720971773530828,84.0,1,1
2024-12-01,96886.32,-0.0059318032439722,-0.05122828486002984,1917767779368.337,177.003192752938,0.076234375,36969117.18499933,46742656346.60902,41.02821553716562,41.02821553716562,3.714260013847706,81.0,1,1
2024-12-02,97378.66,0.005081625558696,-0.03777018496660367,1927568887069.384,169.820089242052,0.076234375,35468844.83784125,46778125191.44686,41.20662979075164,41.20662979075164,3.718599160660942,80.0,1,1
2024-12-03,95410.0,-0.0202165443640321,-0.006634524682947229,1888654682508.5195,172.823889226128,0.076234375,36096222.41157014,46814221413.85843,40.34360981488887,40.34360981488887,3.697433013274375,76.0,1,1
2024-12-04,96083.0,0.0070537679488522,0.010606454835923262,1902031750627.681,175.137826254648,0.076234375,36579514.31063474,46850800928.16907,40.59763574893517,40.59763574893517,3.703709832127245,78.0,1,1
2024-12-05,97876.0,0.0186609493875087,0.0036270382933507594,1937581403719.249,177.26986857224,0.076234375,37024815.44366262,46887825743.61273,41.32376310887469,41.32376310887469,3.721437712439423,84.0,1,1
2024-12-06,99009.0,0.0115758715108913,-0.006615560201597814,1960067152594.1465,180.279806026359,0.076234375,37653474.89737181,46925479218.5101,41.76978445903613,41.76978445903613,3.732173218309898,72.0,1,1
2024-12-07,100578.0,0.0158470442081022,-0.028536757541410607,1991185847889.84,177.001779334533,0.076234375,36968821.97659189,46962448040.48669,42.3995326260084,42.3995326260084,3.7471373392056586,75.0,1,1
2024-12-08,99975.0,-0.0059953468949471,0.016790297574393653,1979305051110.3345,175.346835781126,0.076234375,36623168.31233364,46999071208.79903,42.11370565850192,42.11370565850192,3.7403732377915855,79.0,1,1
2024-12-09,99995.0,0.0002000500125032,-0.035407170358517814,1979758048555.2568,182.503863789646,0.076234375,38117994.49613368,47037189203.29516,42.08920817948378,42.08920817948378,3.739791370048709,78.0,1,1
2024-12-10,97008.95,-0.0298619930996549,-0.02612480601016709,1920693835304.674,181.982424827714,0.076234375,38009086.07595961,47075198289.37112,40.80054689304067,40.80054689304067,3.708695485561473,78.0,1,1
2024-12-11,96896.22,-0.0011620577276632,-0.04935404084906514,1918517095638.6328,181.113358993922,0.076234375,37827571.85493773,47113025861.22605,40.72158517879382,40.72158517879382,3.706758300236867,74.0,1,1
2024-12-12,101633.0,0.0488850855069475,-0.06871705056428523,2012361857178.7705,179.896665615342,0.076234375,37573451.69251941,47150599312.91857,42.67945448208573,42.67945448208573,3.753717644769996,83.0,1,1
2024-12-13,99776.53,-0.0182664095323369,-0.048619149212745794,1975660036243.1555,185.80631503474,0.076234375,38807748.760894544,47189407061.67947,41.86660013890079,41.86660013890079,3.734488376325732,76.0,1,1
2024-12-14,101324.35,0.0155128666029977,-0.061251318167844127,2006365845544.9463,188.761138062117,0.076234375,39424896.94371013,47228831958.62318,42.48180110197747,42.48180110197747,3.749075774857324,83.0,1,1
2024-12-15,101066.77,-0.002542133258195,-0.06783792536359878,2001322881039.3533,187.196817811678,0.076234375,39098170.98044421,47267930129.60362,42.33997290661849,42.33997290661849,3.745731625806148,80.0,1,1
2024-12-16,103128.88,0.0204034421996468,-0.0644430541667863,2042215386656.7969,185.003006443982,0.076234375,38639968.683227226,47306570098.28685,43.16980458346003,43.16980458346003,3.765141282882599,83.0,1,1
2024-12-17,106085.0,0.0286643275869959,-0.06028062402790213,2100814399360.839,182.921414342353,0.076234375,38205204.64795977,47344775302.93481,44.37267651855587,44.37267651855587,3.79262388627952,87.0,1,1
2024-12-18,106415.0,0.0031107131074139,-0.059091293520650234,2107409870931.0127,184.377679072825,0.076234375,38509361.99470519,47383284664.92951,44.47580799502492,44.47580799502492,3.794945400784848,81.0,1,1
2024-12-19,100940.0,-0.0514495136963774,0.0368342579750347,1999041961744.666,184.972578292189,0.076234375,38633613.41984547,47421918278.34936,42.154388399284464,42.154388399284464,3.74133879289042,75.0,1,1
2024-12-20,97282.3,-0.0362363780463641,0.06734236341040467,1926659122629.1628,182.832658416423,0.076234375,38186666.96976574,47460104945.31912,40.59534054652748,40.59534054652748,3.703653295157841,74.0,1,1
2024-12-21,96562.0,-0.0074042246122881,0.08738385700379037,1912448472151.616,181.515612532275,0.076234375,37911587.052438766,47498016532.37156,40.26375440010669,40.26375440010669,3.6954516697164,73.0,1,1
2024-12-22,96837.0,0.0028479111865951,0.05871123640757148,1917949851873.7112,185.837576272217,0.076234375,38814278.023636416,47536830810.3952,40.34660744473315,40.34660744473315,3.697507312983745,73.0,1,1
2024-12-23,95555.0,-0.0132387413901711,0.1173583799905813,1892612753645.7712,184.234762819965,0.076234375,38479512.320145935,47575310322.71534,39.78140638090853,39.78140638090853,3.683399626770435,70.0,1,1
2024-12-24,93943.02,-0.0168696562189314,0.1076507866151204,1860738232347.9763,183.105006193622,0.076234375,38243549.88093671,47613553872.59628,39.0800114884706,39.0800114884706,3.6656111211476863,73.0,1,1
2024-12-25,98324.0,0.0466344386203465,0.04805256092103649,1947568375214.1963,183.913769563953,0.076234375,38412469.25096432,47651966341.84724,40.87068225564223,40.87068225564223,3.710412990748384,73.0,1,1
2024-12-26,98429.0,0.0010678979699767,0.06796208434506101,1949703872507.5493,180.971947227293,0.076234375,37798036.40933058,47689764378.25657,40.88306784330617,40.88306784330617,3.710715988170367,79.0,1,1
2024-12-27,95692.0,-0.0278068455434882,0.0982588931154118,1895542876708.2776,181.759301733569,0.076234375,37962484.29615082,47727726862.55272,39.71575856036682,39.71575856036682,3.681748050000055,74.0,1,1
2024-12-28,94401.0,-0.0134912009363373,0.11149564093600706,1870023090053.5684,180.678248614262,0.076234375,37736694.13480241,47765463556.68752,39.150108693789726,39.150108693789726,3.667403198774969,72.0,1,1
2024-12-29,94997.0,0.0063134924418173,0.06756318620588031,1881883141301.972,180.462210858983,0.076234375,37691572.20808981,47803155128.895615,39.36734167917774,39.36734167917774,3.67293658119204,73.0,1,1
2024-12-30,93792.0,-0.0126846110929819,0.06962192937563971,1858065154146.0552,183.619749796415,0.076234375,38351059.89968787,47841506188.7953,38.83793179114462,38.83793179114462,3.659397392549725,65.0,1,1
2024-12-31,91923.0,-0.0199270726714432,0.12890364761811512,1821091243260.53,183.095410393367,0.076234375,38241545.68960777,47879747734.48491,38.034687512543165,38.034687512543165,3.63849857262856,64.0,1,1
2025-01-01,93700.65,0.0193384680656636,0.12127461228924252,1856361224926.3245,180.369989706162,0.076234375,37672310.778097786,47917420045.26301,38.74084254062088,38.74084254062088,3.656894406338658,66.0,1,1
2025-01-02,94777.0,0.0114871134832041,0.07760427107842616,1877738905707.4363,185.884851067157,0.076234375,38824151.89882958,47956244197.16184,39.15525365138093,39.15525365138093,3.6675346063170458,70.0,1,1
2025-01-03,97102.1,0.024532323242981,0.04223626471518127,1923858937468.0715,182.256271417443,0.076234375,38066282.031066105,47994310479.1929,40.0851458904098,40.0851458904098,3.691005839014544,74.0,1,1
2025-01-04,98231.0,0.0116259071636966,-0.011892477934664303,1946280886887.268,182.796225448511,0.076234375,38179057.53267487,48032489536.72558,40.52009183074186,40.52009183074186,3.701797945684476,73.0,1,1
2025-01-05,98354.0,0.0012521505431075,0.0360537446367204,1948773310575.9023,181.867097739667,0.076234375,37984998.71026692,48070474535.43584,40.53992246611454,40.53992246611454,3.7022872284940167,72.0,1,1
2025-01-06,97707.83,-0.0065698395591434,-0.01262478145303203,1936025179612.579,176.489406923517,0.076234375,36861807.20804106,48107336342.64388,40.24386563045737,40.24386563045737,3.694957585552781,76.0,1,1
2025-01-07,101653.61,0.0403834574977255,-0.046763612231774165,2014265761009.7776,176.64089974595,0.076234375,36893448.19608262,48144229790.839966,41.83815526306366,41.83815526306366,3.733808728513718,78.0,1,1
2025-01-08,96454.46,-0.0511457487835403,0.0038025198627413825,1911298870435.6987,174.045783595401,0.076234375,36351428.85967301,48180581219.69964,39.66948554896685,39.66948554896685,3.6805822661781433,70.0,1,1
2025-01-09,94474.61,-0.0205262670072489,0.0163136952880778,1872120140956.1328,171.450667761874,0.076234375,35809409.58947702,48216390629.28912,38.82746336924919,38.82746336924919,3.6591278150387314,69.0,1,1
2025-01-10,92114.0,-0.0249867133613994,0.04848177258614328,1825393761681.12,171.450667761874,0.076234375,35809409.58947702,48252200038.87859,37.830270126757576,37.830270126757576,3.633109579162864,50.0,1,1
2025-01-11,94649.08,0.0275211151399352,0.015344681638743918,1875683782623.1416,169.547582690478,0.076234375,35411928.764847696,48287611967.64344,38.84399551338343,38.84399551338343,3.659553509228637,69.0,1,1
2025-01-12,94925.48,0.0029202608202847,0.02619992019002715,1881214547449.6824,172.355819669286,0.076234375,35998460.794796504,48323610428.43824,38.92951149077627,38.92951149077627,3.661752613143331,62.0,1,1
2025-01-13,95118.1,0.0020291706715627,0.013020970772124274,1885085214578.735,171.625898878917,0.076234375,35846008.58862312,48359456437.02686,38.980694851966994,38.980694851966994,3.663066519779104,61.0,1,1
2025-01-14,94210.61,-0.0095406657618266,0.03692195603021786,1867153074168.8303,175.248615966041,0.076234375,36602653.99393468,48396059091.0208,38.58068423830101,38.58068423830101,3.65275174289058,63.0,1,1
2025-01-15,96482.94,0.0241196824858687,0.0005234085943068845,1912242289535.3965,177.817454249133,0.076234375,37139184.90074999,48433198275.92155,39.482056886713245,39.482056886713245,3.675846312668973,70.0,1,1
2025-01-16,99690.13,0.0332410061302028,-0.02244474954541642,1975862994297.652,173.80038559502,0.076234375,36300174.713959865,48469498450.63551,40.76508025578188,40.76508025578188,3.707825838855286,75.0,1,1
2025-01-17,100126.8,0.0043802731524174,-0.024371896435320006,1984573879025.2893,175.342787676547,0.076234375,36622322.81994318,48506120773.45545,40.91388565773188,40.91388565773188,3.711469508064809,75.0,1,1
2025-01-18,104658.05,0.0452551165122625,-0.07333071846838357,2074444575671.8645,174.0959524795,0.076234375,36361907.1980942,48542482680.65355,42.73462050383813,42.73462050383813,3.755009376359484,77.0,1,1
2025-01-19,103833.52,-0.007878323740983,-0.07130337101159634,2058159515199.7708,170.408009597734,0.076234375,35591638.648430824,48578074319.30198,42.36807539285235,42.36807539285235,3.746395139789271,77.0,1,1
2025-01-20,104999.96,0.0112337518751171,-0.09481794088302509,2081339078634.74,174.585530168711,0.076234375,36464161.03138445,48614538480.33337,42.81309961374476,42.81309961374476,3.756844121500887,76.0,1,1
2025-01-21,102522.42,-0.0235956280364297,-0.060391863555308234,2032285873533.9968,170.930199233203,0.076234375,35700703.85525674,48650239184.18862,41.773399424405945,41.773399424405945,3.7322597595501055,76.0,1,1
2025-01-22,106769.18,0.041422744410442,-0.08084973585073896,2116528374566.6863,172.844894880274,0.076234375,36100609.6798312,48686339793.86845,43.47273554610572,43.47273554610572,3.7721339725377616,84.0,1,1
2025-01-23,104056.06,-0.0254110783654982,-0.08392687557072598,2062803205732.2305,174.237401208897,0.076234375,36391450.363793164,48722731244.23225,42.33759383052696,42.33759383052696,3.74567543439244,75.0,1,1
2025-01-24,103048.72,-0.0096807432455159,-0.06194555352070363,2042891247335.1584,172.49676909067,0.076234375,36027899.674374096,48758759143.906624,41.89793348320798,41.89793348320798,3.735236505501977,75.0,1,1
2025-01-25,105118.44,0.020084868594195,-0.08980289281309728,2083981086631.4944,172.148642984046,0.076234375,35955189.60270379,48794714333.50933,42.70915641369662,42.70915641369662,3.754413333164437,75.0,1,1
2025-01-26,105094.59,-0.0002268869286873,-0.10559458864628524,2083566854481.1096,169.885820279287,0.076234375,35482573.50781855,48830196907.01715,42.66963859368936,42.66963859368936,3.753487627365337,73.0,1,1
2025-01-27,104926.3,-0.0016013193447921,-0.1545811679245337,2080288872896.0225,170.090260756613,0.076234375,35525273.21196553,48865722180.22912,42.57153644887088,42.57153644887088,3.75118587148076,71.0,1,1
2025-01-28,101415.3,-0.0334615820818994,-0.1670495477506846,2010735606883.1013,172.153928991549,0.076234375,35956293.645109914,48901678473.87423,41.11792620691617,41.11792620691617,3.716444187163955,72.0,1,1
2025-01-29,100321.98,-0.0107806218588319,-0.15971245782828447,1989114481983.6904,172.749190490419,0.076234375,36080620.73641928,48937759094.61065,40.64580231673798,40.64580231673798,3.704895566620835,72.0,1,1
2025-01-30,103772.21,0.0343915660356783,-0.1882540614679017,2057580992914.892,174.058451387467,0.076234375,36354074.67120939,48974113169.28186,42.0136447556027,42.0136447556027,3.737994440656266,70.0,1,1
2025-01-31,105064.16,0.0124498649493924,-0.1810236716307445,2083256038490.692,171.225681645105,0.076234375,35762418.6963385,49009875587.9782,42.50686241288278,42.50686241288278,3.749665531434148,76.0,1,1
2025-02-01,102132.1,-0.0279073282459022,-0.07660774624236655,2025174710630.5188,180.273787912773,0.076234375,37652217.94633645,49047527805.92453,41.29004663892346,41.29004663892346,3.720621469442613,68.0,1,1
2025-02-02,101203.33,-0.0090938108586821,-0.1569822850690783,2006814394015.0007,185.541917091783,0.076234375,38752526.26244903,49086280332.18698,40.88340734792015,40.88340734792015,3.710724292420077,60.0,1,1
2025-02-03,97062.79,-0.0409130806268924,-0.09832480603535088,1924763347554.8467,184.929939643149,0.076234375,38624707.85611832,49124905040.0431,39.181009021511954,39.181009021511954,3.668192165669005,44.0,1,1
2025-02-04,101900.03,0.049836193663916,-0.11273323472034313,2020742799088.244,181.766885153034,0.076234375,37964068.17900911,49162869108.22211,41.10302827607534,41.10302827607534,3.716081799470999,72.0,1,1
2025-02-05,96474.29,-0.0532457154330573,-0.06686112952995027,1913200437967.3604,179.301432092943,0.076234375,37449130.44441219,49200318238.66652,38.885936239001325,38.885936239001325,3.6606326489819465,54.0,1,1
2025-02-06,96899.92,0.0044118490014282,-0.1093271284434496,1921694935003.096,178.727195975618,0.076234375,37329194.74165411,49237647433.40817,39.02897549283009,39.02897549283009,3.664304331625104,49.0,1,1
2025-02-07,96821.23,-0.0008120749738493,-0.10904178763273298,1920188051103.5269,186.311934266162,0.076234375,38913353.051566966,49276560786.45974,38.96757445034918,38.96757445034918,3.6627298759547022,44.0,1,1
2025-02-08,96015.84,-0.0083183202692219,-0.13495189960323206,1904268516623.8025,181.916287367336,0.076234375,37995272.51991576,49314556058.97965,38.61473505604144,38.61473505604144,3.653633940830823,44.0,1,1
2025-02-09,96579.85,0.0058741349344026,-0.1789295593231922,1915507938683.5657,177.759704180632,0.076234375,37127123.14628868,49351683182.12594,38.81342671970546,38.81342671970546,3.658766236244862,46.0,1,1
2025-02-10,96101.44,-0.0049535177368779,-0.13809928342384892,1906072637744.62,176.419265450445,0.076234375,36847157.36869525,49388530339.49464,38.59342694836956,38.59342694836956,3.653081975658756,43.0,1,1
2025-02-11,97412.52,0.0136426675812557,-0.14649574818514088,1932130454958.454,176.411370161276,0.076234375,36845508.34832472,49425375847.84296,39.09187177264079,39.09187177264079,3.665914562327978,47.0,1,1
2025-02-12,96356.63,-0.0108393664387288,-0.16590565693299986,1911240677217.8057,175.815109816882,0.076234375,36720972.63683935,49462096820.479805,38.64051061471489,38.64051061471489,3.6543012239235386,46.0,1,1
2025-02-13,97689.05,0.0138280054003547,-0.13832584102312384,1937723327178.3176,179.494703288407,0.076234375,37489497.31781412,49499586317.79762,39.14625295528192,39.14625295528192,3.667304707901837,50.0,1,1
2025-02-14,96533.44,-0.0118294732111736,-0.125503866846556,1914854420385.804,177.394494349997,0.076234375,37050844.94578918,49536637162.74341,38.65531715636864,38.65531715636864,3.6546843375342415,48.0,1,1
2025-02-15,97452.61,0.0095217781527312,-0.14589737514469858,1933141061101.4536,178.9046947125,0.076234375,37366267.3588308,49574003430.10224,38.99505642765206,38.99505642765206,3.663434879829807,50.0,1,1
2025-02-16,97686.52,0.0024002435645387,-0.14029776063268495,1937834995805.7964,180.789329304763,0.076234375,37759894.59237751,49611763324.69462,39.05999033179344,39.05999033179344,3.665098677926573,54.0,1,1
2025-02-17,96983.4,-0.0071977177608538,-0.15418576787367733,1923940518206.993,180.314020153121,0.076234375,37660620.90441255,49649423945.59903,38.75051038487492,38.75051038487492,3.657143926935195,51.0,1,1
2025-02-18,96429.84,-0.0057077809192088,-0.11442765019624623,1913012268313.3464,183.035898880914,0.076234375,38229116.03767034,49687653061.6367,38.500757239233785,38.500757239233785,3.650677909651842,47.0,1,1
2025-02-19,95044.08,-0.0143706553904889,-0.11070526433629535,1885573420212.3032,181.68136819248,0.076234375,37946206.99533861,49725599268.63204,37.91957156767265,37.91957156767265,3.6354673790021255,44.0,1,1
2025-02-20,96330.9,0.0135391914993547,-0.12592179664053782,1911155635945.204,176.590226449162,0.076234375,36882864.50537078,49762482133.13741,38.40555281852678,38.40555281852678,3.648202053788572,49.0,1,1
2025-02-21,98136.92,0.0187480860243183,-0.1445411166358186,1947040191740.599,172.388796704159,0.076234375,36005348.4212154,49798487481.55863,39.09838009561288,39.09838009561288,3.666081036353362,55.0,1,1
2025-02-22,95322.96,-0.0286738161336221,-0.1069978313724207,1891263590201.5603,168.534156467479,0.076234375,35200263.24506978,49833687744.8037,37.951507821107775,37.951507821107775,3.6363092348338486,49.0,1,1
2025-02-23,96665.31,0.0140821266985413,-0.09080289506132022,1917949788274.5645,164.371091718273,0.076234375,34330760.1238636,49868018504.92757,38.46051729697356,38.46051729697356,3.649632190329503,50.0,1,1
2025-02-24,95678.5,-0.0102085225816789,-0.08123517822708348,1898422971209.1235,162.407944434161,0.076234375,33920734.62732326,49901939239.55489,38.04307007180061,38.04307007180061,3.6387189408296616,49.0,1,1
2025-02-25,93997.17,-0.0175727044215785,-0.07117022778451743,1865114212980.4312,162.826504881298,0.076234375,34008155.70701425,49935947395.26191,37.3501317240934,37.3501317240934,3.620336438322096,25.0,1,1
2025-02-26,88706.67,-0.0562836093895167,-0.01579531730815731,1760187589489.1086,167.434739224931,0.076234375,34970637.529042736,49970918032.79096,35.22423959339855,35.22423959339855,3.5617344704232377,21.0,1,1
2025-02-27,84473.92,-0.0477162540314048,-0.008010164557297639,1676244420125.4766,170.136183583474,0.076234375,35534864.7133463,50006452897.5043,33.5205623074524,33.5205623074524,3.512159050755172,10.0,1,1
2025-02-28,84299.31,-0.0020670284982631,-0.021113340073601994,1672825846083.3433,174.04242027442,0.076234375,36350726.39207599,50042803623.89638,33.427900216296784,33.427900216296784,3.5093908871011337,16.0,1,1
2025-03-01,84236.67,-0.0007430665802602,-0.019361045492420348,1671629039723.1265,173.80103244179,0.076234375,36300309.81521804,50079103933.71159,33.37977137002727,33.37977137002727,3.507950068900085,20.0,1,1
2025-03-02,86045.06,0.0214679663856607,-0.04190327718988163,1707562700109.9976,172.424636630061,0.076234375,36012833.99478029,50115116767.706375,34.07280697408915,34.07280697408915,3.528499616717325,26.0,1,1
2025-03-03,94307.99,0.0960302660024876,-0.0960032124531549,1871592091354.921,175.514629877767,0.076234375,36658214.00572025,50151774981.7121,37.3185613477768,37.3185613477768,3.619490826141168,33.0,1,1
2025-03-04,85316.2,-0.0953449437317029,0.0049307165579339785,1693191988993.0078,175.015937222533,0.076234375,36554056.4087645,50188329038.12087,33.73676752033193,33.73676752033193,3.5185882669659927,15.0,1,1
2025-03-05,87519.11,0.025820535841962,-0.05897671948446459,1736959037815.0764,170.775179741579,0.076234375,35668326.28249846,50223997364.403366,34.584245160982725,34.584245160982725,3.543398236195824,20.0,1,1
2025-03-06,90412.51,0.0330602082219528,-0.06934582393520539,1794432750557.1406,173.820323833814,0.076234375,36304339.040461406,50260301703.44383,35.70278509558144,35.70278509558144,3.575228699624502,25.0,1,1
2025-03-07,90023.91,-0.0042980777770685,-0.07750718670184398,1786769388234.789,171.103479076662,0.076234375,35736895.30886275,50296038598.752686,35.52505203221114,35.52505203221114,3.5702381386467263,34.0,1,1
2025-03-08,86306.13,-0.0412976952456297,-0.08690958568064633,1713027123486.0483,169.919957130138,0.076234375,35489703.37491196,50331528302.1276,34.034872003154256,34.034872003154256,3.527385646151085,28.0,1,1
2025-03-09,86263.67,-0.0004919696897544,-0.0851619227422159,1712231513382.7368,175.637226334221,0.076234375,36683819.66115857,50368212121.78875,33.9942880887377,33.9942880887377,3.526192513112952,27.0,1,1
2025-03-10,83058.32,-0.0371575890522625,-0.0715766945442673,1648654492342.4138,176.685847567156,0.076234375,36902836.05651344,50405114957.84526,32.70807920428739,32.70807920428739,3.4876221178538303,20.0,1,1
2025-03-11,79298.86,-0.0452628947948863,0.04917283804584338,1574074917087.442,175.471284998531,0.076234375,36649160.9378353,50441764118.7831,31.205786407087626,31.205786407087626,3.4406035393851586,24.0,1,1
2025-03-12,82829.9,0.0445282567744351,-0.03526287005054929,1644210935355.244,178.836740937767,0.076234375,37352074.44500707,50479116193.2281,32.572102274164195,32.572102274164195,3.483456163541138,34.0,1,1
2025-03-13,83142.0,0.0037679630181854,0.008149310817637367,1650451616333.3052,177.135960779556,0.076234375,36996847.28781907,50516113040.51592,32.67178563421096,32.67178563421096,3.4865118808139064,45.0,1,1
2025-03-14,80370.52,-0.0333342955425657,0.06388996861038088,1595478796673.4788,177.277998211847,0.076234375,37026513.41077061,50553139553.9267,31.56042949561084,31.56042949561084,3.4519041047447327,27.0,1,1
2025-03-15,84176.13,0.0473508196786582,-0.008631781955288353,1671071901014.999,176.564660188245,0.076234375,36877524.702844486,50590017078.62954,33.03165322948469,33.03165322948469,3.497466290511147,46.0,1,1
2025-03-16,84418.12,0.0028748054822667,0.005119872368633649,1675921893267.0745,174.204843871761,0.076234375,36384650.395989805,50626401729.02553,33.10371339913383,33.10371339913383,3.4996454633755043,30.0,1,1
2025-03-17,83234.53,-0.0140205680960437,0.009386729281705586,1652469835568.2878,171.60551082029,0.076234375,35841750.31216587,50662243479.33769,32.61738371776288,32.61738371776288,3.4848453891253635,32.0,1,1
2025-03-18,83981.32,0.0089721177016317,0.00383001838980368,1667341693672.1646,172.285812346326,0.076234375,35983838.97421765,50698227318.31191,32.887573823906266,32.887573823906266,3.493094891104485,34.0,1,1
2025-03-19,82029.94,-0.0232358815031724,0.037886045022097914,1628644160730.3804,172.115736964817,0.076234375,35948316.80870471,50734175635.12062,32.10152013592501,32.10152013592501,3.468903385274044,32.0,1,1
2025-03-20,85395.6,0.0410296533192637,-0.010644459433507225,1695513295847.124,169.22446646161,0.076234375,35344442.2887926,50769520077.40942,33.39628370057344,33.39628370057344,3.508444627342187,49.0,1,1
2025-03-21,84522.2,-0.0102276932300963,0.00766638823882948,1678218039133.5242,169.734689555458,0.076234375,35451008.148162656,50804971085.55758,33.03255573765289,33.03255573765289,3.497493612662804,31.0,1,1
2025-03-22,84200.74,-0.0038032611550573,0.01110892849635281,1671881074389.2644,172.796035440174,0.076234375,36090404.8335877,50841061490.39117,32.88446435575004,32.88446435575004,3.493000338214089,32.0,1,1
2025-03-23,83952.1,-0.002952943168908,0.04069606358864153,1666989684627.0957,174.88876496144,0.076234375,36527495.04481445,50877588985.43598,32.764714638979484,32.764714638979484,3.4893521631289337,30.0,1,1
2025-03-24,85123.61,0.013954505009404,0.07088961570121377,1690297894682.755,177.645348270278,0.076234375,37103238.6220328,50914692224.058014,33.19862736760415,33.19862736760415,3.5025085307184693,45.0,1,1
2025-03-25,87887.82,0.0324728944178942,0.06564663909060431,1745234431327.224,179.199211867975,0.076234375,37427780.595199056,50952120004.65321,34.252439960650115,34.252439960650115,3.533757801897816,46.0,1,1
2025-03-26,87906.04,0.0002073097273318,0.06357606371530333,1745643894232.7476,179.569869425883,0.076234375,37505196.6151063,50989625201.26832,34.23527604571069,34.23527604571069,3.533256575800652,47.0,1,1
2025-03-27,87307.37,-0.0068103397673242,0.0876418565809507,1733802777996.6365,180.951220149159,0.076234375,37793707.324817926,51027418908.59314,33.977865529558656,33.977865529558656,3.525709298778128,40.0,1,1
2025-03-28,87305.52,-2.118950553653409e-05,0.07849469311906043,1733813327915.8325,182.857429601132,0.076234375,38191840.71164054,51065610749.30478,33.95266016551926,33.95266016551926,3.524967206325929,44.0,1,1
2025-03-29,83797.27,-0.0401835989293689,0.12548451757437906,1664187835116.724,181.670591117274,0.076234375,37943956.08138612,51103554705.38616,32.5650112738894,32.5650112738894,3.4832384381948165,26.0,1,1
2025-03-30,82519.47,-0.0152487067896126,0.14526826214467925,1638855776382.441,178.55134455613,0.076234375,37292466.18533212,51140847171.571495,32.04592545923757,32.04592545923757,3.4671700445278613,32.0,1,1
2025-03-31,82605.76,0.0010456926104831,0.1484210059928026,1640614194845.3496,177.430048342438,0.076234375,37058270.798919305,51177905442.370415,32.05707972345187,32.05707972345187,3.4675180551802507,34.0,1,1
2025-04-01,82439.49,-0.0020128136343033,0.14753257207195225,1637356512222.997,174.595765494399,0.076234375,36466298.79482759,51214371741.165245,31.970645280940108,31.970645280940108,3.46481814681989,34.0,1,1
2025-04-02,85254.12,0.0341417687081759,0.13142004163552445,1693304827312.474,177.512073043925,0.076234375,37075402.58481635,51251447143.75006,33.03916126627786,33.03916126627786,3.49769356292735,44.0,1,1
2025-04-03,85736.87,0.0056624829392408,0.13218257209529582,1702939443637.2756,177.730255959474,0.076234375,37120972.552494586,51288568116.30256,33.20309975852066,33.20309975852066,3.50264323778459,25.0,1,1
2025-04-04,82357.52,-0.0394153647083219,0.17013819745907832,1635861924718.2185,181.65680605037,0.076234375,37941076.914373085,51326509193.21693,31.871677042365583,31.871677042365583,3.461717748392942,28.0,1,1
2025-04-05,84142.78,0.0216769519043311,0.13802467662703788,1671367827519.1765,185.819539454792,0.076234375,38810510.830476455,51365319704.04741,32.53883821125089,32.53883821125089,3.4824343977500343,30.0,1,1
2025-04-06,83046.41,-0.0130298761224669,0.1352230638266001,1649634901454.004,188.423065337217,0.076234375,39354286.634429865,51404673990.68184,32.09114606490908,32.09114606490908,3.4685801685665845,34.0,1,1
2025-04-07,78805.3,-0.0510691551868407,0.20191522651395255,1565431922811.9995,189.215160941483,0.076234375,39519724.75314621,51444193715.43498,30.42971052226478,30.42971052226478,3.4154194509574465,23.0,1,1
2025-04-08,78917.29,0.0014210973119828,0.22620644981600369,1567699076234.5032,194.030420326928,0.076234375,40525446.0948237,51484719161.52981,30.44979368180981,30.44979368180981,3.416079218494521,24.0,1,1
2025-04-09,77113.28,-0.0228595026514467,0.3307042574249208,1531903785612.8784,188.596630262139,0.076234375,39390537.63052124,51524109699.16033,29.731785654470865,29.731785654470865,3.392216697583424,18.0,1,1
2025-04-10,83198.21,0.0789089765083266,0.2402963957998614,1652829531884.4165,188.630400735648,0.076234375,39397590.97556621,51563507290.135895,32.05424957973335,32.05424957973335,3.4674297667684795,39.0,1,1
2025-04-11,79909.08,-0.0395336630439525,0.2912870477297449,1587530121556.4253,184.26047872673,0.076234375,38484883.37789878,51601992173.513794,30.764899855383312,30.764899855383312,3.4263744250395303,25.0,1,1
2025-04-12,83819.55,0.0489364913223879,0.2442884744668754,1665263353673.5762,181.191003031876,0.076234375,37843788.689748414,51639835962.203545,32.247649951723766,32.247649951723766,3.473445170872663,43.0,1,1
2025-04-13,85505.39,0.0201127302640016,0.20105118519429022,1698802309245.947,185.313107198375,0.076234375,38704736.73034553,51678540698.93389,32.87248994012311,32.87248994012311,3.4926361359517584,45.0,1,1
2025-04-14,83449.54,-0.0240435135141773,0.2533556206541103,1658001969489.9165,185.375447733194,0.076234375,38717757.25557592,51717258456.18947,32.05896868826558,32.05896868826558,3.4675769784876302,31.0,1,1
2025-04-15,84850.33,0.016786072158097,0.22069024363252332,1685878877707.3118,183.107623774514,0.076234375,38244096.592288256,51755502552.78175,32.57390604966117,32.57390604966117,3.483511539934683,38.0,1,1
2025-04-16,84015.83,-0.0098349646960712,0.23137913414650546,1669343416416.371,185.526761645936,0.076234375,38749360.87630658,51794251913.65806,32.2302833758309,32.2302833758309,3.472906488088753,29.0,1,1
2025-04-17,84302.97,0.0034176892616546,0.2302292552682308,1675093944094.4788,186.749075917331,0.076234375,39004655.02571309,51833256568.68377,32.31697282756732,32.31697282756732,3.4755925667529,30.0,1,1
2025-04-18,85137.73,0.0099019049981274,0.21482931245641623,1691726221994.3606,184.630938179783,0.076234375,38562258.0213682,51871818826.70514,32.61358981157241,32.61358981157241,3.484729066894084,33.0,1,1
2025-04-19,84486.61,-0.0076478430890745,0.2326011186861443,1678833451424.829,183.98916470581,0.076234375,38428216.37840954,51910247043.08355,32.34107998044126,32.34107998044126,3.476338248162842,32.0,1,1
2025-04-20,85170.18,0.0080908678901898,0.23876009185374514,1692462301955.7805,175.648610435451,0.076234375,36686197.3593564,51946933240.44291,32.58060093984771,32.58060093984771,3.483717048057435,37.0,1,1
2025-04-21,85136.12,-0.0003999052250447,0.2561221958435502,1691831068410.622,171.904877287961,0.076234375,35904276.38219014,51982837516.825096,32.54595457323839,32.54595457323839,3.48265307746649,39.0,1,1
2025-04-22,87368.62,0.0262227125220175,0.23859802295149013,1736242232442.6335,174.235270794832,0.076234375,36391005.40273909,52019228522.22784,33.37693160329621,33.37693160329621,3.5078649907998702,47.0,1,1
2025-04-23,91157.99,0.043372208465694,0.2184500777167202,1811595661900.581,168.813915065748,0.076234375,35258693.98997366,52054487216.21781,34.801911588827835,34.801911588827835,3.549672315985236,72.0,1,1
2025-04-24,93657.36,0.0274180025250665,0.15570789097621374,1861316079120.3423,167.684275080601,0.076234375,35022755.91259641,52089509972.13041,35.733031086608555,35.733031086608555,3.5760755015356707,63.0,1,1
2025-04-25,93494.76,-0.0017361155599517,0.16480067973862922,1858134591425.9883,170.105896565814,0.076234375,35528538.92742322,52125038511.05783,35.64763968532709,35.64763968532709,3.5736829366832445,60.0,1,1
2025-04-26,94959.15,0.0156628029207197,0.13423866999651968,1887288918062.1729,169.738455924154,0.076234375,35451794.79682994,52160490305.85466,36.182346197200864,36.182346197200864,3.5885713257695584,65.0,1,1
2025-04-27,94158.54,-0.0084310990568049,0.1641081095777399,1871427277388.8345,172.494520236858,0.076234375,36027429.97584033,52196517735.8305,35.85348905573036,35.85348905573036,3.579440886040257,61.0,1,1
2025-04-28,94312.53,0.0016354331747285,0.16228585957772523,1874538209115.4688,175.814659311717,0.076234375,36720878.54374431,52233238614.374245,35.8878418961295,35.8878418961295,3.5803985722880296,54.0,1,1
2025-04-29,94506.93,0.0020612319487134,,1878452484454.862,174.860838387911,0.076234375,36521662.26432439,52269760276.63857,35.93765256456355,35.93765256456355,3.5817855638233698,60.0,1,1
2025-04-30,94866.19,0.0038014143513074,,1885643845622.002,178.278444035492,0.076234375,37235467.82744714,52306995744.46602,36.04955357852873,36.04955357852873,3.584894480257022,56.0,1,1
2025-05-01,94602.0,-0.0027848699310049,,1880442992899.7937,177.030848600586,0.076234375,36974893.42132958,52343970637.88735,35.924729629484794,35.924729629484794,3.5814259059655726,53.0,1,1
2025-05-02,96458.22,0.0196213610705904,,1917391228875.5647,179.611178897108,0.076234375,37513824.565025255,52381484462.45238,36.60436981792626,36.60436981792626,3.600167627212844,67.0,1,1
2025-05-03,97069.79,0.0063402579894176,,1929599670227.9995,184.95173333246,0.076234375,38629259.71442947,52420113722.16681,36.8102915696658,36.8102915696658,3.605777468295876,65.0,1,1
2025-05-04,96369.68,-0.0072124396272001,,1915733838261.6853,184.687603255287,0.076234375,38574093.16278019,52458687815.32959,36.51890502876562,36.51890502876562,3.5978300724942964,64.0,1,1
2025-05-05,95756.56,-0.0063621670218266,,1903596558278.809,189.670602630935,0.076234375,39614848.89710324,52498302664.22669,36.26015436068479,36.26015436068479,3.590719462369072,52.0,1,1
2025-05-06,94276.2,-0.015459619685586,,1874217806827.1584,187.21139056088,0.076234375,39101214.66380708,52537403878.8905,35.67397070376022,35.67397070376022,3.574421310914724,59.0,1,1
2025-05-07,94717.29,0.0046786993960299,,1883037046554.0493,189.718884112191,0.076234375,39624933.03011044,52577028811.920616,35.81482425129194,35.81482425129194,3.578361892928644,67.0,1,1
2025-05-08,96768.89,0.0216602480919798,,1923875500083.502,193.128029804995,0.076234375,40336971.63606894,52617365783.55669,36.56350848116245,36.56350848116245,3.599050707002456,65.0,1,1
2025-05-09,102614.97,0.0604128041563771,,2040156697414.6885,189.023576704854,0.076234375,39479710.22016192,52656845493.77685,38.74437745526934,38.74437745526934,3.6569856473431,73.0,1,1
2025-05-10,103190.44,0.0056080511449743,,2051652763587.453,185.956432531091,0.076234375,38839102.49654079,52695684596.27339,38.93398063439421,38.93398063439421,3.6618674074712216,70.0,1,1
2025-05-11,103185.56,-4.72912025571981e-05,,2051610472954.817,187.949048688974,0.076234375,39255282.90040685,52734939879.1738,38.90419667976229,38.90419667976229,3.661102128603879,70.0,1,1
2025-05-12,104295.7,0.0107586759232589,,2073738382265.1453,182.881888763072,0.076234375,38196949.28403374,52773136828.45783,39.29534052535011,39.29534052535011,3.671105950150296,70.0,1,1
2025-05-13,102696.35,-0.015334764520493,,2041992515800.3047,181.671144997781,0.076234375,37944071.76558962,52811080900.22342,38.66598602021165,38.66598602021165,3.654960299357761,70.0,1,1
2025-05-14,104591.95,0.0184582996377182,,2079739627077.876,180.658279853692,0.076234375,37732523.43348301,52848813423.6569,39.35262671662776,39.35262671662776,3.672562725281748,73.0,1,1
2025-05-15,103575.97,-0.00971374948072,,2059592394726.213,178.590446438324,0.076234375,37300633.05533317,52886114056.71224,38.94391621433212,38.94391621433212,3.662122565363097,70.0,1,1
2025-05-16,103455.34,-0.001164652380277,,2057248433053.2307,177.878931459892,0.076234375,37152025.110993706,52923266081.82323,38.87228784921503,38.87228784921503,3.660281602129051,71.0,1,1
2025-05-17,103711.98,0.0024806839356963,,2062406673471.4504,176.850170029817,0.076234375,36937156.65990912,52960203238.48314,38.94257475154132,38.94257475154132,3.662088118753055,74.0,1,1
2025-05-18,103427.81,-0.0027399920433492,,2056810376605.1755,179.777600082668,0.076234375,37548583.51041683,52997751821.99355,38.80938918906404,38.80938918906404,3.65866220676338,74.0,1,1
2025-05-19,104138.29,0.0068693323391455,,2070994321145.048,179.601364403966,0.076234375,37511774.69721532,53035263596.690765,39.04938300852098,39.04938300852098,3.664827076122998,74.0,1,1
2025-05-20,105505.42,0.0131280242838633,,2098238111373.6724,183.365039751695,0.076234375,38297860.82827568,53073561457.51904,39.53452630182237,39.53452630182237,3.677174373708915,71.0,1,1
2025-05-21,106941.37,0.0136102012579069,,2126852012489.4585,183.911708011046,0.076234375,38412038.672341324,53111973496.19138,40.044680558555655,40.044680558555655,3.6899958446819134,70.0,1,1
2025-05-22,108214.6,0.0119058695432834,,2152231138293.273,185.19267217212,0.076234375,38679582.5140314,53150653078.70541,40.4930327969113,40.4930327969113,3.701129929607792,72.0,1,1
2025-05-23,111071.46,0.0263999497295188,,2209108515064.0923,189.160799952828,0.076234375,39508370.84631197,53190161449.55173,41.53227692605002,41.53227692605002,3.726470882194429,78.0,1,1
2025-05-24,108240.55,-0.0254872853926652,,2152861398579.75,189.123931230149,0.076234375,39500670.396913394,53229662119.94864,40.4447691914417,40.4447691914417,3.6999373197270087,66.0,1,1
2025-05-25,108902.76,0.0061179474790176,,2166089876110.464,187.12550376849,0.076234375,39083276.236578025,53268745396.18522,40.66342955893206,40.66342955893206,3.705329151886951,74.0,1,1
2025-05-26,107706.34,-0.010986131113665,,2142349655925.3967,189.305606945508,0.076234375,39538615.42325058,53308284011.60847,40.18793130649032,40.18793130649032,3.6935667342945937,73.0,1,1
2025-05-27,109610.72,0.0176812247078492,,2180286724403.2207,188.033880843261,0.076234375,39273001.05454924,53347557012.66302,40.86947643892465,40.86947643892465,3.710383487093463,74.0,1,1
2025-05-28,109618.12,6.751164484630756e-05,,2180491598466.0344,191.66738613829,0.076234375,40031899.699003294,53387588912.36202,40.84266854690522,40.84266854690522,3.709727332662909,71.0,1,1
