Date,Price,Returns,Market_Cap,Energy_TWh_Annual,fear_greed_index,electricity_price,daily_cost_usd,cumulative_cost,CEIR,log_CEIR,post_china_ban,in_analysis_period,construction
2018-01-01,13921.22,,236660740000.0,33.9986182915558,,0.0438025,4080067.0622352683,4080067.0622352683,58004.12992975297,10.968269492678948,0,0,canonical_v2_cambridge_prices_freeze_last
2018-01-02,13500.75,-0.0302035310123681,229538376848.35245,34.1067478253121,,0.0438025,4093043.346899269,8173110.409134537,28084.580454439085,10.2429759664337,0,0,canonical_v2_cambridge_prices_freeze_last
2018-01-03,14780.86,0.0948176953132233,251330720139.926,33.3795334385973,,0.0438025,4005772.639573036,12178883.048707573,20636.598539846993,9.934821406588563,0,0,canonical_v2_cambridge_prices_freeze_last
2018-01-04,15027.1,0.0166593824716558,255546231802.86984,33.1796511718216,,0.0438025,3981785.3985033305,16160668.447210904,15812.850355640667,9.668578202102877,0,0,canonical_v2_cambridge_prices_freeze_last
2018-01-05,14949.47,-0.005166000093165,254254416345.6836,31.7783551400225,,0.0438025,3813620.276769413,19974288.72398032,12729.084868010148,9.451644801144159,0,0,canonical_v2_cambridge_prices_freeze_last
2018-01-08,15850.01,0.0602389248582058,269660473575.5109,31.116050717895,,0.0438025,3734139.209782454,23708427.933762774,11374.034344617678,9.339088347434691,0,0,canonical_v2_cambridge_prices_freeze_last
2018-01-09,14938.37,-0.057516682954774,254178759262.34396,30.9241453313207,,0.0438025,3711109.2489730823,27419537.182735857,9269.987220002471,9.13453727991844,0,0,canonical_v2_cambridge_prices_freeze_last
2018-01-10,14510.14,-0.0286664475441431,246919795655.92667,31.1708805835609,,0.0438025,3740719.169209387,31160256.351945244,7924.190124338055,8.977675401010922,0,0,canonical_v2_cambridge_prices_freeze_last
2018-01-11,14505.06,-0.0003500999990351,246860764876.088,31.8562561890344,,0.0438025,3822968.9362196694,34983225.28816491,7056.54675469854,8.861711082595384,0,0,canonical_v2_cambridge_prices_freeze_last
2018-01-12,13464.11,-0.0717646117975381,229170334193.566,32.8157819795811,,0.0438025,3938118.6031797286,38921343.891344644,5888.037546528014,8.680678037176426,0,0,canonical_v2_cambridge_prices_freeze_last
2018-01-13,13763.0,0.0221990164964487,234283678821.3967,32.745602413145,,0.0438025,3929696.5745254355,42851040.46587008,5467.397670495271,8.60655803641698,0,0,canonical_v2_cambridge_prices_freeze_last
2018-01-14,14170.43,0.029603284167696,241245990389.9924,33.2065889195322,,0.0438025,3985018.1127337236,46836058.578603804,5150.860207101227,8.546919010214832,0,0,canonical_v2_cambridge_prices_freeze_last
2018-01-15,13500.04,-0.0473090795409877,229858332505.80447,33.3997794212428,,0.0438025,4008202.29616161,50844260.87476541,4520.831428191452,8.416451200200745,0,0,canonical_v2_cambridge_prices_freeze_last
2018-01-16,13918.91,0.0310273154746207,237016465105.8732,33.9324450806398,,0.0438025,4072125.823684178,54916386.69844959,4315.951564828002,8.370073104078726,0,0,canonical_v2_cambridge_prices_freeze_last
2018-01-17,10711.36,-0.230445487469924,182417278103.74548,33.8477312449809,,0.0438025,4061959.583173359,58978346.281622946,3092.953424511071,8.036881714217689,0,0,canonical_v2_cambridge_prices_freeze_last
2018-01-18,11355.01,0.0600904086875988,193400197673.98026,33.1832728518046,,0.0438025,3982220.024907318,62960566.30653027,3071.7671237642726,8.03000828532782,0,0,canonical_v2_cambridge_prices_freeze_last
2018-01-19,11639.03,0.0250127476770165,198259583433.71536,32.7160914524351,,0.0438025,3926155.0571103795,66886721.36364064,2964.1097573888333,7.994332015888554,0,0,canonical_v2_cambridge_prices_freeze_last
2018-01-20,11350.0,-0.0248328254158637,193357598862.65863,32.9409065411282,,0.0438025,3953134.407582926,70839855.77122357,2729.50300021932,7.91187482040396,0,0,canonical_v2_cambridge_prices_freeze_last
2018-01-21,12920.31,0.1383533039647577,220133566396.17343,33.0397380069306,,0.0438025,3964994.860407062,74804850.63163063,2942.771284715215,7.9871070301999865,0,0,canonical_v2_cambridge_prices_freeze_last
2018-01-22,11451.99,-0.1136443320632399,195138166827.2148,32.761833669561,,0.0438025,3931644.4364683446,78736495.06809898,2478.3699942249186,7.815356362675548,0,0,canonical_v2_cambridge_prices_freeze_last
2018-01-23,10350.0,-0.0962269439634508,176380068685.36636,32.4667199797361,,0.0438025,3896228.7723627137,82632723.84046169,2134.506288645427,7.665990652385022,0,0,canonical_v2_cambridge_prices_freeze_last
2018-01-24,11003.38,0.0631285024154588,187535347698.3496,32.7074122615087,,0.0438025,3925113.4947526986,86557837.33521439,2166.5900335757865,7.680909797471249,0,0,canonical_v2_cambridge_prices_freeze_last
2018-01-25,11204.47,0.0182752935916055,190983648409.1943,32.7702057941225,,0.0438025,3932649.1487590433,90490486.48397343,2110.538420445104,7.654698369484764,0,0,canonical_v2_cambridge_prices_freeze_last
2018-01-26,11250.61,0.0041179993341944,191791232725.90924,33.2009429805402,,0.0438025,3984340.561383869,94474827.0453573,2030.0776272798087,7.615829311344016,0,0,canonical_v2_cambridge_prices_freeze_last
2018-01-27,10918.0,-0.0295637303221781,186141648297.85175,33.3465089719279,,0.0438025,4001809.4773777314,98476636.52273503,1890.2112711259967,7.544443885470908,0,0,canonical_v2_cambridge_prices_freeze_last
2018-01-28,11546.92,0.057603956768639,196885793055.86096,33.2826306937886,,0.0438025,3994143.6464785617,102470780.1692136,1921.3847374904,7.560801422512425,0,0,canonical_v2_cambridge_prices_freeze_last
2018-01-29,11633.4,0.0074894430722651,198382159081.97507,33.4411450500651,,0.0438025,4013166.454946511,106483946.62416011,1863.0241024233808,7.529956307943226,0,0,canonical_v2_cambridge_prices_freeze_last
2018-01-30,11196.55,-0.0375513607371877,190953611532.15335,33.9259345361193,,0.0438025,4071344.513748947,110555291.13790905,1727.2227278019077,7.454270037869179,0,0,canonical_v2_cambridge_prices_freeze_last
2018-01-31,10082.0,-0.0995440559815299,171964190359.23398,32.8750706458508,,0.0438025,3945233.6492188484,114500524.7871279,1501.8637746764819,7.314462132256547,0,0,canonical_v2_cambridge_prices_freeze_last
2018-02-01,9961.81,-0.0119212457845666,169932804929.15903,32.9702668833049,30.0,0.0438025,3956657.849742364,118457182.63687027,1434.5504522936947,7.2686068054503465,0,0,canonical_v2_cambridge_prices_freeze_last
2018-02-02,9090.0,-0.0875152206275766,155078100436.70895,33.1506995739125,15.0,0.0438025,3978311.008455623,122435493.64532588,1266.610652021733,7.1440998339804365,0,0,canonical_v2_cambridge_prices_freeze_last
2018-02-03,8561.81,-0.0581067106710672,146083028991.55685,32.9695970069933,40.0,0.0438025,3956577.459996778,126392071.10532266,1155.7926673250388,7.052541679621503,0,0,canonical_v2_cambridge_prices_freeze_last
2018-02-04,9145.91,0.0682215559560419,156066131295.75198,33.3553253976405,24.0,0.0438025,4002867.5088497205,130394938.61417238,1196.8726160264432,7.087467280535335,0,0,canonical_v2_cambridge_prices_freeze_last
2018-02-05,8466.39,-0.0742976915364355,144486591468.73685,34.2628606073514,11.0,0.0438025,4111777.9500096156,134506716.564182,1074.196108264919,6.979327854549994,0,0,canonical_v2_cambridge_prices_freeze_last
2018-02-06,7102.85,-0.1610532942611903,121229810286.7214,34.1530865324696,8.0,0.0438025,4098604.3091465747,138605320.8733286,874.6403783265531,6.773812805677303,0,0,canonical_v2_cambridge_prices_freeze_last
2018-02-07,7755.08,0.0918265203404267,132376393058.86792,35.1534661689015,36.0,0.0438025,4218656.717433721,142823977.59076232,926.849925984906,6.8317916603184905,0,0,canonical_v2_cambridge_prices_freeze_last
2018-02-08,8084.72,0.0425063313337839,138018306970.61572,34.6949825745157,30.0,0.0438025,4163635.545808833,146987613.13657114,938.9791699139863,6.844793295697021,0,0,canonical_v2_cambridge_prices_freeze_last
2018-02-09,8160.76,0.0094053968473861,139331637609.2918,34.1293635609864,44.0,0.0438025,4095757.390082484,151083370.52665362,922.2169000043019,6.826780445352145,0,0,canonical_v2_cambridge_prices_freeze_last
2018-02-10,8540.21,0.0464968948970436,145826039642.50803,33.4918375644396,54.0,0.0438025,4019249.9038804537,155102620.43053406,940.1906894785137,6.8460827158378645,0,0,canonical_v2_cambridge_prices_freeze_last
2018-02-11,8277.34,-0.0307802735529921,141352890632.78207,32.4848928387703,31.0,0.0438025,3898409.6399184545,159001030.0704525,889.006131407761,6.79010413246173,0,0,canonical_v2_cambridge_prices_freeze_last
2018-02-12,8211.37,-0.0079699516994589,140241601178.20398,31.6973578018013,42.0,0.0438025,3803900.0414065793,162804930.11185908,861.4088104202224,6.75856920059211,0,0,canonical_v2_cambridge_prices_freeze_last
2018-02-13,8823.6,0.0745588129630012,150714266676.68744,31.2762562054908,35.0,0.0438025,3753364.96559181,166558295.0774509,904.8739758449385,6.807795680793285,0,0,canonical_v2_cambridge_prices_freeze_last
2018-02-14,8542.39,-0.0318702117049731,145926858483.404,31.7361349976448,55.0,0.0438025,3808553.5705050314,170366848.64795592,856.5449184597267,6.752906760591859,0,0,canonical_v2_cambridge_prices_freeze_last
2018-02-15,9287.92,0.0872741703434285,158679769742.77618,31.1542945988422,71.0,0.0438025,3738728.737440508,174105577.38539642,911.3996927940224,6.814981541759309,0,0,canonical_v2_cambridge_prices_freeze_last
2018-02-16,9868.27,0.0624843883237582,168613113983.688,31.1835029209953,67.0,0.0438025,3742233.9361558813,177847811.3215523,948.0752826293274,6.854433911158304,0,0,canonical_v2_cambridge_prices_freeze_last
2018-02-17,10082.33,0.0216917453616489,172289351453.52853,31.3549981015125,74.0,0.0438025,3762814.532442469,181610625.8539948,948.6743996578699,6.855065641379811,0,0,canonical_v2_cambridge_prices_freeze_last
2018-02-18,10838.89,0.0750382104136642,185237756314.8367,31.6694053324118,63.0,0.0438025,3800545.5536245694,185411171.40761936,999.0646998696675,6.906819541185717,0,0,canonical_v2_cambridge_prices_freeze_last
2018-02-19,10753.59,-0.0078698095469185,183799922891.24716,31.555075212067,67.0,0.0438025,3786825.156100177,189197996.56371954,971.4686531014382,6.87880900180329,0,0,canonical_v2_cambridge_prices_freeze_last
2018-02-20,11064.07,0.0288722184870353,189127153191.8628,31.0349072072733,74.0,0.0438025,3724401.4327303804,192922397.99644992,980.3276092148877,6.887886810917687,0,0,canonical_v2_cambridge_prices_freeze_last
2018-02-21,11700.02,0.0574788481996229,200019651988.0594,30.9720800855221,54.0,0.0438025,3716861.7477974845,196639259.7442474,1017.1908308046347,6.924800019355385,0,0,canonical_v2_cambridge_prices_freeze_last
2018-02-22,10273.01,-0.1219664581769945,175642997107.7522,31.6831728547587,44.0,0.0438025,3802197.750604295,200441457.4948517,876.2807819448407,6.775686566912772,0,0,canonical_v2_cambridge_prices_freeze_last
2018-02-23,9921.19,-0.0342470220509859,169646120582.75055,31.621218604165,39.0,0.0438025,3794762.8161888695,204236220.31104058,830.6368004871457,6.722192636123128,0,0,canonical_v2_cambridge_prices_freeze_last
2018-02-24,9920.64,-5.543689819476061e-05,169655079261.1741,31.6982180812657,31.0,0.0438025,3804003.2808346325,208040223.59187523,815.4917175728309,6.703791265753002,0,0,canonical_v2_cambridge_prices_freeze_last
2018-02-25,9499.33,-0.0424680262563704,162467738035.05933,32.1810974462394,33.0,0.0438025,3861952.112024387,211902175.70389962,766.711042467458,6.6421099930533565,0,0,canonical_v2_cambridge_prices_freeze_last
2018-02-26,9370.76,-0.0135346387587335,160286124924.87637,31.7669164816515,37.0,0.0438025,3812247.559417918,215714423.26331753,743.0477874408002,6.610760359528118,0,0,canonical_v2_cambridge_prices_freeze_last
2018-02-27,10378.52,0.1075430381313788,177542965312.87045,32.3838767770825,44.0,0.0438025,3886287.0206250856,219600710.2839426,808.4808336152843,6.695156972632623,0,0,canonical_v2_cambridge_prices_freeze_last
2018-02-28,10761.03,0.0368559293617973,184106357432.73956,31.9652486499559,41.0,0.0438025,3836048.778053954,223436759.06199655,823.9752411627844,6.714140482325504,0,0,canonical_v2_cambridge_prices_freeze_last
2018-03-01,10533.68,-0.0211271597607292,180236164870.89645,32.4610661357022,38.0,0.0438025,3895550.2723536864,227332309.33435023,792.8312759354111,6.675610432206633,0,0,canonical_v2_cambridge_prices_freeze_last
2018-03-02,10925.1,0.0371589036310198,186953708252.93637,32.7167190311884,47.0,0.0438025,3926230.3708592597,231258539.7052095,808.4186144704126,6.695080011576107,0,0,canonical_v2_cambridge_prices_freeze_last
2018-03-03,11026.93,0.009320738482943,188716598271.94864,33.7822553126334,56.0,0.0438025,4054102.022826369,235312641.72803587,801.9824047110019,6.687086668362755,0,0,canonical_v2_cambridge_prices_freeze_last
2018-03-04,11290.43,0.0238960435950894,193246997969.4756,33.1101033187669,44.0,0.0438025,3973439.179781609,239286080.90781748,807.5981571361103,6.694064604534284,0,0,canonical_v2_cambridge_prices_freeze_last
2018-03-05,11101.0,-0.0167779260843032,190025174735.1948,33.7154383564812,55.0,0.0438025,4046083.53043772,243332164.4382552,780.9291269564699,6.660484399187361,0,0,canonical_v2_cambridge_prices_freeze_last
2018-03-06,11558.53,0.041215205837312,197878395218.5872,34.0531173765324,59.0,0.0438025,4086607.325713864,247418771.76396906,799.77114835635,6.684325622189095,0,0,canonical_v2_cambridge_prices_freeze_last
2018-03-07,10780.26,-0.0673329566995111,184574508395.50275,34.5731401410533,37.0,0.0438025,4149013.619256129,251567785.3832252,733.696916377157,6.598096022872295,0,0,canonical_v2_cambridge_prices_freeze_last
2018-03-08,9936.81,-0.0782402279722381,170151645576.7418,34.9409238223862,39.0,0.0438025,4193150.180082388,255760935.56330758,665.2761306256043,6.50020218849353,0,0,canonical_v2_cambridge_prices_freeze_last
2018-03-09,9327.26,-0.0613426240413169,159731255918.87695,35.0534404439961,37.0,0.0438025,4206652.945337367,259967588.50864494,614.4275785885719,6.420691067851741,0,0,canonical_v2_cambridge_prices_freeze_last
2018-03-10,8981.78,-0.0370398166235313,153831354858.77704,34.248780061188,39.0,0.0438025,4110088.188027911,264077676.69667286,582.5231302510742,6.367368893237026,0,0,canonical_v2_cambridge_prices_freeze_last
2018-03-11,8835.7,-0.0162640367499538,151345675101.8674,34.8311891952309,40.0,0.0438025,4179981.273216716,268257657.96988958,564.1802595579773,6.335373809579286,0,0,canonical_v2_cambridge_prices_freeze_last
2018-03-12,9633.39,0.0902803399843814,165026910822.28284,35.2958380696312,41.0,0.0438025,4235742.32067129,272493400.29056084,605.6180100006604,6.406249440783848,0,0,canonical_v2_cambridge_prices_freeze_last
2018-03-13,9020.32,-0.0636401100754769,154541142684.72424,35.3615047805859,41.0,0.0438025,4243622.775757847,276737023.0663187,558.4404319030677,6.3251479555301255,0,0,canonical_v2_cambridge_prices_freeze_last
2018-03-14,9061.99,0.0046195700374265,155271687565.8276,34.9346713601016,40.0,0.0438025,4192399.8417831515,280929422.90810186,552.7071032948385,6.314828210746569,0,0,canonical_v2_cambridge_prices_freeze_last
2018-03-15,8300.0,-0.0840863872063421,142230677881.52417,34.3436713629518,32.0,0.0438025,4121475.79417999,285050898.70228183,498.9658988238286,6.212537754385897,0,0,canonical_v2_cambridge_prices_freeze_last
2018-03-16,8248.21,-0.0062397590361447,141358316098.59073,34.6720049177251,33.0,0.0438025,4160878.06961275,289211776.7718946,488.7709541997041,6.191893983423426,0,0,canonical_v2_cambridge_prices_freeze_last
2018-03-17,8516.33,0.0325064468533173,145968980259.88135,34.9675049163,31.0,0.0438025,4196340.093414332,293408116.8653089,497.49469039702626,6.209584883972904,0,0,canonical_v2_cambridge_prices_freeze_last
2018-03-18,7834.56,-0.0800544365941666,134297867087.77425,35.0476608806246,29.0,0.0438025,4205959.358146736,297614076.2234556,451.2483710177077,6.112017899707517,0,0,canonical_v2_cambridge_prices_freeze_last
2018-03-19,7480.44,-0.045199730425193,128241335824.0202,35.1165732517764,29.0,0.0438025,4214229.314687495,301828305.5381431,424.8817406153244,6.051810872827943,0,0,canonical_v2_cambridge_prices_freeze_last
2018-03-20,8428.4,0.126725165899332,144508164827.44528,34.3166165672404,37.0,0.0438025,4118229.0333878016,305946534.5715309,472.3314321236706,6.157680925870512,0,0,canonical_v2_cambridge_prices_freeze_last
2018-03-21,8914.66,0.0576930378244981,152861586434.0214,34.8400490246126,36.0,0.0438025,4181044.513426283,310127579.0849572,492.8990413720867,6.2003043688364174,0,0,canonical_v2_cambridge_prices_freeze_last
2018-03-22,8882.9,-0.0035626709263169,152333231685.87628,35.0525412134653,36.0,0.0438025,4206545.031514557,314334124.11647177,484.62199932652396,6.183369204228874,0,0,canonical_v2_cambridge_prices_freeze_last
2018-03-23,8599.0,-0.0319602832408334,147480332715.15558,34.5255443507881,28.0,0.0438025,4143301.798425742,318477425.9148975,463.07939186422834,6.137898512095386,0,0,canonical_v2_cambridge_prices_freeze_last
2018-03-24,8617.65,0.0021688568438189,147815937313.7315,35.0230055049501,32.0,0.0438025,4203000.544193361,322680426.4590909,458.0877090556079,6.127060670267768,0,0,canonical_v2_cambridge_prices_freeze_last
2018-03-25,8923.44,0.0354841517118937,153077352145.04483,34.5834503811081,30.0,0.0438025,4150250.918680788,326830677.3777717,468.36898351530294,6.149256411587639,0,0,canonical_v2_cambridge_prices_freeze_last
2018-03-26,8543.26,-0.0426046457420008,146571135968.7438,34.4107061889283,31.0,0.0438025,4129520.4324398134,330960197.8102115,442.8663535329247,6.093268039501795,0,0,canonical_v2_cambridge_prices_freeze_last
2018-03-27,7910.0,-0.0741239292729005,135721135180.23576,35.2744287555961,24.0,0.0438025,4233173.05634794,335193370.86655945,404.9039956529044,6.003649991235669,0,0,canonical_v2_cambridge_prices_freeze_last
2018-03-28,7995.0,0.0107458912768647,137194155588.9566,34.6870971372813,24.0,0.0438025,4162689.2393308603,339356060.10589033,404.2779007575332,6.002102514647055,0,0,canonical_v2_cambridge_prices_freeze_last
2018-03-29,7894.68,-0.0125478424015008,135487051066.7996,34.9980374058009,18.0,0.0438025,4200004.201281079,343556064.3071714,394.3666409732225,5.977281037440349,0,0,canonical_v2_cambridge_prices_freeze_last
2018-03-30,7100.0,-0.1006601914200449,121861830442.73988,35.4404344328973,12.0,0.0438025,4253094.874649271,347809159.1818207,350.3698140940429,5.858989208359485,0,0,canonical_v2_cambridge_prices_freeze_last
2018-03-31,6844.04,-0.0360507042253521,117481085389.7651,34.0309746540703,16.0,0.0438025,4083950.0473559294,351893109.22917664,333.8544640646926,5.810705161682782,0,0,canonical_v2_cambridge_prices_freeze_last
2018-04-01,6899.15,0.0080522615297395,118439627935.66196,34.4032203960792,16.0,0.0438025,4128622.0860253675,356021731.315202,332.67527658529934,5.80716686882737,0,0,canonical_v2_cambridge_prices_freeze_last
2018-04-02,6828.43,-0.010250538109767,117237977554.4135,34.0918914465856,11.0,0.0438025,4091260.479696071,360112991.7948981,325.5588668713909,5.785543295900476,0,0,canonical_v2_cambridge_prices_freeze_last
2018-04-03,6937.21,0.0159304554634081,119118243334.4666,33.9300353931022,22.0,0.0438025,4071836.644674957,364184828.43957305,327.0818387598789,5.79021041102152,0,0,canonical_v2_cambridge_prices_freeze_last
2018-04-04,7395.13,0.0660092457918961,126994586226.31584,33.8559206077988,22.0,0.0438025,4062942.3628030326,368247770.8023761,344.86179223734877,5.843143734558275,0,0,canonical_v2_cambridge_prices_freeze_last
2018-04-05,6799.37,-0.0805611260383523,116776108446.18822,33.4754938208564,17.0,0.0438025,4017288.5427070204,372265059.3450831,313.69075747165095,5.748407651809614,0,0,canonical_v2_cambridge_prices_freeze_last
2018-04-06,6717.54,-0.0120349385310697,115382909836.0072,32.7470602292296,19.0,0.0438025,3929871.5224406286,376194930.8675237,306.7104321951618,5.725904084872223,0,0,canonical_v2_cambridge_prices_freeze_last
2018-04-07,6599.87,-0.017516829077311,113373742505.20988,34.3872834728609,20.0,0.0438025,4126709.5460821637,380321640.41360587,298.0996358290686,5.69742777904312,0,0,canonical_v2_cambridge_prices_freeze_last
2018-04-08,6995.57,0.0599557264006715,120183834940.1018,34.3780644124667,17.0,0.0438025,4125603.19569061,384447243.6092965,312.61463552653646,5.744971235594346,0,0,canonical_v2_cambridge_prices_freeze_last
2018-04-09,6988.99,-0.0009405952624303,120083459993.8528,34.097044795791,21.0,0.0438025,4091878.916897631,388539122.52619416,309.06401191493177,5.7335484137441775,0,0,canonical_v2_cambridge_prices_freeze_last
2018-04-10,6653.92,-0.0479425496387889,114338409024.54231,34.1282692373993,18.0,0.0438025,4095626.063756665,392634748.5899508,291.2080742602636,5.674038043480244,0,0,canonical_v2_cambridge_prices_freeze_last
2018-04-11,6837.05,0.0275221222978334,117497626908.7937,34.5654107043174,20.0,0.0438025,4148086.033906474,396782834.62385726,296.1257812984255,5.690784300882984,0,0,canonical_v2_cambridge_prices_freeze_last
2018-04-12,6889.98,0.0077416429600485,118419723729.94136,34.5029618211007,18.0,0.0438025,4140591.7401883933,400923426.3640457,295.3674341354504,5.68822012074127,0,0,canonical_v2_cambridge_prices_freeze_last
2018-04-13,7723.94,0.1210395385763094,132767167581.20956,35.3460206711278,23.0,0.0438025,4241764.57656733,405165190.94061303,327.6865104649868,5.792057390576101,0,0,canonical_v2_cambridge_prices_freeze_last
2018-04-14,7910.0,0.0240887422740208,135979666647.97568,34.3653564497243,,0.0438025,4124078.1531206816,409289269.0937337,332.23364724188303,5.8058384781484875,0,0,canonical_v2_cambridge_prices_freeze_last
2018-04-15,8067.64,0.019929203539823,138704216249.63388,34.9036403047961,,0.0438025,4188675.9026050167,413477944.9963387,335.4573513004716,5.815494828511571,0,0,canonical_v2_cambridge_prices_freeze_last
2018-04-16,8316.21,0.0308107451497585,142992821839.52084,35.1279057741565,,0.0438025,4215589.294993124,417693534.2913318,342.3390838024957,5.835801718984494,0,0,canonical_v2_cambridge_prices_freeze_last
2018-04-17,7990.34,-0.0391849171677962,137404089674.79083,35.5383729349561,26.0,0.0438025,4264848.165707986,421958382.45703983,325.63422220621516,5.785774733661179,0,0,canonical_v2_cambridge_prices_freeze_last
2018-04-18,7918.25,-0.0090221442391688,136178702900.59946,35.9742259660875,24.0,0.0438025,4317153.514738487,426275535.97177833,319.46168946841743,5.766637358860997,0,0,canonical_v2_cambridge_prices_freeze_last
2018-04-19,8187.13,0.0339569980740694,140817693920.37726,37.2432353899197,25.0,0.0438025,4469443.33744372,430744979.30922204,326.9166227919918,5.789705162214024,0,0,canonical_v2_cambridge_prices_freeze_last
2018-04-20,8235.06,0.0058543103627277,141656934896.64722,36.7688870747415,26.0,0.0438025,4412518.290661273,435157497.5998833,325.530263589523,5.785455433024111,0,0,canonical_v2_cambridge_prices_freeze_last
2018-04-21,8518.61,0.0344320502825723,146549828136.37466,37.5579972828694,32.0,0.0438025,4507216.92050106,439664714.5203844,333.32178657148097,5.809108349428482,0,0,canonical_v2_cambridge_prices_freeze_last
2018-04-22,8776.57,0.0302819356679082,151003452596.59714,37.4555664589289,31.0,0.0438025,4494924.520047214,444159639.04043156,339.97562885908997,5.8288739352148795,0,0,canonical_v2_cambridge_prices_freeze_last
2018-04-23,8949.41,0.0196933426156231,153993331056.89313,37.8652901124903,28.0,0.0438025,4544094.164800976,448703733.20523256,343.19601033151673,5.83830174263807,0,0,canonical_v2_cambridge_prices_freeze_last
2018-04-24,8936.8,-0.0014090314333571,153792435000.63977,37.7628592885498,29.0,0.0438025,4531801.76434713,453235534.9695797,339.3212207223823,5.826947212488121,0,0,canonical_v2_cambridge_prices_freeze_last
2018-04-25,9444.89,0.0568536836451527,162553093281.24606,36.4995449584184,64.0,0.0438025,4380195.391893485,457615730.3614732,355.21745101035856,5.872730140007902,0,0,canonical_v2_cambridge_prices_freeze_last
2018-04-26,9066.66,-0.0400459931243243,156059796864.078,35.2362302704875,47.0,0.0438025,4228588.976501449,461844319.33797467,337.90563254687225,5.822766662852909,0,0,canonical_v2_cambridge_prices_freeze_last
2018-04-27,9125.0,0.0064345635548261,157080374304.27133,35.5467118087257,55.0,0.0438025,4265848.887675911,466110168.22565055,337.00267664666455,5.820090872892525,0,0,canonical_v2_cambridge_prices_freeze_last
2018-04-28,8970.01,-0.016985205479452,154428446407.87955,34.6962787122216,54.0,0.0438025,4163791.0912111956,470273959.31686175,328.37975258551063,5.794170720944018,0,0,canonical_v2_cambridge_prices_freeze_last
2018-04-29,9326.79,0.0397747605632547,160587548426.52032,34.8847660264893,61.0,0.0438025,4186410.8599323225,474460370.17679405,338.4635651797051,5.824416450457835,0,0,canonical_v2_cambridge_prices_freeze_last
2018-04-30,9319.82,-0.0007473096317169,160484266886.3426,35.2049525167624,59.0,0.0438025,4224835.431823246,478685205.6086173,335.26055329472155,5.814908000546939,0,0,canonical_v2_cambridge_prices_freeze_last
2018-05-01,9266.01,-0.0057737166597637,159574298813.1361,35.8824402613938,56.0,0.0438025,4306138.601506034,482991344.21012336,330.38749187959354,5.800266183422926,0,0,canonical_v2_cambridge_prices_freeze_last
2018-05-02,9016.74,-0.02690154662039,155297671136.39636,37.0934415342716,52.0,0.0438025,4451467.048780635,487442811.258904,318.59670006274933,5.763926039803819,0,0,canonical_v2_cambridge_prices_freeze_last
2018-05-03,9179.9,0.0180952317578193,158124270997.49918,38.1149814277639,55.0,0.0438025,4574058.8328482965,492016870.0917523,321.37977498212985,5.772623523451964,0,0,canonical_v2_cambridge_prices_freeze_last
2018-05-04,9654.87,0.0517402150350223,166322950336.61975,38.4601953996086,56.0,0.0438025,4615486.8739489205,496632356.9657012,334.90155847438365,5.81383663334079,0,0,canonical_v2_cambridge_prices_freeze_last
2018-05-05,9671.24,0.001695517391741,166622270450.49643,40.1040593394488,63.0,0.0438025,4812761.806071797,501445118.77177304,332.2841607444835,5.805990508694819,0,0,canonical_v2_cambridge_prices_freeze_last
2018-05-06,9731.84,0.0062660010505375,167683742668.29724,39.7473162558195,67.0,0.0438025,4769950.192590502,506215068.9643635,331.25000212133517,5.802873383704463,0,0,canonical_v2_cambridge_prices_freeze_last
2018-05-07,9514.59,-0.0223236304748125,163957452767.5065,40.0002986925059,56.0,0.0438025,4800309.817749287,511015378.7821128,320.8464159303018,5.770962553588089,0,0,canonical_v2_cambridge_prices_freeze_last
2018-05-08,9422.72,-0.0096556971976723,162391176918.64526,39.2659935604998,62.0,0.0438025,4712188.17242135,515727566.9545341,314.8778295439876,5.752184720877694,0,0,canonical_v2_cambridge_prices_freeze_last
2018-05-09,9147.5,-0.029208126740474,157664382659.74448,40.0389463920741,53.0,0.0438025,4804947.806407742,520532514.76094186,302.8905557074622,5.713371537974508,0,0,canonical_v2_cambridge_prices_freeze_last
2018-05-10,9241.28,0.0102519814156873,159297262558.9825,40.1548894907789,63.0,0.0438025,4818861.772383131,525351376.533325,303.2204152773885,5.714459984210537,0,0,canonical_v2_cambridge_prices_freeze_last
2018-05-11,9092.9,-0.0160562173205444,156755785913.9883,39.877254969628,41.0,0.0438025,4785543.728238713,530136920.2615637,295.6892454059731,5.689309056247665,0,0,canonical_v2_cambridge_prices_freeze_last
2018-05-12,8421.36,-0.0738532261434744,145193894099.70688,40.2249860701446,44.0,0.0438025,4827273.842020572,534964194.1035843,271.40862080125163,5.603625511086613,0,0,canonical_v2_cambridge_prices_freeze_last
2018-05-13,8412.92,-0.0010022134192102,145063385336.17667,40.8233513818606,40.0,0.0438025,4899081.777819037,539863275.8814033,268.70393267506506,5.59361015144685,0,0,canonical_v2_cambridge_prices_freeze_last
2018-05-14,8629.01,0.0256854932651207,148804794594.09128,40.2822066551339,40.0,0.0438025,4834140.704141103,544697416.5855445,273.18799403690866,5.61016018103886,0,0,canonical_v2_cambridge_prices_freeze_last
2018-05-15,8810.09,0.0209850260922168,151943167135.52814,40.7236407113033,40.0,0.0438025,4887115.814402364,549584532.3999468,276.46914747039347,5.622099232351055,0,0,canonical_v2_cambridge_prices_freeze_last
2018-05-16,8519.12,-0.0330269043789562,146940128999.56744,41.6674743722273,32.0,0.0438025,5000382.318327361,554584914.7182741,264.9551495179276,5.579560564560155,0,0,canonical_v2_cambridge_prices_freeze_last
2018-05-17,8296.07,-0.02618228173802,143107671148.9632,40.9717392338245,31.0,0.0438025,4916889.3364098575,559501804.0546839,255.77696106048,5.544305818866801,0,0,canonical_v2_cambridge_prices_freeze_last
2018-05-18,8194.31,-0.0122660488641007,141366887374.63913,41.8090913671231,37.0,0.0438025,5017377.327694273,564519181.3823782,250.41998932341676,5.523139465606094,0,0,canonical_v2_cambridge_prices_freeze_last
2018-05-19,8229.25,0.0042639343642112,141984303643.5355,41.3710914506897,31.0,0.0438025,4964814.337722837,569483995.720101,249.32097251301894,5.518741112594919,0,0,canonical_v2_cambridge_prices_freeze_last
2018-05-20,8289.13,0.0072764832761185,143032186704.70807,41.2118189646758,32.0,0.0438025,4945700.548493731,574429696.2685947,248.99859396863138,5.517447249736441,0,0,canonical_v2_cambridge_prices_freeze_last
2018-05-21,8512.73,0.0269750866496243,146905619325.56448,42.2072733553515,41.0,0.0438025,5065161.893555572,579494858.1621503,253.50633790172193,5.535388824303405,0,0,canonical_v2_cambridge_prices_freeze_last
2018-05-22,8403.98,-0.0127749852280055,145043828865.76495,42.4063641561673,30.0,0.0438025,5089054.15328909,584583912.3154393,248.11464327040844,5.513890910602191,0,0,canonical_v2_cambridge_prices_freeze_last
2018-05-23,8095.49,-0.0367076075859295,139733988824.77225,41.7294551241162,26.0,0.0438025,5007820.433079726,589591732.7485191,237.00126895160105,5.468065495346962,0,0,canonical_v2_cambridge_prices_freeze_last
2018-05-24,7591.99,-0.0621951234576289,131056687791.59473,42.2787075597861,27.0,0.0438025,5073734.487363098,594665467.2358822,220.38725134111294,5.395386232325886,0,0,canonical_v2_cambridge_prices_freeze_last
2018-05-25,7576.8,-0.0020007929409812,130807908814.69742,43.6693972975704,25.0,0.0438025,5240626.78116939,599906094.0170516,218.0473079357973,5.384712048125873,0,0,canonical_v2_cambridge_prices_freeze_last
2018-05-26,7448.34,-0.0169543870763383,128603345107.48463,44.2417867809627,23.0,0.0438025,5309317.43965238,605215411.4567039,212.49185442576044,5.358903655515709,0,0,canonical_v2_cambridge_prices_freeze_last
2018-05-27,7527.89,0.0106802321054086,129990197585.37242,45.2951282495811,19.0,0.0438025,5435725.6305541815,610651137.0872581,212.8714575156808,5.360688497696675,0,0,canonical_v2_cambridge_prices_freeze_last
2018-05-28,7286.99,-0.0320009989518975,125843287325.74055,45.4997524109778,22.0,0.0438025,5460281.931457138,616111419.0187153,204.25410638577677,5.319364838241941,0,0,canonical_v2_cambridge_prices_freeze_last
2018-05-29,7224.0,-0.0086441726968199,124768264501.94366,45.2397385872294,16.0,0.0438025,5429078.491690728,621540497.510406,200.74036205477464,5.302012341984579,0,0,canonical_v2_cambridge_prices_freeze_last
2018-05-30,7496.73,0.0377533222591361,129491945786.48438,45.9902038537737,38.0,0.0438025,5519139.463849103,627059636.9742551,206.50658749352874,5.330332312587325,0,0,canonical_v2_cambridge_prices_freeze_last
2018-05-31,7332.22,-0.0219442343528444,126663311726.22528,47.2204214955473,25.0,0.0438025,5666774.0070101665,632726410.9812653,200.18654117786733,5.299249637737512,0,0,canonical_v2_cambridge_prices_freeze_last
2018-06-01,7531.26,0.0271459394289861,130115019554.56364,46.6505564849935,24.0,0.0438025,5598386.302558706,638324797.283824,203.83826557925408,5.3173268636116005,0,0,canonical_v2_cambridge_prices_freeze_last
2018-06-02,7444.98,-0.0114562503485473,128637543791.6168,46.093848881107,27.0,0.0438025,5531577.577026547,643856374.8608506,199.79229656523597,5.297278309741612,0,0,canonical_v2_cambridge_prices_freeze_last
2018-06-03,7606.05,0.0216347122490592,131434012726.99432,45.8992693387479,40.0,0.0438025,5508226.6992068635,649364601.5600574,202.4040306651031,5.310265851568299,0,0,canonical_v2_cambridge_prices_freeze_last
2018-06-04,7676.24,0.0092281801986575,132660459697.74583,46.8446763836989,41.0,0.0438025,5621682.019991702,654986283.5800492,202.53929436910528,5.310933913989238,0,0,canonical_v2_cambridge_prices_freeze_last
2018-06-05,7528.9,-0.0191942930393005,130127419783.05228,48.3783675229104,26.0,0.0438025,5805735.461430912,660792019.0414801,196.92643983777256,5.282830257167444,0,0,canonical_v2_cambridge_prices_freeze_last
2018-06-06,7627.9,0.0131493312436079,131851960439.86296,47.997669267276,42.0,0.0438025,5760049.063232485,666552068.1047126,197.81194410629232,5.287316802129389,0,0,canonical_v2_cambridge_prices_freeze_last
2018-06-07,7625.0,-0.0003801832745577,131815273144.52264,47.5969248729512,38.0,0.0438025,5711956.9910888905,672264025.0958015,196.07664284242819,5.27850561770664,0,0,canonical_v2_cambridge_prices_freeze_last
2018-06-08,7655.9,0.0040524590163935,132362937814.92998,47.6105285645301,40.0,0.0438025,5713589.527254328,677977614.6230558,195.23201793103678,5.274188686814201,0,0,canonical_v2_cambridge_prices_freeze_last
2018-06-09,7639.12,-0.0021917736647552,132086280940.80827,48.0975725352762,39.0,0.0438025,5772038.139661468,683749652.7627172,193.17930240565167,5.263618785634016,0,0,canonical_v2_cambridge_prices_freeze_last
2018-06-10,7628.88,-0.0013404685356428,131922651756.06464,47.3973711930176,24.0,0.0438025,5688009.182690832,689437661.9454081,191.34819438760323,5.254094775650567,0,0,canonical_v2_cambridge_prices_freeze_last
2018-06-11,6740.0,-0.1165151372154235,116563523971.45251,46.4914210997033,15.0,0.0438025,5579288.96635549,695016950.9117635,167.71321018651088,5.122255438454905,0,0,canonical_v2_cambridge_prices_freeze_last
2018-06-12,6758.14,0.0026913946587536,116889126776.29443,45.9327176452407,19.0,0.0438025,5512240.725083989,700529191.6368475,166.85832392390788,5.1171450926189,0,0,canonical_v2_cambridge_prices_freeze_last
2018-06-13,6530.41,-0.0336971415211878,112961775769.49593,45.7471307393614,19.0,0.0438025,5489969.025235282,706019160.6620828,159.99817294415053,5.075162396069569,0,0,canonical_v2_cambridge_prices_freeze_last
2018-06-14,6258.76,-0.0415976944786008,108273822076.63551,46.2110972484251,17.0,0.0438025,5545648.184175727,711564808.8462585,152.16298042084495,5.024952186018794,0,0,canonical_v2_cambridge_prices_freeze_last
2018-06-15,6658.03,0.063793786628661,115192710832.27872,46.5822703045492,26.0,0.0438025,5590191.493191825,717155000.3394504,160.62456620640538,5.079069754985326,0,0,canonical_v2_cambridge_prices_freeze_last
2018-06-16,6505.56,-0.0229001671665641,112566196988.50806,47.649394257721,22.0,0.0438025,5718253.676640614,722873254.016091,155.7205172042544,5.048062844110066,0,0,canonical_v2_cambridge_prices_freeze_last
2018-06-17,6531.76,0.004027324319505,113030996607.40846,49.041294540547,23.0,0.0438025,5885291.244143315,728758545.2602344,155.10074954530504,5.044074902829133,0,0,canonical_v2_cambridge_prices_freeze_last
2018-06-18,6508.0,-0.0036376106899213,112631245780.51212,50.1548152201887,27.0,0.0438025,6018921.352554291,734777466.6127887,153.2862001058972,5.0323067629471385,0,0,canonical_v2_cambridge_prices_freeze_last
2018-06-19,6726.78,0.0336170866625691,116429370103.95232,50.7472411402283,32.0,0.0438025,6090016.520670821,740867483.1334594,157.15276045254478,5.057218328807053,0,0,canonical_v2_cambridge_prices_freeze_last
2018-06-20,6692.5,-0.0050960489268268,115847764661.8668,51.5031131136808,34.0,0.0438025,6180726.33469042,747048209.4681499,155.07401422505643,5.043902514076484,0,0,canonical_v2_cambridge_prices_freeze_last
2018-06-21,6746.81,0.0081150541651102,116799689406.14856,52.5102374044386,37.0,0.0438025,6301588.1476929365,753349797.6158428,155.0404470483557,5.043686031577126,0,0,canonical_v2_cambridge_prices_freeze_last
2018-06-22,6719.15,-0.0040997152728475,116332603778.08856,52.6114176469597,28.0,0.0438025,6313730.469810829,759663528.0856537,153.1370132659203,5.031333032203159,0,0,canonical_v2_cambridge_prices_freeze_last
2018-06-23,6067.5,-0.0969839935110838,105060817574.77708,52.538572194575,17.0,0.0438025,6304988.51658321,765968516.6022369,137.16075177713157,4.921153608602822,0,0,canonical_v2_cambridge_prices_freeze_last
2018-06-24,6130.13,0.0103222084878451,106155995998.24898,53.4077908849203,15.0,0.0438025,6409300.71297732,772377817.3152142,137.44050336303974,4.923191120649493,0,0,canonical_v2_cambridge_prices_freeze_last
2018-06-25,6176.44,0.0075544890565126,106968744918.66257,53.2846949690745,16.0,0.0438025,6394528.359953112,778772345.6751673,137.35560271586758,4.922573203233667,0,0,canonical_v2_cambridge_prices_freeze_last
2018-06-26,6266.68,0.0146103580703449,108542543710.37456,52.9262158203456,21.0,0.0438025,6351508.406769007,785123854.0819364,138.24894396731315,4.92905600180049,0,0,canonical_v2_cambridge_prices_freeze_last
2018-06-27,6169.91,-0.0154419884213012,106877203973.21736,51.3050525679226,18.0,0.0438025,6156957.712620355,791280811.7945567,135.0686158189898,4.905782914641209,0,0,canonical_v2_cambridge_prices_freeze_last
2018-06-28,6122.34,-0.0077099990113307,106063865669.8889,50.4163996255506,20.0,0.0438025,6050313.272871727,797331125.0674285,133.02361131445775,4.890526641145536,0,0,canonical_v2_cambridge_prices_freeze_last
2018-06-29,6041.9,-0.0131387672033896,104680856674.44362,50.157875391215,16.0,0.0438025,6019288.594037522,803350413.661466,130.30534981283574,4.869880540945944,0,0,canonical_v2_cambridge_prices_freeze_last
2018-06-30,5899.3,-0.0236018471010773,102220480911.33774,49.0105279025123,22.0,0.0438025,5881599.036848753,809232012.6983148,126.31789067574367,4.838801671547548,0,0,canonical_v2_cambridge_prices_freeze_last
2018-07-01,6356.43,0.0774888546098688,110152506481.73029,47.2977290577728,27.0,0.0438025,5676051.443981077,814908064.1422958,135.17169767815173,4.906545804994817,0,0,canonical_v2_cambridge_prices_freeze_last
2018-07-02,6319.0,-0.0058885254773513,109514877771.31126,46.1179946578307,27.0,0.0438025,5534475.235615422,820442539.3779112,133.48269076143876,4.893971812216393,0,0,canonical_v2_cambridge_prices_freeze_last
2018-07-03,6587.62,0.0425098908055072,114181812863.8292,44.5254439417341,31.0,0.0438025,5343358.241802214,825785897.6197134,138.27048051190093,4.929211770565537,0,0,canonical_v2_cambridge_prices_freeze_last
2018-07-04,6613.22,0.0038860772175688,114637040910.09016,44.9580326061321,33.0,0.0438025,5395271.8444660315,831181169.4641795,137.9206424803763,4.926678465259929,0,0,canonical_v2_cambridge_prices_freeze_last
2018-07-05,6684.58,0.0107905074986163,115885660128.71504,44.081743099813,37.0,0.0438025,5290111.101724819,836471280.5659044,138.54111052122917,4.931167108451095,0,0,canonical_v2_cambridge_prices_freeze_last
2018-07-06,6504.6,-0.0269246534561632,112776787826.24709,44.5457953185904,34.0,0.0438025,5345800.546417962,841817081.1123223,133.96828165714,4.897603067880892,0,0,canonical_v2_cambridge_prices_freeze_last
2018-07-07,6570.75,0.010169726040033,113935115386.76752,45.284403958694,34.0,0.0438025,5434438.6421936825,847251519.754516,134.476141653637,4.901386797832412,0,0,canonical_v2_cambridge_prices_freeze_last
2018-07-08,6523.8,-0.0071453030475973,113132346015.51456,46.1565378922524,38.0,0.0438025,5539100.687740783,852790620.4422568,132.66133949367804,4.887799561239846,0,0,canonical_v2_cambridge_prices_freeze_last
2018-07-09,6745.0,0.0339066188417793,116979991561.57655,46.144902635155,39.0,0.0438025,5537704.377195553,858328324.8194524,136.28816407309296,4.914771497610507,0,0,canonical_v2_cambridge_prices_freeze_last
2018-07-10,6661.68,-0.0123528539659005,115546514877.019,47.6722667296477,37.0,0.0438025,5720998.529932586,864049323.349385,133.72675813125645,4.895798599694929,0,0,canonical_v2_cambridge_prices_freeze_last
2018-07-11,6386.15,-0.0413604376073303,110778537137.48416,47.7185501534314,29.0,0.0438025,5726552.857796381,869775876.2071815,127.36446269417641,4.847052761480431,0,0,canonical_v2_cambridge_prices_freeze_last
2018-07-12,6354.99,-0.0048793091299139,110249031812.33212,47.90368523727,33.0,0.0438025,5748770.335905531,875524646.543087,125.9233903324576,4.83567370880201,0,0,canonical_v2_cambridge_prices_freeze_last
2018-07-13,6173.9,-0.0284957175385012,107118104917.35696,47.1168614781318,29.0,0.0438025,5654346.095605119,881178992.6386921,121.56225444797725,4.800426513845499,0,0,canonical_v2_cambridge_prices_freeze_last
2018-07-14,6182.84,0.001448031228235,107283924060.19872,45.8079334070484,29.0,0.0438025,5497265.761814349,886676258.4005065,120.9955979352942,4.795754164234899,0,0,canonical_v2_cambridge_prices_freeze_last
2018-07-15,6266.08,0.0134630687515768,108739142710.4236,43.9920209325779,32.0,0.0438025,5279343.827121215,891955602.2276278,121.91093641752057,4.803290748767475,0,0,canonical_v2_cambridge_prices_freeze_last
2018-07-16,6352.37,0.0137709700482597,110247578158.55869,42.6570578357258,36.0,0.0438025,5119139.111916108,897074741.3395438,122.89675885192474,4.811344643986032,0,0,canonical_v2_cambridge_prices_freeze_last
2018-07-17,6661.19,0.0486149263975492,115618776931.12456,42.8868140645695,39.0,0.0438025,5146711.433050152,902221452.772594,128.14899997757692,4.8531936492492145,0,0,canonical_v2_cambridge_prices_freeze_last
2018-07-18,7309.49,0.0973249524484365,126884005042.3072,44.4140983085779,42.0,0.0438025,5329996.003182147,907551448.7757761,139.8091592641551,4.940278344564551,0,0,canonical_v2_cambridge_prices_freeze_last
2018-07-19,7335.1,0.0035036644143435,127341238415.11946,45.5296186014821,44.0,0.0438025,5463866.0788806025,913015314.8546567,139.47327754889957,4.937873024122442,0,0,canonical_v2_cambridge_prices_freeze_last
2018-07-20,7415.71,0.0109896252266499,128753478507.02716,45.7928870370783,47.0,0.0438025,5495460.09436061,918510774.9490173,140.1763398085055,4.94290120007717,0,0,canonical_v2_cambridge_prices_freeze_last
2018-07-21,7346.94,-0.0092735557350543,127572158760.37032,46.0037105530696,43.0,0.0438025,5520760.36027625,924031535.3092935,138.0603950033687,4.927691234370532,0,0,canonical_v2_cambridge_prices_freeze_last
2018-07-22,7411.49,0.0087859707578938,128705792188.49615,48.9189147070177,46.0,0.0438025,5870604.825901762,929902140.1351953,138.4078889954851,4.930205042971515,0,0,canonical_v2_cambridge_prices_freeze_last
2018-07-23,7508.27,0.0130581030265171,130399394696.19733,51.6318839949611,44.0,0.0438025,6196179.722436394,936098319.8576317,139.30096009148843,4.936636773019643,0,0,canonical_v2_cambridge_prices_freeze_last
2018-07-24,7705.92,0.0263243063981448,133845351896.6497,51.8549020236899,49.0,0.0438025,6222943.413404595,942321263.2710363,142.03791967087585,4.956094061888189,0,0,canonical_v2_cambridge_prices_freeze_last
2018-07-25,8225.0,0.0673611976246832,142875506746.84537,52.2603331063706,54.0,0.0438025,6271597.920251503,948592861.1912878,150.61836599467506,5.01474926008611,0,0,canonical_v2_cambridge_prices_freeze_last
2018-07-26,8180.01,-0.0054699088145896,142108078197.11047,52.2451802366682,53.0,0.0438025,6269779.472100436,954862640.6633881,148.82567622331658,5.002775662777268,0,0,canonical_v2_cambridge_prices_freeze_last
2018-07-27,8134.74,-0.005534223063297,141335623226.0945,53.0821522028889,47.0,0.0438025,6370221.84073162,961232862.5041198,147.03577950705858,4.990675955169448,0,0,canonical_v2_cambridge_prices_freeze_last
2018-07-28,8173.0,0.004703284923673,142014426947.90146,53.6619584495739,54.0,0.0438025,6439802.561609481,967672665.0657293,146.75874608719585,4.988790055482169,0,0,canonical_v2_cambridge_prices_freeze_last
2018-07-29,8164.09,-0.0010901749663525,141873646394.85074,53.7745961853651,54.0,0.0438025,6453319.861395766,974125984.927125,145.6419894244628,4.981151483090776,0,0,canonical_v2_cambridge_prices_freeze_last
2018-07-30,8214.68,0.0061966489835365,142766907898.81302,53.2173561439645,53.0,0.0438025,6386447.239715082,980512432.1668401,145.60438319309384,4.980893239657631,0,0,canonical_v2_cambridge_prices_freeze_last
2018-07-31,8144.29,-0.0085688060886121,141557558628.82874,53.6739548327353,48.0,0.0438025,6441242.2097558575,986953674.376596,143.42877715941714,4.965838585573739,0,0,canonical_v2_cambridge_prices_freeze_last
2018-08-01,7685.41,-0.0563437696840363,133594870161.73875,53.4133608493895,39.0,0.0438025,6409969.146864065,993363643.52346,134.48737633267697,4.901470338374494,0,0,canonical_v2_cambridge_prices_freeze_last
2018-08-02,7482.34,-0.0264227933187689,130077763706.39355,53.8658206322103,39.0,0.0438025,6464267.41984217,999827910.9433022,130.1001525189168,4.8683045578384245,0,0,canonical_v2_cambridge_prices_freeze_last
2018-08-03,7550.0,0.0090426257026545,131266961409.57048,54.912277391885,36.0,0.0438025,6589849.398515186,1006417760.3418174,130.42989361096656,4.870835868702694,0,0,canonical_v2_cambridge_prices_freeze_last
2018-08-04,7393.51,-0.0207271523178808,128558849778.0098,57.5036124812751,31.0,0.0438025,6900827.358112473,1013318587.6999298,126.86913211551533,4.843156099390678,0,0,canonical_v2_cambridge_prices_freeze_last
2018-08-05,6981.98,-0.0556609783445211,121415105707.41003,57.4273063192445,23.0,0.0438025,6891670.096023855,1020210257.7959536,119.00988524631515,4.779206558958232,0,0,canonical_v2_cambridge_prices_freeze_last
2018-08-06,7017.05,0.0050229304581221,122036987026.12584,57.2291229204986,25.0,0.0438025,6867886.730753807,1027078144.5267074,118.81957344381256,4.77760615298522,0,0,canonical_v2_cambridge_prices_freeze_last
2018-08-07,6916.66,-0.0143065818256959,120302898959.2068,57.3967013535423,25.0,0.0438025,6887997.290516539,1033966141.8172239,116.3509075333658,4.756610689746809,0,0,canonical_v2_cambridge_prices_freeze_last
2018-08-08,6877.06,-0.0057253067231871,119625898637.38792,57.7663211598961,23.0,0.0438025,6932354.198921504,1040898496.0161455,114.92561387612227,4.744285083214874,0,0,canonical_v2_cambridge_prices_freeze_last
2018-08-09,6311.71,-0.0822080947381584,109802479332.23956,57.2851111389969,19.0,0.0438025,6874605.700454554,1047773101.7166001,104.79604711396644,4.652016052797403,0,0,canonical_v2_cambridge_prices_freeze_last
2018-08-10,6494.5,0.0289604560412313,112993514551.04475,57.4942147890357,21.0,0.0438025,6899699.570675991,1054672801.287276,107.13608468250158,4.674099845847245,0,0,canonical_v2_cambridge_prices_freeze_last
2018-08-11,6184.32,-0.0477604126568635,107607467597.377,56.353741067846,18.0,0.0438025,6762834.912669382,1061435636.1999454,101.37917357158216,4.618867681221494,0,0,canonical_v2_cambridge_prices_freeze_last
2018-08-12,6415.97,0.0374576347925075,111649149469.17004,55.5524331770056,18.0,0.0438025,6666672.4773583235,1068102308.6773038,104.53038867356442,4.6494778298345025,0,0,canonical_v2_cambridge_prices_freeze_last
2018-08-13,6306.04,-0.0171338082939914,109746942085.6913,56.035726049308,21.0,0.0438025,6724670.9322597645,1074826979.6095636,102.10661266202811,4.626017489596651,0,0,canonical_v2_cambridge_prices_freeze_last
2018-08-14,6278.34,-0.0043926140652453,109275581478.12558,54.772251628515,16.0,0.0438025,6573045.347830215,1081400024.957394,101.05010075474239,4.615616440927237,0,0,canonical_v2_cambridge_prices_freeze_last
2018-08-15,6070.35,-0.0331281835644453,105665835412.99223,54.4253708817402,18.0,0.0438025,6531417.282321712,1087931442.2397156,97.12545415128258,4.57600348462316,0,0,canonical_v2_cambridge_prices_freeze_last
2018-08-16,6374.99,0.050184915202583,110979536387.18504,54.6229021459668,21.0,0.0438025,6555122.386982769,1094486564.6266983,101.39871970473878,4.619060464891364,0,0,canonical_v2_cambridge_prices_freeze_last
2018-08-17,6249.38,-0.0197035603193103,108803495147.9049,53.1476635862391,19.0,0.0438025,6378083.655441748,1100864648.28214,98.8345799982667,4.593447543500573,0,0,canonical_v2_cambridge_prices_freeze_last
2018-08-18,6479.99,0.036901260605052,112829519812.57074,52.8886660580111,24.0,0.0438025,6347002.178098716,1107211650.4602387,101.90420211498902,4.62403317701326,0,0,canonical_v2_cambridge_prices_freeze_last
2018-08-19,6360.64,-0.0184182382997504,110762228912.71126,52.3953020461889,27.0,0.0438025,6287795.117474492,1113499445.5777133,99.47219044661927,4.599878112100298,0,0,canonical_v2_cambridge_prices_freeze_last
2018-08-20,6363.58,0.0004622176384765,110824255116.00575,52.3953020461889,26.0,0.0438025,6287795.117474492,1119787240.6951878,98.96902830148672,4.594806955748719,0,0,canonical_v2_cambridge_prices_freeze_last
2018-08-21,6453.35,0.0141068392320047,112398612577.87949,52.9873393574453,19.0,0.0438025,6358843.649875335,1126146084.3450632,99.80819907858361,4.603250335038902,0,0,canonical_v2_cambridge_prices_freeze_last
2018-08-22,6453.57,3.4090821046328657e-05,112413417015.54475,52.9380033290653,21.0,0.0438025,6352922.988551734,1132499007.3336148,99.2613823832074,4.597756596953384,0,0,canonical_v2_cambridge_prices_freeze_last
2018-08-23,6326.41,-0.0197038228453398,110209194329.80235,52.493975345623,18.0,0.0438025,6299636.5892511,1138798643.9228659,96.77671721680338,4.572406440732046,0,0,canonical_v2_cambridge_prices_freeze_last
2018-08-24,6423.0,0.0152677426850298,111902750288.151,52.3414644306445,19.0,0.0438025,6281334.234858372,1145079978.1577241,97.72483356855746,4.58215570861855,0,0,canonical_v2_cambridge_prices_freeze_last
2018-08-25,6608.31,0.0288510042036431,115142476792.29243,51.4602990920074,22.0,0.0438025,6175588.358842888,1151255566.516567,100.01469711949966,4.60531714638388,0,0,canonical_v2_cambridge_prices_freeze_last
2018-08-26,6716.0,0.0162961483344454,117030252887.10004,53.2931161119577,19.0,0.0438025,6395538.954778156,1157651105.4713452,101.09285287595385,4.616039429916771,0,0,canonical_v2_cambridge_prices_freeze_last
2018-08-27,6689.19,-0.0039919594997022,116574419186.62643,55.5025994768632,18.0,0.0438025,6660692.092014522,1164311797.5633597,100.12302497543203,4.6063996796052775,0,0,canonical_v2_cambridge_prices_freeze_last
2018-08-28,6720.98,0.0047524438683905,117139827412.4543,56.1484936651135,19.0,0.0438025,6738203.818537354,1171050001.381897,100.02974021111268,4.605467543883977,0,0,canonical_v2_cambridge_prices_freeze_last
2018-08-29,7084.07,0.0540233715916429,123480120567.39496,55.4751115243232,19.0,0.0438025,6657393.349436074,1177707394.731333,104.847877426773,4.652510513240043,0,0,canonical_v2_cambridge_prices_freeze_last
2018-08-30,7043.01,-0.0057961030876317,122776346545.35011,56.123615328321,22.0,0.0438025,6735218.247722686,1184442612.9790556,103.65748850976298,4.641092084316047,0,0,canonical_v2_cambridge_prices_freeze_last
2018-08-31,6914.27,-0.0182791164573101,120543809276.61972,56.8285663636106,17.0,0.0438025,6819817.200389186,1191262430.1794448,101.18996975205683,4.616999638819367,0,0,canonical_v2_cambridge_prices_freeze_last
2018-09-01,7044.5,0.0188349601620994,122826167810.07724,57.6710802065651,21.0,0.0438025,6920924.632186487,1198183354.8116312,102.5103272523653,4.629963547184764,0,0,canonical_v2_cambridge_prices_freeze_last
2018-09-02,7193.83,0.0211980978067996,125442016535.58604,56.1755111365752,18.0,0.0438025,6741446.100163933,1204924800.9117951,104.10775547209344,4.645426473058153,0,0,canonical_v2_cambridge_prices_freeze_last
2018-09-03,7303.3,0.0152172069676375,127363240565.73564,54.0565937157189,19.0,0.0438025,6487161.496528155,1211411962.4083233,105.13619191322306,4.6552565755345245,0,0,canonical_v2_cambridge_prices_freeze_last
2018-09-04,7301.76,-0.0002108635822162,127348722737.2411,52.6635590299907,26.0,0.0438025,6319987.792907308,1217731950.2012305,104.57861659636728,4.649939100487057,0,0,canonical_v2_cambridge_prices_freeze_last
2018-09-05,7361.0,0.0081131124550792,128394349886.98184,52.3098895278418,17.0,0.0438025,6277545.03025559,1224009495.231486,104.89653093965562,4.65297444469008,0,0,canonical_v2_cambridge_prices_freeze_last
2018-09-06,6968.8,-0.0532808042385545,121565160299.862,52.1134144834054,14.0,0.0438025,6253966.67920374,1230263461.9106898,98.81229839262424,4.5932220746652614,0,0,canonical_v2_cambridge_prices_freeze_last
2018-09-07,6432.11,-0.0770132590976926,112213884561.23865,52.2670664411142,17.0,0.0438025,6272405.966539465,1236535867.8772292,90.74858843672452,4.50809291860773,0,0,canonical_v2_cambridge_prices_freeze_last
2018-09-08,6442.57,0.0016262159695652,112407234512.34875,52.5537169073132,18.0,0.0438025,6306805.985842703,1242842673.863072,90.4436554008549,4.504727064559094,0,0,canonical_v2_cambridge_prices_freeze_last
2018-09-09,6171.42,-0.0420872415821635,107686727761.07243,53.910139551038,13.0,0.0438025,6469585.993655732,1249312259.8567276,86.1968070123814,4.456633135363885,0,0,canonical_v2_cambridge_prices_freeze_last
2018-09-10,6375.49,0.0330669440744593,111258341366.4818,53.7467539623311,15.0,0.0438025,6449978.6039315285,1255762238.460659,88.59825368125794,4.484112147272972,0,0,canonical_v2_cambridge_prices_freeze_last
2018-09-11,6298.68,-0.0120477014315761,109928542228.8202,54.8454210414771,18.0,0.0438025,6581826.17854603,1262344064.639205,87.0828685365105,4.466860177216883,0,0,canonical_v2_cambridge_prices_freeze_last
2018-09-12,6247.92,-0.0080588313741927,109053164301.9921,57.097491055142,14.0,0.0438025,6852090.005322898,1269196154.644528,85.92301820559433,4.45345175823476,0,0,canonical_v2_cambridge_prices_freeze_last
2018-09-13,6304.99,0.0091342398750302,110059890756.18434,57.3276049069768,20.0,0.0438025,6879705.243665347,1276075859.8881934,86.24870528138312,4.457235044568459,0,0,canonical_v2_cambridge_prices_freeze_last
2018-09-14,6469.33,0.026065069096065,112939489456.55469,56.2871837320877,23.0,0.0438025,6754847.5765062235,1282830707.4646995,88.039278136521,4.477783057357507,0,0,canonical_v2_cambridge_prices_freeze_last
2018-09-15,6535.0,0.0101509739030163,114096920537.3076,55.7443948998654,24.0,0.0438025,6689709.198907819,1289520416.6636074,88.480119479234,4.48277788812612,0,0,canonical_v2_cambridge_prices_freeze_last
2018-09-16,6528.33,-0.0010206579954092,113991435453.88126,54.4417019514272,28.0,0.0438025,6533377.122540794,1296053793.786148,87.95270381554094,4.476799213355035,0,0,canonical_v2_cambridge_prices_freeze_last
2018-09-17,6483.04,-0.0069374556739625,113211512508.9629,54.4417019514272,25.0,0.0438025,6533377.122540794,1302587170.9086888,86.91281093301895,4.4649054429595845,0,0,canonical_v2_cambridge_prices_freeze_last
2018-09-18,6209.73,-0.0421576914533923,108449200137.07726,54.4959804613062,21.0,0.0438025,6539890.91549689,1309127061.8241856,82.84085120504665,4.416921311764871,0,0,canonical_v2_cambridge_prices_freeze_last
2018-09-19,6311.19,0.0163388746370616,110231726947.31042,53.8446339870871,24.0,0.0438025,6461724.877313377,1315588786.701499,83.78889213831638,4.428300446653508,0,0,canonical_v2_cambridge_prices_freeze_last
2018-09-20,6376.57,0.0103593775500341,111384352567.14735,54.1899117899072,24.0,0.0438025,6503160.578568246,1322091947.2800672,84.2485674285346,4.433771565272291,0,0,canonical_v2_cambridge_prices_freeze_last
2018-09-21,6374.99,-0.000247782114836,111367439336.12886,54.989842659284,31.0,0.0438025,6599157.761872021,1328691105.0419393,83.81740414572401,4.42864067262729,0,0,canonical_v2_cambridge_prices_freeze_last
2018-09-22,6706.0,0.0519232187030882,117161230572.542,55.9639599378843,35.0,0.0438025,6716058.507340211,1335407163.5492795,87.73446314392075,4.474314788480386,0,0,canonical_v2_cambridge_prices_freeze_last
2018-09-23,6711.32,0.0007933194154488,117265415756.15974,56.7158029508744,38.0,0.0438025,6806284.8185087005,1342213448.367788,87.36718880202065,4.470119798011427,0,0,canonical_v2_cambridge_prices_freeze_last
2018-09-24,6695.86,-0.0023035706835614,117006494276.20448,57.5741396398712,43.0,0.0438025,6909291.100206736,1349122739.467995,86.72783495024636,4.462774881283736,0,0,canonical_v2_cambridge_prices_freeze_last
2018-09-25,6623.91,-0.0107454456933089,115760289347.10054,59.2140492879038,37.0,0.0438025,7106091.49022851,1356228830.9582233,85.35454099240158,4.446813652188377,0,0,canonical_v2_cambridge_prices_freeze_last
2018-09-26,6378.63,-0.0370294886252983,111484411605.36745,58.4347338111146,37.0,0.0438025,7012568.295236567,1363241399.25346,81.77892166891256,4.404019529094031,0,0,canonical_v2_cambridge_prices_freeze_last
2018-09-27,6497.35,0.0186121471225013,113570235823.83908,57.9656136932266,42.0,0.0438025,6956270.667938516,1370197669.9213984,82.88602317529416,4.417466449317668,0,0,canonical_v2_cambridge_prices_freeze_last
2018-09-28,6701.7,0.0314512839850091,117153361754.47064,58.5187204886823,42.0,0.0438025,7022647.271795909,1377220317.1931944,85.06508384456004,4.44341665578647,0,0,canonical_v2_cambridge_prices_freeze_last
2018-09-29,6643.33,-0.0087097303669217,116144080970.87325,58.3527886989411,37.0,0.0438025,7002734.320507857,1384223051.5137022,83.90561105297671,4.429692489103166,0,0,canonical_v2_cambridge_prices_freeze_last
2018-09-30,6573.8,-0.0104661367115588,114939473235.69896,59.0718279063769,34.0,0.0438025,7089023.95032623,1391312075.4640284,82.61228753970565,4.414158429023927,0,0,canonical_v2_cambridge_prices_freeze_last
2018-10-01,6585.01,0.0017052541908788,115146459843.2166,59.4402918175045,35.0,0.0438025,7133242.143386962,1398445317.6074154,82.33890763796141,4.410843749772843,0,0,canonical_v2_cambridge_prices_freeze_last
2018-10-02,6540.57,-0.0067486609739393,114380281696.4806,57.5102469258923,33.0,0.0438025,6901623.536907938,1405346941.1443233,81.38935543086953,4.399244495794991,0,0,canonical_v2_cambridge_prices_freeze_last
2018-10-03,6519.59,-0.0032076715026365,114024253456.85812,57.6726598101264,36.0,0.0438025,6921114.195433046,1412268055.3397565,80.73839312992655,4.391214213442339,0,0,canonical_v2_cambridge_prices_freeze_last
2018-10-04,6481.7,-0.0058117151538671,113372374828.21956,58.1362792198832,29.0,0.0438025,6976751.700079272,1419244807.0398357,79.88218400790484,4.38055284928433,0,0,canonical_v2_cambridge_prices_freeze_last
2018-10-05,6542.67,0.0094064828671491,114449704380.28873,56.9544102306785,37.0,0.0438025,6834919.32638163,1426079726.3662174,80.25477276219131,4.385206233913802,0,0,canonical_v2_cambridge_prices_freeze_last
2018-10-06,6538.99,-0.0005624615027198,114396213783.71677,55.6010095771413,34.0,0.0438025,6672501.978089676,1432752228.344307,79.84368233432336,4.380070752361534,0,0,canonical_v2_cambridge_prices_freeze_last
2018-10-07,6550.25,0.0017219784706812,114604098123.99117,54.5985115526122,29.0,0.0438025,6552195.348721359,1439304423.6930282,79.62464106789523,4.3773236061006315,0,0,canonical_v2_cambridge_prices_freeze_last
2018-10-08,6542.08,-0.0012472806381436,114472032418.8985,53.6621961131733,26.0,0.0438025,6439831.082869243,1445744254.7758975,79.17861823814934,4.371706290630911,0,0,canonical_v2_cambridge_prices_freeze_last
2018-10-09,6615.16,0.0111707591469378,115761765982.92868,53.5807112001585,31.0,0.0438025,6430052.335191624,1452174307.1110892,79.71616452381778,4.3784723823434515,0,0,canonical_v2_cambridge_prices_freeze_last
2018-10-10,6648.2,0.004994588188343,116350992060.36008,53.8561181583123,28.0,0.0438025,6463103.056519109,1458637410.1676083,79.76690522903186,4.379108696994339,0,0,canonical_v2_cambridge_prices_freeze_last
2018-10-11,6636.9,-0.0016997081916909,116164249051.48216,54.4555351656338,19.0,0.0438025,6535037.202993628,1465172447.370602,79.28367016452603,4.373032182650086,0,0,canonical_v2_cambridge_prices_freeze_last
2018-10-12,6299.8,-0.0507917853214602,110274514501.794,54.5683968347578,13.0,0.0438025,6548581.37631364,1471721028.7469156,74.92895212327456,4.316540359536333,0,0,canonical_v2_cambridge_prices_freeze_last
2018-10-13,6318.0,0.0028889806025587,110603575714.02267,55.4712865331988,15.0,0.0438025,6656934.3243025765,1478377963.0712183,74.81413987276441,4.315006902847574,0,0,canonical_v2_cambridge_prices_freeze_last
2018-10-14,6195.67,-0.0193621399176954,108472326286.83278,53.8912292563811,18.0,0.0438025,6467316.628774338,1484845279.6999927,73.05294886262439,4.29118450511124,0,0,canonical_v2_cambridge_prices_freeze_last
2018-10-15,6236.46,0.0065836301804325,109196803172.46896,55.4148553940909,20.0,0.0438025,6650162.201094978,1491495441.9010875,73.21296472303308,4.293372518987123,0,0,canonical_v2_cambridge_prices_freeze_last
2018-10-16,6388.12,0.0243182831285697,111862863463.94656,55.6970086532631,24.0,0.0438025,6684022.524752211,1498179464.4258397,74.6658635498096,4.313023007099748,0,0,canonical_v2_cambridge_prices_freeze_last
2018-10-17,6455.66,0.0105727506684283,113056249944.8298,55.3584248640748,23.0,0.0438025,6643390.150982565,1504822854.5768223,75.12927491829119,4.319210295306828,0,0,canonical_v2_cambridge_prices_freeze_last
2018-10-18,6444.2,-0.0017751864255552,112866218304.18971,54.1342459296342,26.0,0.0438025,6496480.294062471,1511319334.8708847,74.68058913825259,4.313220207478139,0,0,canonical_v2_cambridge_prices_freeze_last
2018-10-19,6387.16,-0.0088513702243878,111877762490.36652,54.4060610733147,24.0,0.0438025,6529099.973051692,1517848434.8439364,73.70812521335154,4.300113040246766,0,0,canonical_v2_cambridge_prices_freeze_last
2018-10-20,6382.92,-0.0006638318125739,111814047319.24548,54.2243720283251,21.0,0.0438025,6507296.043207426,1524355730.8871439,73.35167576282997,4.29526535044704,0,0,canonical_v2_cambridge_prices_freeze_last
2018-10-21,6387.16,0.0006642727779762,111898877192.65729,55.2944556045801,21.0,0.0438025,6635713.401697588,1530991444.2888415,73.08915906100002,4.29168005289868,0,0,canonical_v2_cambridge_prices_freeze_last
2018-10-22,6409.0,0.0034193600911829,112292085658.10324,54.5801736251327,27.0,0.0438025,6549994.671821576,1537541438.960663,73.03353445485651,4.29091871176142,0,0,canonical_v2_cambridge_prices_freeze_last
2018-10-23,6407.98,-0.0001591511936339,112284793441.70958,55.3351472019203,24.0,0.0438025,6640596.672087984,1544182035.632751,72.71473883951722,4.286544099060509,0,0,canonical_v2_cambridge_prices_freeze_last
2018-10-24,6391.25,-0.0026108071498349,112002186075.78989,53.6916256027282,23.0,0.0438025,6443362.823187678,1550625398.4559386,72.23033118593179,4.279860057209821,0,0,canonical_v2_cambridge_prices_freeze_last
2018-10-25,6422.71,0.0049223547819283,112564094032.1498,53.3921394175824,25.0,0.0438025,6407422.429694939,1557032820.8856335,72.29397641606799,4.280740811946606,0,0,canonical_v2_cambridge_prices_freeze_last
2018-10-26,6394.41,-0.004406239733695,112078651426.33427,53.4465106081489,29.0,0.0438025,6413947.344968335,1563446768.2306018,71.68689955026544,4.272308018920986,0,0,canonical_v2_cambridge_prices_freeze_last
2018-10-27,6404.65,0.0016013987216958,112268687684.38576,53.0659147105506,33.0,0.0438025,6368273.230435322,1569815041.4610372,71.51714356099974,4.2699371910436215,0,0,canonical_v2_cambridge_prices_freeze_last
2018-10-28,6404.89,3.747277368804092e-05,112283443739.54604,53.1746558735,35.0,0.0438025,6381322.914791736,1576196364.375829,71.23696404667834,4.266011841661026,0,0,canonical_v2_cambridge_prices_freeze_last
2018-10-29,6399.69,-0.0008118796731872,112202818563.49796,52.6853188129523,34.0,0.0438025,6322599.11590231,1582518963.4917314,70.90140538722474,4.261290255446347,0,0,canonical_v2_cambridge_prices_freeze_last
2018-10-30,6239.92,-0.0249652717553505,109411912280.30469,52.6853188129523,31.0,0.0438025,6322599.11590231,1588841562.6076338,68.86269522099862,4.232114597733987,0,0,canonical_v2_cambridge_prices_freeze_last
2018-10-31,6263.0,0.0036987653687867,109826901933.2407,55.4038594594316,32.0,0.0438025,6648842.6136212405,1595490405.221255,68.83582726278472,4.231724354497237,0,0,canonical_v2_cambridge_prices_freeze_last
2018-11-01,6296.55,0.0053568577359093,110425579948.19734,55.897992254293,29.0,0.0438025,6708141.933475806,1602198547.1547308,68.9212832855809,4.232965031416457,0,0,canonical_v2_cambridge_prices_freeze_last
2018-11-02,6333.57,0.0058794101531789,111085224066.31927,55.4999242333987,36.0,0.0438025,6660371.044475197,1608858918.1992059,69.04596966815267,4.234772509841199,0,0,canonical_v2_cambridge_prices_freeze_last
2018-11-03,6355.77,0.0035051321766397,111485030823.28064,56.411020208055,36.0,0.0438025,6769708.801817341,1615628627.0010233,69.00411948643321,4.234166205517055,0,0,canonical_v2_cambridge_prices_freeze_last
2018-11-04,6339.71,-0.0025268378182344,111213733277.95863,55.1443224335219,41.0,0.0438025,6617696.392861214,1622246323.3938844,68.55539240507542,4.227642066737615,0,0,canonical_v2_cambridge_prices_freeze_last
2018-11-05,6407.54,0.0106992275671915,112414147721.53671,54.6347287904762,42.0,0.0438025,6556541.665328313,1628802865.0592127,69.0164231246303,4.234344492574864,0,0,canonical_v2_cambridge_prices_freeze_last
2018-11-06,6401.91,-0.0008786523377146,112325873948.16553,52.8647751886993,42.0,0.0438025,6344135.110145208,1635147000.1693578,68.69466411064666,4.229671526788976,0,0,canonical_v2_cambridge_prices_freeze_last
2018-11-07,6423.65,0.0033958615475693,112717846899.13065,50.7086585668863,48.0,0.0438025,6085386.347605581,1641232386.5169632,68.67878542071753,4.229440351259003,0,0,canonical_v2_cambridge_prices_freeze_last
2018-11-08,6484.9,0.009535077409261,113803245487.81165,49.007766310496,51.0,0.0438025,5881267.626891783,1647113654.143855,69.09252752625918,4.235446584929824,0,0,canonical_v2_cambridge_prices_freeze_last
2018-11-09,6412.6,-0.0111489768539221,112544957485.11089,48.1823722530553,47.0,0.0438025,5782214.686614945,1652895868.83047,68.0895630556229,4.22082394231498,0,0,canonical_v2_cambridge_prices_freeze_last
2018-11-10,6332.23,-0.0125331378847894,111144781220.92024,46.634758756468,52.0,0.0438025,5596490.466932027,1658492359.2974021,67.01555216570623,4.204924714331064,0,0,canonical_v2_cambridge_prices_freeze_last
2018-11-11,6360.45,0.0044565658543673,111650511716.55608,47.8212628223732,54.0,0.0438025,5738879.081580827,1664231238.378983,67.08834033502905,4.206010263379841,0,0,canonical_v2_cambridge_prices_freeze_last
2018-11-12,6316.97,-0.0068359943085787,110897599869.601,47.6149147413499,52.0,0.0438025,5714115.898515011,1669945354.277498,66.40792142421981,4.195816347924408,0,0,canonical_v2_cambridge_prices_freeze_last
2018-11-13,6306.0,-0.0017365920686658,110715323559.47173,47.2022174237383,56.0,0.0438025,5664589.393707663,1675609943.6712058,66.07463985138338,4.190785009872144,0,0,canonical_v2_cambridge_prices_freeze_last
2018-11-14,6292.2,-0.0021883920076117,110483315174.7755,47.4601528139087,49.0,0.0438025,5695543.4072088655,1681305487.0784147,65.71281425290599,4.1852939483735225,0,0,canonical_v2_cambridge_prices_freeze_last
2018-11-15,5545.35,-0.1186945742347668,97378600767.83504,47.7696755132262,28.0,0.0438025,5732688.251145453,1687038175.32956,57.72163439562492,4.0556320494373,0,0,canonical_v2_cambridge_prices_freeze_last
2018-11-16,5468.88,-0.0137899321052774,96044683007.69492,47.6913934977207,23.0,0.0438025,5723293.873106606,1692761469.2026668,56.73846242077708,4.0384523303314195,0,0,canonical_v2_cambridge_prices_freeze_last
2018-11-17,5448.48,-0.0037301970421732,95695306430.21211,47.8606496765733,24.0,0.0438025,5743605.773857814,1698505074.9765246,56.34090109005694,4.031420756109055,0,0,canonical_v2_cambridge_prices_freeze_last
2018-11-18,5485.79,0.006847781399583,96359552607.51048,46.2050804116308,26.0,0.0438025,5544926.122549201,1704050001.099074,56.54737392996728,4.0350787634638206,0,0,canonical_v2_cambridge_prices_freeze_last
2018-11-19,5527.59,0.0076196864991187,97102791712.97627,45.0023545246849,28.0,0.0438025,5400590.778267152,1709450591.877341,56.80350878485275,4.039598098200358,0,0,canonical_v2_cambridge_prices_freeze_last
2018-11-20,4784.47,-0.1344383356942174,84056248601.24867,45.1180127113436,21.0,0.0438025,5414470.552845557,1714865062.4301865,49.01624649238002,3.892151804225382,0,0,canonical_v2_cambridge_prices_freeze_last
2018-11-21,4334.28,-0.0940940166831436,76154116364.64375,43.1699774638148,15.0,0.0438025,5180692.980434926,1720045755.4106214,44.274471260483246,3.790408241428944,0,0,canonical_v2_cambridge_prices_freeze_last
2018-11-22,4450.0,0.0266987827274658,78194581389.44023,42.4467902390063,14.0,0.0438025,5093905.560120748,1725139660.9707422,45.32652234395902,3.8138923433677516,0,0,canonical_v2_cambridge_prices_freeze_last
2018-11-23,4427.47,-0.0050629213483145,77805891102.7161,41.7618787429841,12.0,0.0438025,5011711.489423455,1730151372.4601657,44.97056866884488,3.8060082462184477,0,0,canonical_v2_cambridge_prices_freeze_last
2018-11-24,4254.17,-0.0391419930569829,74767330968.7087,41.2559578759359,15.0,0.0438025,4950997.520166253,1735102369.980332,43.09102002411317,3.763314623292643,0,0,canonical_v2_cambridge_prices_freeze_last
2018-11-25,3805.51,-0.1054635804398977,66888285577.7378,40.9077487865194,9.0,0.0438025,4909210.04444251,1740011580.0247743,38.44128760153737,3.6491320799390543,0,0,canonical_v2_cambridge_prices_freeze_last
2018-11-26,3677.78,-0.0335644893851284,64649189025.36491,39.7197853863794,17.0,0.0438025,4766646.299690093,1744778226.3244643,37.0529549543694,3.612348104415192,0,0,canonical_v2_cambridge_prices_freeze_last
2018-11-27,3658.81,-0.005158002925678,64321669280.52994,39.1157229321492,11.0,0.0438025,4694154.667768398,1749472380.9922328,36.766324509821175,3.604582331378176,0,0,canonical_v2_cambridge_prices_freeze_last
2018-11-28,3766.0,0.0292964105815825,66212175421.36029,39.2356947719738,14.0,0.0438025,4708552.110272281,1754180933.102505,37.745351218847844,3.6308623215912914,0,0,canonical_v2_cambridge_prices_freeze_last
2018-11-29,4215.08,0.1192458842272967,74114542531.80772,37.9776629370679,18.0,0.0438025,4557579.673427168,1758738512.775932,42.140740077857224,3.7410149705819884,0,0,canonical_v2_cambridge_prices_freeze_last
2018-11-30,4191.44,-0.0056084344781119,73705672106.43262,36.5855289808702,19.0,0.0438025,4390514.063519361,1763129026.8394516,41.80390146406691,3.732989671636065,0,0,canonical_v2_cambridge_prices_freeze_last
2018-12-01,3933.76,-0.0614776783158054,69180793799.80193,35.5616408227953,13.0,0.0438025,4267640.471617783,1767396667.3110693,39.142765786162826,3.6672156233998865,0,0,canonical_v2_cambridge_prices_freeze_last
2018-12-02,4169.32,0.0598816399576993,73330207035.7725,34.8860767057479,15.0,0.0438025,4186568.1504206085,1771583235.46149,41.39247062623637,3.7230989953596203,0,0,canonical_v2_cambridge_prices_freeze_last
2018-12-03,4102.69,-0.0159810232843725,72164958052.1346,34.5397708597377,17.0,0.0438025,4145009.076941536,1775728244.5384314,40.63964082009214,3.704743965142886,0,0,canonical_v2_cambridge_prices_freeze_last
2018-12-04,3870.55,-0.0565823886279488,68087956275.466255,33.8227006280291,12.0,0.0438025,4058955.73769656,1779787200.276128,38.25623437729108,3.644306537247052,0,0,canonical_v2_cambridge_prices_freeze_last
2018-12-05,3896.61,0.0067328932580641,68552688324.19796,33.3824981903723,19.0,0.0438025,4006128.4300925555,1783793328.7062206,38.43084690417527,3.6488604419133006,0,0,canonical_v2_cambridge_prices_freeze_last
2018-12-06,3722.6,-0.0446567657527954,65497365753.04357,33.6887637112164,13.0,0.0438025,4042882.3903028946,1787836211.0965235,36.63499225853158,3.60100385629845,0,0,canonical_v2_cambridge_prices_freeze_last
2018-12-07,3594.45,-0.0344248643421265,63248436641.99136,33.4105536500134,11.0,0.0438025,4009495.2774101696,1791845706.3739338,35.29792571816017,3.5638242006875176,0,0,canonical_v2_cambridge_prices_freeze_last
2018-12-08,3383.11,-0.0587961996967546,59535133619.44608,32.6008197008204,11.0,0.0438025,3912321.657384071,1795758028.031318,33.15320476930525,3.5011393867496703,0,0,canonical_v2_cambridge_prices_freeze_last
2018-12-09,3273.24,-0.0324760353639108,57606953222.94298,32.3721916388449,14.0,0.0438025,3884884.7240013806,1799642912.7553194,32.0102131454204,3.466055012673142,0,0,canonical_v2_cambridge_prices_freeze_last
2018-12-10,3556.52,0.0865442191834391,62598241353.561874,32.3662468963756,19.0,0.0438025,3884171.3141876496,1803527084.0695071,34.70878918674967,3.5469929455645723,0,0,canonical_v2_cambridge_prices_freeze_last
2018-12-11,3397.3,-0.0447684815493796,59801292941.52348,31.8966472467121,15.0,0.0438025,3827816.139792074,1807354900.209299,33.08774216652095,3.499162886499491,0,0,canonical_v2_cambridge_prices_freeze_last
2018-12-12,3370.3,-0.0079474877108292,59331456571.40502,31.5354171429597,14.0,0.0438025,3784466.053162993,1811139366.2624621,32.75918887117104,3.489183498946078,0,0,canonical_v2_cambridge_prices_freeze_last
2018-12-13,3441.25,0.0210515384387146,60586020434.99239,31.3909245866733,14.0,0.0438025,3767125.9567335816,1814906492.2191956,33.38244735733476,3.5080302336207887,0,0,canonical_v2_cambridge_prices_freeze_last
2018-12-14,3250.03,-0.0555670177987649,57224670756.02189,32.5468616908591,10.0,0.0438025,3905846.326613304,1818812338.5458088,31.462658100161455,3.448801385483738,0,0,canonical_v2_cambridge_prices_freeze_last
2018-12-15,3157.98,-0.0283228154817033,55608991084.12016,33.3415689486852,11.0,0.0438025,4001216.6407528315,1822813555.1865616,30.507229291713646,3.417963681484976,0,0,canonical_v2_cambridge_prices_freeze_last
2018-12-16,3202.1,0.013970956117518,56391054560.87087,32.8719695564144,13.0,0.0438025,3944861.4972461415,1826758416.6838076,30.86946475562979,3.4297674997058247,0,0,canonical_v2_cambridge_prices_freeze_last
2018-12-17,3196.0,-0.0019049998438523,56288770056.88449,34.1723989594938,17.0,0.0438025,4100921.932666376,1830859338.616474,30.74445363968826,3.4257096085429706,0,0,canonical_v2_cambridge_prices_freeze_last
2018-12-18,3489.85,0.0919430538172716,61469741882.34024,34.2427680724643,23.0,0.0438025,4109366.708203062,1834968705.324677,33.49906824240028,3.5115176247845206,0,0,canonical_v2_cambridge_prices_freeze_last
2018-12-19,3533.6,0.0125363554307491,62246026463.95672,34.7756091156465,21.0,0.0438025,4173311.282981112,1839142016.6076581,33.845144041008325,3.521795533853666,0,0,canonical_v2_cambridge_prices_freeze_last
2018-12-20,3668.1,0.0380631650441476,64621198619.21134,34.4537379636586,27.0,0.0438025,4134684.5401456323,1843276701.1478038,35.05778518166691,3.5569977052690853,0,0,canonical_v2_cambridge_prices_freeze_last
2018-12-21,3992.7,0.0884926801341292,70346111355.70248,33.7533635966596,35.0,0.0438025,4050634.8190210466,1847327335.9668248,38.07993850688398,3.639687595081629,0,0,canonical_v2_cambridge_prices_freeze_last
2018-12-22,3846.97,-0.0364991108773511,67784713636.557686,34.2172784688452,28.0,0.0438025,4106307.7811824437,1851433643.7480073,36.61201354175221,3.600376425394425,0,0,canonical_v2_cambridge_prices_freeze_last
2018-12-23,3881.05,0.0088589201371469,68391437529.31385,35.9427838958207,31.0,0.0438025,4313380.250949825,1855747023.9989572,36.85385812013151,3.6069603111231867,0,0,canonical_v2_cambridge_prices_freeze_last
2018-12-24,3956.07,0.0193298205382563,69719773579.3362,35.2409813430615,25.0,0.0438025,4229159.137751922,1859976183.136709,37.484229212956414,3.623920290197433,0,0,canonical_v2_cambridge_prices_freeze_last
2018-12-25,4064.32,0.0273630143046001,71634029017.24918,35.9669660547879,33.0,0.0438025,4316282.2756571155,1864292465.4123662,38.42424423541524,3.6486886206668907,0,0,canonical_v2_cambridge_prices_freeze_last
2018-12-26,3784.65,-0.0688110188174159,66710879780.65134,36.3442795316176,26.0,0.0438025,4361562.477215561,1868654027.8895817,35.69996306699598,3.5751496542471304,0,0,canonical_v2_cambridge_prices_freeze_last
2018-12-27,3775.16,-0.0025074973907759,66549645637.95333,37.7468733306233,29.0,0.0438025,4529883.339903087,1873183911.2294848,35.52755564416136,3.570308610710543,0,0,canonical_v2_cambridge_prices_freeze_last
2018-12-28,3581.05,-0.0514176882569215,63133546470.79037,38.7522746894741,21.0,0.0438025,4650538.389275861,1877834449.6187606,33.62040060752309,3.515133043659718,0,0,canonical_v2_cambridge_prices_freeze_last
2018-12-29,3893.0,0.0871113220982671,68639419110.06083,37.5162104091528,24.0,0.0438025,4502202.209443605,1882336651.8282042,36.4650069600437,3.596353087305332,0,0,canonical_v2_cambridge_prices_freeze_last
2018-12-30,3913.3,0.0052144875417416,69003593938.51039,37.5162104091528,23.0,0.0438025,4502202.209443605,1886838854.0376477,36.57100540984173,3.5992557245326666,0,0,canonical_v2_cambridge_prices_freeze_last
2018-12-31,3817.49,-0.0244831727697851,67320266410.361984,37.7772665517624,26.0,0.0438025,4533530.734612528,1891372384.7722602,35.593343200084846,3.572158631611745,0,0,canonical_v2_cambridge_prices_freeze_last
2019-01-01,3674.0,-0.0375875247872292,64795731565.58009,38.0384708851242,24.0,0.0438025,4564877.04368672,1895937261.8159468,34.17609478465449,3.531526416761274,0,1,canonical_v2_cambridge_prices_freeze_last
2019-01-02,3716.98,0.01169842133914,65559672493.712685,38.2700143326839,30.0,0.0438025,4592663.843307909,1900529925.6592548,34.49546971535919,3.5408280028167756,0,1,canonical_v2_cambridge_prices_freeze_last
2019-01-03,3883.26,0.0447352420513427,68498695950.63892,38.0787084635821,33.0,0.0438025,4569705.82870152,1905099631.4879563,35.95544023969959,3.582280400665274,0,1,canonical_v2_cambridge_prices_freeze_last
2019-01-04,3794.5,-0.022857083996436,66939066655.61182,37.9036446925243,48.0,0.0438025,4548696.977107659,1909648328.465064,35.05308577386919,3.5568636488027856,0,1,canonical_v2_cambridge_prices_freeze_last
2019-01-05,3831.29,0.0096956120701015,67594188800.43959,39.2051395111945,36.0,0.0438025,4704885.269696157,1914353213.7347603,35.309152101857094,3.564142196677102,0,1,canonical_v2_cambridge_prices_freeze_last
2019-01-06,3836.37,0.0013259241665339,67689925686.55205,38.4392675498797,31.0,0.0438025,4612975.388640015,1918966189.1234002,35.2741627602482,3.5631507628079704,0,1,canonical_v2_cambridge_prices_freeze_last
2019-01-07,4063.08,0.0590949256719242,71696527054.6631,38.2141106718409,39.0,0.0438025,4585955.021104962,1923552144.1445053,37.27298335681456,3.618268757425064,0,1,canonical_v2_cambridge_prices_freeze_last
2019-01-08,4001.0,-0.0152790493911022,70607440634.91316,38.7704590896011,39.0,0.0438025,4652720.641841787,1928204864.7863472,36.61822554458535,3.6005460821626,0,1,canonical_v2_cambridge_prices_freeze_last
2019-01-09,3999.88,-0.0002799300174955,70594039047.18903,39.2419425844304,42.0,0.0438025,4709301.8905603085,1932914166.6769075,36.52207649166091,3.597916913137214,0,1,canonical_v2_cambridge_prices_freeze_last
2019-01-10,4003.73,0.0009625288758663,70668354505.01,39.2782108252528,37.0,0.0438025,4713654.327871605,1937627821.004779,36.47158331385029,3.5965334180227324,0,1,canonical_v2_cambridge_prices_freeze_last
2019-01-11,3630.32,-0.0932655298933744,64083203103.07909,39.2419431038392,19.0,0.0438025,4709301.952892921,1942337122.957672,32.992832369644,3.4962903369550653,0,1,canonical_v2_cambridge_prices_freeze_last
2019-01-12,3644.82,0.0039941382577843,64344950701.51246,38.3352438355942,22.0,0.0438025,4600491.830434562,1946937614.7881067,33.04931304052872,3.4980007806211217,0,1,canonical_v2_cambridge_prices_freeze_last
2019-01-13,3626.84,-0.0049330282428212,64033294369.06399,38.1901724305311,21.0,0.0438025,4583082.268187229,1951520697.056294,32.811998594559036,3.4907942593073633,0,1,canonical_v2_cambridge_prices_freeze_last
2019-01-14,3517.31,-0.030199843389838,62105081458.87605,38.7235772487878,16.0,0.0438025,4647094.499835692,1956167791.5561297,31.748340672489817,3.4578404616891945,0,1,canonical_v2_cambridge_prices_freeze_last
2019-01-15,3662.42,0.0412559598101958,64673096310.10017,37.6077920344756,27.0,0.0438025,4513192.631753746,1960680984.1878834,32.98501736471313,3.496053439117416,0,1,canonical_v2_cambridge_prices_freeze_last
2019-01-16,3568.34,-0.0256879331152625,63017436308.31797,36.7113282365947,24.0,0.0438025,4405610.835845039,1965086595.0237284,32.06852892279642,3.4678751418327725,0,1,canonical_v2_cambridge_prices_freeze_last
2019-01-17,3597.92,0.0082895688191146,63545526050.46907,35.8771213002441,28.0,0.0438025,4305500.289736828,1969392095.313465,32.26656906041589,3.4740316806227356,0,1,canonical_v2_cambridge_prices_freeze_last
2019-01-18,3625.31,0.0076127318005958,64035024148.44981,35.7508498977097,29.0,0.0438025,4290346.85656008,1973682442.170025,32.444441304369384,3.4795291281489225,0,1,canonical_v2_cambridge_prices_freeze_last
2019-01-19,3612.52,-0.0035279741594511,63814830311.92868,35.7973530894874,31.0,0.0438025,4295927.558088416,1977978369.7281134,32.262653266881,3.473910315653549,0,1,canonical_v2_cambridge_prices_freeze_last
2019-01-20,3701.72,0.0246919048199041,65396398560.12928,36.6595780691457,35.0,0.0438025,4399400.461297957,1982377770.1894114,32.98886798648918,3.4961701708139024,0,1,canonical_v2_cambridge_prices_freeze_last
2019-01-21,3518.44,-0.0495121186907706,62164050133.89155,36.5833485540794,30.0,0.0438025,4390252.397370036,1986768022.5867815,31.289032955620886,3.443267651342565,0,1,canonical_v2_cambridge_prices_freeze_last
2019-01-22,3521.12,0.0007617012084901,62216967983.47236,36.3980111921401,27.0,0.0438025,4368010.644503335,1991136033.2312849,31.24697004378174,3.4419224128826373,0,1,canonical_v2_cambridge_prices_freeze_last
2019-01-23,3571.11,0.0141971872585995,63105917708.23514,36.7689284103163,33.0,0.0438025,4412523.251213369,1995548556.4824982,31.623343618092814,3.4538955699635485,0,1,canonical_v2_cambridge_prices_freeze_last
2019-01-24,3543.38,-0.007765092646264,62621491708.44036,37.961967419847,37.0,0.0438025,4555696.103857119,2000104252.5863552,31.309113826173746,3.4439092317175133,0,1,canonical_v2_cambridge_prices_freeze_last
2019-01-25,3570.91,0.0077694179004226,63113662355.74751,37.8458612515778,35.0,0.0438025,4541762.568417087,2004646015.1547723,31.483694317410304,3.4494697710922457,0,1,canonical_v2_cambridge_prices_freeze_last
2019-01-26,3556.64,-0.0039961802453716,62867061697.96252,38.36533704664,41.0,0.0438025,4604103.221877942,2009250118.3766503,31.288818212814245,3.4432607881217083,0,1,canonical_v2_cambridge_prices_freeze_last
2019-01-27,3555.3,-0.000376760088173,62848984033.89085,37.6225426385014,39.0,0.0438025,4514962.805268378,2013765081.1819186,31.209690058287997,3.4407286253871097,0,1,canonical_v2_cambridge_prices_freeze_last
2019-01-28,3548.6,-0.0018845104491885,62736139377.50782,37.3913350398156,35.0,0.0438025,4487216.309812391,2018252297.491731,31.08438893168898,3.4367057295479926,0,1,canonical_v2_cambridge_prices_freeze_last
2019-01-29,3415.46,-0.0375190215859775,60387723249.732735,37.9216827698788,21.0,0.0438025,4550861.669938674,2022803159.1616695,29.853484742806028,3.396301574827364,0,1,canonical_v2_cambridge_prices_freeze_last
2019-01-30,3401.24,-0.0041634216181715,60141661184.09205,37.4907733028223,22.0,0.0438025,4499149.5824571885,2027302308.7441268,29.665857393191942,3.389996801810784,0,1,canonical_v2_cambridge_prices_freeze_last
2019-01-31,3430.88,0.0087144688407758,60671165426.45116,37.1629691583536,17.0,0.0438025,4459810.839887078,2031762119.584014,29.86135278418965,3.396565095310882,0,1,canonical_v2_cambridge_prices_freeze_last
2019-02-01,3416.17,-0.0042875297299818,60416411898.99104,37.6388663324747,23.0,0.0438025,4516921.7603512965,2036279041.3443651,29.67000625764125,3.390136645210738,0,1,canonical_v2_cambridge_prices_freeze_last
2019-02-02,3448.53,0.0094725965042723,60994136437.64709,37.172779942858,22.0,0.0438025,4460988.20122476,2040740029.54559,29.88824424207948,3.3974652339241596,0,1,canonical_v2_cambridge_prices_freeze_last
2019-02-03,3430.24,-0.0053037091166382,60676034197.64011,36.9768064879535,19.0,0.0438025,4437470.044352284,2045177499.5899422,29.66785729346506,3.3900642137462897,0,1,canonical_v2_cambridge_prices_freeze_last
2019-02-04,3417.09,-0.0038335510051773,60448799219.83544,36.8482790527423,27.0,0.0438025,4422045.87180204,2049599545.4617443,29.492980398869687,3.3841522824498784,0,1,canonical_v2_cambridge_prices_freeze_last
2019-02-05,3417.15,1.755880003151411e-05,60455227868.376656,36.5307296102747,21.0,0.0438025,4383937.763709746,2053983483.225454,29.433161640346466,3.3821219856409788,0,1,canonical_v2_cambridge_prices_freeze_last
2019-02-06,3418.0,0.0002487452994455,60475631849.74514,37.1631701353581,14.0,0.0438025,4459834.958504173,2058443318.1839583,29.379303921323995,3.380290478202437,0,1,canonical_v2_cambridge_prices_freeze_last
2019-02-07,3365.27,-0.0154271503803393,59547945920.81049,37.4411926376323,18.0,0.0438025,4493199.563040791,2062936517.746999,28.86562209187356,3.3626513400517872,0,1,canonical_v2_cambridge_prices_freeze_last
2019-02-08,3358.25,-0.0020860139008163,59428995299.39942,37.4296524762585,37.0,0.0438025,4491814.664633734,2067428332.4116328,28.745371419997976,3.3584767601953933,0,1,canonical_v2_cambridge_prices_freeze_last
2019-02-09,3607.67,0.0742708255787985,63848491580.86626,37.4686193899044,42.0,0.0438025,4496490.96116791,2071924823.3728006,30.816027136028005,3.428034916197752,0,1,canonical_v2_cambridge_prices_freeze_last
2019-02-10,3621.05,0.003708764936926,64090964646.92371,37.4501596562585,40.0,0.0438025,4494275.666693871,2076419099.0394945,30.866102453291234,3.42965857376592,0,1,canonical_v2_cambridge_prices_freeze_last
2019-02-11,3606.31,-0.0040706424931995,63835721483.48844,37.4224123297636,46.0,0.0438025,4490945.797464303,2080910044.836959,30.676828939277875,3.4235076119419308,0,1,canonical_v2_cambridge_prices_freeze_last
2019-02-12,3591.88,-0.0040013199087155,63585917310.87918,37.1117571443353,38.0,0.0438025,4453665.047437663,2085363709.8843966,30.4915238572,3.417448738668937,0,1,canonical_v2_cambridge_prices_freeze_last
2019-02-13,3573.81,-0.0050307916745548,63271621835.18044,37.1420213294921,48.0,0.0438025,4457296.956945418,2089821006.841342,30.276096195823143,3.4103584967381853,0,1,canonical_v2_cambridge_prices_freeze_last
2019-02-14,3570.9,-0.0008142570533967,63225687293.69356,36.3858966844547,48.0,0.0438025,4366556.820605005,2094187563.661947,30.191033692863495,3.407544982710708,0,1,canonical_v2_cambridge_prices_freeze_last
2019-02-15,3567.71,-0.0008933322131675,63174782936.42287,35.4896095540623,43.0,0.0438025,4258996.22600497,2098446559.887952,30.105500013207926,3.404707879754,0,1,canonical_v2_cambridge_prices_freeze_last
2019-02-16,3563.94,-0.001056700236286,63113594777.01296,35.707987400953,43.0,0.0438025,4285203.063370531,2102731762.9513226,30.015047990918667,3.401698855600368,0,1,canonical_v2_cambridge_prices_freeze_last
2019-02-17,3595.7,0.0089114856030123,63681646275.67814,36.7102062507768,38.0,0.0438025,4405476.189862058,2107137239.1411846,30.221878809200465,3.4085661259643523,0,1,canonical_v2_cambridge_prices_freeze_last
2019-02-18,3574.54,-0.0058848068526294,63312471998.80284,37.2548363937412,63.0,0.0438025,4470835.537361231,2111608074.6785457,29.983060189065164,3.4006325618169595,0,1,canonical_v2_cambridge_prices_freeze_last
2019-02-19,3961.9,0.1083663911999865,70179597758.78793,38.2895910404225,65.0,0.0438025,4595013.18232358,2116203087.8608694,33.162978620226795,3.5014341519334535,0,1,canonical_v2_cambridge_prices_freeze_last
2019-02-20,3984.7,0.0057548146091521,70589682608.66496,37.4396136938457,59.0,0.0438025,4493010.078971717,2120696097.939841,33.286090674302464,3.5051396122581164,0,1,canonical_v2_cambridge_prices_freeze_last
2019-02-21,3913.61,-0.0178407408336888,69336410887.52312,36.6265919054063,59.0,0.0438025,4395441.895716602,2125091539.8355577,32.62749372805298,3.4851552988306707,0,1,canonical_v2_cambridge_prices_freeze_last
2019-02-22,3899.56,-0.0035900357981506,69093566416.50377,37.9200349684668,61.0,0.0438025,4550663.922482924,2129642203.7580407,32.44374397472912,3.4795076348790057,0,1,canonical_v2_cambridge_prices_freeze_last
2019-02-23,3939.21,0.0101678138046343,69802231525.43886,37.8424581730535,63.0,0.0438025,4541354.175685413,2134183557.933726,32.70676098405518,3.487581814453911,0,1,canonical_v2_cambridge_prices_freeze_last
2019-02-24,4178.46,0.0607355281896624,74048211016.11429,37.0318922391744,69.0,0.0438025,4444080.7117984565,2138627638.6455245,34.624171911951855,3.5445520483212056,0,1,canonical_v2_cambridge_prices_freeze_last
2019-02-25,3861.9,-0.0757599689837882,68444329334.06945,36.5974291968893,47.0,0.0438025,4391942.1709499825,2143019580.8164744,31.93826596208359,3.463804850833548,0,1,canonical_v2_cambridge_prices_freeze_last
2019-02-26,3805.52,-0.0145990315647738,67451026369.75781,36.7923433972698,40.0,0.0438025,4415333.210024413,2147434914.0264988,31.41004457419634,3.447127732657996,0,1,canonical_v2_cambridge_prices_freeze_last
2019-02-27,3789.72,-0.0041518636086527,67176869500.8322,37.2077321125148,39.0,0.0438025,4465182.700981999,2151900096.727481,31.217466648657137,3.4409777666525327,0,1,canonical_v2_cambridge_prices_freeze_last
2019-02-28,3748.86,-0.0107817991830529,66458406300.55253,38.3627976317988,39.0,0.0438025,4603798.474703745,2156503895.2021847,30.817661145157203,3.4280879394444588,0,1,canonical_v2_cambridge_prices_freeze_last
2019-03-01,3802.51,0.0143110172159002,67415398562.12422,38.3729978171803,42.0,0.0438025,4605022.566813808,2161108917.7689986,31.194817627109654,3.440251979323819,0,1,canonical_v2_cambridge_prices_freeze_last
2019-03-02,3827.18,0.0064878198873901,67858717879.89159,37.9747976309471,41.0,0.0438025,4557235.817067289,2165666153.586066,31.333877461919162,3.444699859257041,0,1,canonical_v2_cambridge_prices_freeze_last
2019-03-03,3809.06,-0.0047345565141958,67543346368.80683,38.314134329138,44.0,0.0438025,4597958.5450741565,2170264112.1311398,31.122178167744348,3.4379206893975995,0,1,canonical_v2_cambridge_prices_freeze_last
2019-03-04,3792.24,-0.004415787622143,67250969832.988,38.0920237225918,36.0,0.0438025,4571303.750983088,2174835415.882123,30.922326049077466,3.4314784488676646,0,1,canonical_v2_cambridge_prices_freeze_last
2019-03-05,3699.68,-0.0244077379068835,65615260071.28154,37.6478020189172,35.0,0.0438025,4517994.103927728,2179353409.9860506,30.107673115624475,3.404780060052914,0,1,canonical_v2_cambridge_prices_freeze_last
2019-03-06,3832.04,0.0357760671193183,67968652635.20376,37.1665614719997,42.0,0.0438025,4460241.942129498,2183813651.92818,31.123833562992612,3.4379738781948457,0,1,canonical_v2_cambridge_prices_freeze_last
2019-03-07,3845.53,0.0035203181595182,68213878604.58148,36.8704136695499,56.0,0.0438025,4424702.177425916,2188238354.105606,31.17296544802698,3.439551227143785,0,1,canonical_v2_cambridge_prices_freeze_last
2019-03-08,3869.79,0.0063086232586924,68650203675.22518,36.2781175740682,54.0,0.0438025,4353622.58914554,2192591976.6947517,31.310067903610925,3.443939704087509,0,1,canonical_v2_cambridge_prices_freeze_last
2019-03-09,3929.1,0.0153264130611738,69708443373.35765,36.5002286711966,55.0,0.0438025,4380277.4421098335,2196972254.136862,31.72932350060308,3.4572412848699647,0,1,canonical_v2_cambridge_prices_freeze_last
2019-03-10,3890.05,-0.0099386627980961,69021649714.22205,36.129431426241,55.0,0.0438025,4335779.233008004,2201308033.3698697,31.354834792730184,3.445368475052071,0,1,canonical_v2_cambridge_prices_freeze_last
2019-03-11,3987.0,0.0249225588360046,70748007878.89342,36.3119657844657,56.0,0.0438025,4357684.606230298,2205665717.9761,32.07558031223842,3.4680950026915327,0,1,canonical_v2_cambridge_prices_freeze_last
2019-03-12,3942.3,-0.011211437170805,69960911095.62033,36.0872791307168,56.0,0.0438025,4330720.668830748,2209996438.644931,31.656571871453863,3.4549457691036074,0,1,canonical_v2_cambridge_prices_freeze_last
2019-03-13,3864.2,-0.0198107703624788,68580898132.00115,36.3439767644739,54.0,0.0438025,4361526.14308457,2214357964.7880154,30.971007950183218,3.4330515394736874,0,1,canonical_v2_cambridge_prices_freeze_last
2019-03-14,3953.1,0.0230060555871849,70164775038.02249,36.8224254080148,55.0,0.0438025,4418943.257354981,2218776908.0453706,31.62317706823174,3.4538903032750645,0,1,canonical_v2_cambridge_prices_freeze_last
2019-03-15,3852.86,-0.0253573145126608,68391528195.54628,37.0787987669289,55.0,0.0438025,4449709.816406584,2223226617.8617773,30.762283811320547,3.426289388023095,0,1,canonical_v2_cambridge_prices_freeze_last
2019-03-16,3899.11,0.0120040697040639,69218516784.06558,38.0013248829737,54.0,0.0438025,4560419.269003988,2227787037.130781,31.07052677405544,3.4362596776885064,0,1,canonical_v2_cambridge_prices_freeze_last
2019-03-17,3978.4,0.020335409875587,70632234954.5965,38.3694926072654,58.0,0.0438025,4604601.917615733,2232391639.048397,31.639714877585252,3.454413131404528,0,1,canonical_v2_cambridge_prices_freeze_last
2019-03-18,4073.4,0.0238789463100743,72325132990.59506,39.1826265146892,56.0,0.0438025,4702183.555916914,2237093822.604314,32.32995069755176,3.475994066760978,0,1,canonical_v2_cambridge_prices_freeze_last
2019-03-19,3971.16,-0.0250994255413169,70515927996.0952,40.4486578323044,56.0,0.0438025,4854115.985478119,2241947938.589792,31.45297300723693,3.448493509910353,0,1,canonical_v2_cambridge_prices_freeze_last
2019-03-20,3987.38,0.0040844488763989,70810083054.90001,41.5207951098885,55.0,0.0438025,4982779.802194223,2246930718.391986,31.51413725189319,3.4504362467976537,0,1,canonical_v2_cambridge_prices_freeze_last
2019-03-21,4012.05,0.0061870200482523,71254357850.07631,41.1746018755975,62.0,0.0438025,4941234.242892766,2251871952.6348786,31.642277779916725,3.4544941308239596,0,1,canonical_v2_cambridge_prices_freeze_last
2019-03-22,3973.89,-0.0095113470669608,70582742715.23221,41.5807306272216,56.0,0.0438025,4989972.4747914355,2256861925.10967,31.274727944113064,3.442810357485821,0,1,canonical_v2_cambridge_prices_freeze_last
2019-03-23,3980.21,0.0015903812133704,70701112788.8535,41.0139027219696,50.0,0.0438025,4921949.243778283,2261783874.3534484,31.259004713288117,3.4423074855001548,0,1,canonical_v2_cambridge_prices_freeze_last
2019-03-24,3970.82,-0.0023591720034872,70540415982.68448,41.5535928983078,44.0,0.0438025,4986715.761446924,2266770590.1148953,31.11934497928571,3.437829650865207,0,1,canonical_v2_cambridge_prices_freeze_last
2019-03-25,3973.31,0.0006270745085397,70590750287.6126,41.3489277333837,46.0,0.0438025,4962154.539839834,2271732744.654735,31.07352766460264,3.436356256213247,0,1,canonical_v2_cambridge_prices_freeze_last
2019-03-26,3890.74,-0.0207811623054833,69129763052.7809,40.0998004947506,43.0,0.0438025,4812250.715537845,2276544995.370273,30.3660868523871,3.413326421641215,0,1,canonical_v2_cambridge_prices_freeze_last
2019-03-27,3914.84,0.0061941944205987,69563970981.75386,39.9347471848567,44.0,0.0438025,4792443.187848453,2281337438.5581217,30.492626739918194,3.417484908155845,0,1,canonical_v2_cambridge_prices_freeze_last
2019-03-28,4003.18,0.0225654177437646,71139848368.8135,40.3291794120366,49.0,0.0438025,4839777.75670064,2286177216.314822,31.117381391581965,3.43776655025504,0,1,canonical_v2_cambridge_prices_freeze_last
2019-03-29,4089.9,0.0216627780914173,72687202415.34247,40.0849023920824,50.0,0.0438025,4810462.841175862,2290987679.155998,31.727452345846093,3.457182310718424,0,1,canonical_v2_cambridge_prices_freeze_last
2019-03-30,4073.97,-0.0038949607569868,72410328538.84843,40.1266832333849,57.0,0.0438025,4815476.828302307,2295803155.9843006,31.540303597066575,3.451266207267467,0,1,canonical_v2_cambridge_prices_freeze_last
2019-03-31,4078.76,0.0011757573079822,72501709808.28111,39.6909538273562,56.0,0.0438025,4763186.315130876,2300566342.2994313,31.514722472995572,3.4504548167386284,0,1,canonical_v2_cambridge_prices_freeze_last
2019-04-01,4087.81,0.0022188115996037,72668832624.6182,39.2057646365213,62.0,0.0438025,4704960.289017053,2305271302.5884485,31.52289821290136,3.4507142091415357,0,1,canonical_v2_cambridge_prices_freeze_last
2019-04-02,4126.09,0.0093644274073403,73355645394.1636,40.1054651612831,60.0,0.0438025,4812930.51432083,2310084233.1027694,31.7545327321838,3.4580354783673894,0,1,canonical_v2_cambridge_prices_freeze_last
2019-04-03,4800.91,0.1635495105535749,85360264693.82875,39.8179002559572,71.0,0.0438025,4778420.756059083,2314862653.8588285,36.87487227440252,3.6075303509089687,0,1,canonical_v2_cambridge_prices_freeze_last
2019-04-04,5298.15,0.1035720311357637,94209296398.4332,39.5700915363114,61.0,0.0438025,4748682.012381589,2319611335.87121,40.61425935524222,3.7041192205922693,0,1,canonical_v2_cambridge_prices_freeze_last
2019-04-05,4850.0,-0.0845861291205419,86247904099.14175,39.9943793841664,59.0,0.0438025,4799599.460205339,2324410935.3314157,37.105273765563524,3.6137591095262227,0,1,canonical_v2_cambridge_prices_freeze_last
2019-04-06,4997.37,0.0303855670103092,88876224435.26793,39.9849959836117,65.0,0.0438025,4798473.387868907,2329209408.7192845,38.15724945235238,3.6417157646413747,0,1,canonical_v2_cambridge_prices_freeze_last
2019-04-07,5078.53,0.0162405425253682,90327371622.22444,40.0660327620611,69.0,0.0438025,4808198.356329263,2334017607.075614,38.70038141460265,3.6558494556616563,0,1,canonical_v2_cambridge_prices_freeze_last
2019-04-08,5125.53,0.0092546465217298,91171136606.06392,40.5531256050304,65.0,0.0438025,4866652.833737929,2338884259.909352,38.98061061371093,3.66306435875177,0,1,canonical_v2_cambridge_prices_freeze_last
2019-04-09,5250.97,0.0244735666360358,93410424092.99886,39.7447294093564,64.0,0.0438025,4769639.753296805,2343653899.6626487,39.85674851839027,3.6852917389132798,0,1,canonical_v2_cambridge_prices_freeze_last
2019-04-10,5220.01,-0.0058960534910692,92867624864.15137,40.1838806889603,62.0,0.0438025,4822340.91473475,2348476240.5773835,39.543778753034964,3.6774083810323748,0,1,canonical_v2_cambridge_prices_freeze_last
2019-04-11,5296.87,0.0147241097239276,94243084870.84695,41.2785624508546,65.0,0.0438025,4953710.223982352,2353429950.801366,40.044992560223115,3.6900036359902146,0,1,canonical_v2_cambridge_prices_freeze_last
2019-04-12,5055.02,-0.0456590401501263,89947731002.63579,41.5768980870934,42.0,0.0438025,4989512.543725777,2358419463.345092,38.1389877418402,3.6412370592285654,0,1,canonical_v2_cambridge_prices_freeze_last
2019-04-13,5042.92,-0.0023936601635602,89740099568.02052,41.9322307158294,62.0,0.0438025,5032154.892959226,2363451618.238051,37.96993298932923,3.6367946094101606,0,1,canonical_v2_cambridge_prices_freeze_last
2019-04-14,5123.8,0.0160383270010231,91187172856.30054,41.6336189504692,51.0,0.0438025,4996319.435829937,2368447937.673881,38.50081372101344,3.6506793766811234,0,1,canonical_v2_cambridge_prices_freeze_last
2019-04-15,5111.0,-0.0024981459073344,90967143065.2899,42.0546386182781,60.0,0.0438025,5046844.67966336,2373494782.353544,38.32624522354643,3.6461349153858618,0,1,canonical_v2_cambridge_prices_freeze_last
2019-04-16,5020.75,-0.0176579925650557,89368474193.1584,42.9408215809499,50.0,0.0438025,5153192.704930295,2378647975.0584745,37.57112238979433,3.626235733768182,0,1,canonical_v2_cambridge_prices_freeze_last
2019-04-17,5185.0,0.0327142359209282,92299969620.02975,42.8691107656134,61.0,0.0438025,5144586.915919947,2383792561.9743943,38.71979931994653,3.6563510795423246,0,1,canonical_v2_cambridge_prices_freeze_last
2019-04-18,5224.0,0.0075216972034715,93002151583.34712,42.6977762779298,64.0,0.0438025,5124025.603874027,2388916587.5782685,38.93068182745835,3.6617826756600627,0,1,canonical_v2_cambridge_prices_freeze_last
2019-04-19,5308.5,0.0161753445635528,94514547409.55692,42.7411238747809,61.0,0.0438025,5129227.612397508,2394045815.190666,39.47900529298334,3.6757690190346883,0,1,canonical_v2_cambridge_prices_freeze_last
2019-04-20,5268.82,-0.0074748045587266,93816059623.5847,42.5677318505682,62.0,0.0438025,5108419.381875379,2399154234.5725417,39.10380511251289,3.6662197797118563,0,1,canonical_v2_cambridge_prices_freeze_last
2019-04-21,5317.0,0.0091443624948281,94682006901.52078,44.2615180963357,62.0,0.0438025,5311685.332643136,2404465919.9051847,39.37756244232997,3.673196172928766,0,1,canonical_v2_cambridge_prices_freeze_last
2019-04-22,5263.5,-0.0100620650742899,93737284729.22958,43.7483530196766,61.0,0.0438025,5250102.0086147515,2409716021.9137993,38.899722571783926,3.6609871187682215,0,1,canonical_v2_cambridge_prices_freeze_last
2019-04-23,5368.86,0.0200170988885721,95621763332.98782,42.4598050695098,68.0,0.0438025,5095467.428923843,2414811489.342723,39.59802400932534,3.67877921826104,0,1,canonical_v2_cambridge_prices_freeze_last
2019-04-24,5568.3,0.0371475508767225,99182305769.20804,43.499303892007,65.0,0.0438025,5220214.407478456,2420031703.750201,40.98388695301397,3.7131789883131177,0,1,canonical_v2_cambridge_prices_freeze_last
2019-04-25,5435.0,-0.0239390837418961,96816194698.37537,43.2004379550876,58.0,0.0438025,5184348.448021163,2425216052.198222,39.92064732155344,3.6868936667815695,0,1,canonical_v2_cambridge_prices_freeze_last
2019-04-26,5491.9,0.0104691812327506,97838085579.20314,43.1161428681023,41.0,0.0438025,5174232.460219318,2430390284.6584415,40.256121083430415,3.6952620689090643,0,1,canonical_v2_cambridge_prices_freeze_last
2019-04-27,5146.6,-0.0628744150476154,91694351931.7965,43.3390799913704,42.0,0.0438025,5200986.441978088,2435591271.1004195,37.647676364995455,3.628271235608158,0,1,canonical_v2_cambridge_prices_freeze_last
2019-04-28,5202.0,0.0107643881397425,92689244281.38802,43.3783606649509,40.0,0.0438025,5205700.391853456,2440796971.492273,37.974991514644074,3.6369278250359676,0,1,canonical_v2_cambridge_prices_freeze_last
2019-04-29,5159.67,-0.0081372549019608,91942799381.49603,44.6275886581356,42.0,0.0438025,5355616.3073917385,2446152587.7996645,37.586698327842,3.6266502199286887,0,1,canonical_v2_cambridge_prices_freeze_last
2019-04-30,5125.75,-0.0065740638451684,91346097763.59167,45.6614323076116,42.0,0.0438025,5479684.626449745,2451632272.426114,37.259298138214,3.6179015281257634,0,1,canonical_v2_cambridge_prices_freeze_last
2019-05-01,5251.7,0.0245720138516314,93598577891.46474,45.9660031758586,51.0,0.0438025,5516235.216741224,2457148507.642855,38.09235689268694,3.640013655517325,0,1,canonical_v2_cambridge_prices_freeze_last
2019-05-02,5309.5,0.0110059599748653,94636726036.04298,47.689065717747,50.0,0.0438025,5723014.5235660635,2462871522.1664214,38.42536047223343,3.648717670570856,0,1,canonical_v2_cambridge_prices_freeze_last
2019-05-03,5403.97,0.0177926358414164,96328707362.27126,47.6965486336565,63.0,0.0438025,5723912.524728051,2468595434.691149,39.02166633242726,3.664117038855864,0,1,canonical_v2_cambridge_prices_freeze_last
2019-05-04,5686.25,0.0522356711824825,101369067935.90276,47.640966628537,66.0,0.0438025,5717242.303415047,2474312676.994564,40.968576396347444,3.7128053434897916,0,1,canonical_v2_cambridge_prices_freeze_last
2019-05-05,5691.25,0.0008793141349747,101466772544.24496,46.4498735739115,67.0,0.0438025,5574302.978688381,2479886979.9732523,40.91588583014351,3.7115183942434125,0,1,canonical_v2_cambridge_prices_freeze_last
2019-05-06,5712.0,0.0036459477267736,101845311609.0499,46.2531174696415,57.0,0.0438025,5550690.89853143,2485437670.8717837,40.97681177147644,3.7130063401618645,0,1,canonical_v2_cambridge_prices_freeze_last
2019-05-07,5692.74,-0.0033718487394958,101510468087.7519,45.9623975613408,69.0,0.0438025,5515802.518303096,2490953473.3900867,40.75165159532276,3.7074963688121265,0,1,canonical_v2_cambridge_prices_freeze_last
2019-05-08,5839.25,0.0257362886764547,104131750485.86935,45.5062678955879,63.0,0.0438025,5461063.834236956,2496414537.2243237,41.71252367471382,3.730801411646137,0,1,canonical_v2_cambridge_prices_freeze_last
2019-05-09,5898.64,0.0101708267328852,105199721253.13356,44.4027887718976,69.0,0.0438025,5328638.781317931,2501743176.0056415,42.050567884869224,3.73887289131871,0,1,canonical_v2_cambridge_prices_freeze_last
2019-05-10,6081.8,0.0310512253672032,108475437206.80109,43.5403467571186,71.0,0.0438025,5225139.832407364,2506968315.838049,43.26956847499649,3.767449581342056,0,1,canonical_v2_cambridge_prices_freeze_last
2019-05-11,6291.06,0.0344075767042653,112217259686.33968,43.5700306195775,76.0,0.0438025,5228702.099216558,2512197017.9372654,44.66897257066243,3.799279134666615,0,1,canonical_v2_cambridge_prices_freeze_last
2019-05-12,6974.0,0.1085572224712527,124409719678.64424,44.880747632009,75.0,0.0438025,5385997.118222121,2517583015.0554876,49.41633262325701,3.900280989455148,0,1,canonical_v2_cambridge_prices_freeze_last
2019-05-13,7071.91,0.0140392887869227,126166951526.97353,45.6039018270526,78.0,0.0438025,5472780.574738279,2523055795.630226,50.00561293392193,3.912135257806051,0,1,canonical_v2_cambridge_prices_freeze_last
2019-05-14,7861.99,0.1117208788007766,140274221616.8374,46.733830155064,78.0,0.0438025,5608379.713334769,2528664175.3435607,55.47364611901414,4.015908063275494,0,1,canonical_v2_cambridge_prices_freeze_last
2019-05-15,7720.25,-0.0180285144092017,137756855178.9093,46.5982387774081,77.0,0.0438025,5592107.819307995,2534256283.1628685,54.35790219566208,3.995589997582849,0,1,canonical_v2_cambridge_prices_freeze_last
2019-05-16,8164.81,0.0575836274732035,145701624398.11627,46.4174506356248,75.0,0.0438025,5570412.0040190555,2539826695.1668878,57.36675839945153,4.049465013608852,0,1,canonical_v2_cambridge_prices_freeze_last
2019-05-17,7680.73,-0.0592885811182379,137074681063.31676,47.5925757277635,65.0,0.0438025,5711435.063877701,2545538130.2307653,53.848999327655044,3.986183820842089,0,1,canonical_v2_cambridge_prices_freeze_last
2019-05-18,7091.5,-0.0767153642948,126569559005.49104,48.6338534770149,67.0,0.0438025,5836395.525827248,2551374525.7565928,49.60838078759045,3.9041597869492257,0,1,canonical_v2_cambridge_prices_freeze_last
2019-05-19,7288.25,0.0277444828315589,130092067247.6894,48.8625461407025,70.0,0.0438025,5863840.2118578665,2557238365.9684505,50.87209271491682,3.929314496477143,0,1,canonical_v2_cambridge_prices_freeze_last
2019-05-20,7978.05,0.0946454910300826,142416622211.58032,48.5940369570474,73.0,0.0438025,5831617.270715257,2563069983.239166,55.56485899444561,4.017550968965814,0,1,canonical_v2_cambridge_prices_freeze_last
2019-05-21,7967.0,-0.0013850502315728,142231273243.86264,48.6417748894452,68.0,0.0438025,5837346.149575133,2568907329.388741,55.366447678634586,4.01397377271095,0,1,canonical_v2_cambridge_prices_freeze_last
2019-05-22,8090.25,0.0154700640140579,144443683790.97543,49.4580965722137,69.0,0.0438025,5935310.342751754,2574842639.731493,56.09806267851699,4.027101278572592,0,1,canonical_v2_cambridge_prices_freeze_last
2019-05-23,7836.0,-0.0314267173449522,139915991310.11475,50.6500825662956,65.0,0.0438025,6078356.8263292145,2580920996.557822,54.21165215700941,3.992895869786424,0,1,canonical_v2_cambridge_prices_freeze_last
2019-05-24,7874.75,0.0049451250638081,140619643998.39487,51.3695400742105,64.0,0.0438025,6164696.655070152,2587085693.2128925,54.354459292672225,3.9955266579047506,0,1,canonical_v2_cambridge_prices_freeze_last
2019-05-25,8108.0,0.0296199879361249,144796889081.68433,51.3558467501594,69.0,0.0438025,6163053.36239413,2593248746.575287,55.836097201592,4.022420563489888,0,1,canonical_v2_cambridge_prices_freeze_last
2019-05-26,7873.7,-0.0288973852984706,140624375485.64377,52.1219351776667,67.0,0.0438025,6254989.220876017,2599503735.796163,54.096623732134795,3.9907717759961976,0,1,canonical_v2_cambridge_prices_freeze_last
2019-05-27,8016.1,0.0180855252295617,143179585689.30103,53.0770688896663,70.0,0.0438025,6369611.8083276935,2605873347.6044908,54.94495187992239,4.006331809112216,0,1,canonical_v2_cambridge_prices_freeze_last
2019-05-28,8748.25,0.0913349384363966,156269913611.94153,54.4389429384312,71.0,0.0438025,6533046.022083924,2612406393.6265745,59.818378179286924,4.0913129411540154,0,1,canonical_v2_cambridge_prices_freeze_last
2019-05-29,8686.32,-0.0070791301117366,155176589464.12784,55.6726769329128,71.0,0.0438025,6681102.551654557,2619087496.178229,59.24834114574692,4.081737782083166,0,1,canonical_v2_cambridge_prices_freeze_last
2019-05-30,8642.5,-0.0050447139870508,154406627517.94388,56.0391411349003,73.0,0.0438025,6725080.765921837,2625812576.944151,58.80336962116242,4.074199159744982,0,1,canonical_v2_cambridge_prices_freeze_last
2019-05-31,8462.0,-0.0208851605438241,151194405329.27643,55.0668837504894,61.0,0.0438025,6608403.220495376,2632420980.164646,57.43549624795191,4.0506625137263494,0,1,canonical_v2_cambridge_prices_freeze_last
2019-06-01,8538.25,0.0090108721342472,152569491175.18848,55.844637792846,62.0,0.0438025,6701739.032660649,2639122719.1973066,57.81068461325388,4.057173613495356,0,1,canonical_v2_cambridge_prices_freeze_last
2019-06-02,8462.0,-0.0089304014288642,151219557447.79538,54.3723294566077,63.0,0.0438025,6525051.948008381,2645647771.145315,57.157857178520636,4.045816864229519,0,1,canonical_v2_cambridge_prices_freeze_last
2019-06-03,8680.37,0.0258059560387615,155134814113.84402,52.190995836353,66.0,0.0438025,6263276.972936582,2651911048.118252,58.49925253862677,4.069013977038692,0,1,canonical_v2_cambridge_prices_freeze_last
2019-06-04,8550.8,-0.0149267830749151,152831843356.9642,51.7449873008666,42.0,0.0438025,6209752.893825231,2658120801.012077,57.49619930695912,4.051718846609262,0,1,canonical_v2_cambridge_prices_freeze_last
2019-06-05,7648.0,-0.105580764372924,136707087955.65125,50.9038924520138,27.0,0.0438025,6108815.751039273,2664229616.7631164,51.312051744902675,3.9379256513869656,0,1,canonical_v2_cambridge_prices_freeze_last
2019-06-06,7732.5,0.0110486401673639,138228982749.06464,50.5410570027105,34.0,0.0438025,6065273.011948567,2670294889.775065,51.765437322433144,3.946722693408666,0,1,canonical_v2_cambridge_prices_freeze_last
2019-06-07,7688.75,-0.0056579372777239,137458288912.31558,51.8131316401734,27.0,0.0438025,6217930.681284097,2676512820.456349,51.357231641759434,3.938805756872906,0,1,canonical_v2_cambridge_prices_freeze_last
2019-06-08,8043.25,0.0461063241749308,143807902238.61404,50.2882495267439,62.0,0.0438025,6034934.38327452,2682547754.8396235,53.60870164535491,3.98171139903013,0,1,canonical_v2_cambridge_prices_freeze_last
2019-06-09,7973.77,-0.008638299194977,142577454901.6752,50.922567631798,62.0,0.0438025,6111056.900525568,2688658811.740149,53.029210801721796,3.9708429089285837,0,1,canonical_v2_cambridge_prices_freeze_last
2019-06-10,7683.0,-0.0364658122820197,137389624544.4852,51.9994650229313,46.0,0.0438025,6240291.963471091,2694899103.70362,50.98136117811224,3.9314600988291124,0,1,canonical_v2_cambridge_prices_freeze_last
2019-06-11,7949.0,0.0346218924899128,142158073852.30374,50.6602007138873,61.0,0.0438025,6079571.073342598,2700978674.7769628,52.63206080812269,3.9633254551281176,0,1,canonical_v2_cambridge_prices_freeze_last
2019-06-12,7925.5,-0.002956346710278,141749525463.4473,48.6661940646781,60.0,0.0438025,5840276.617857706,2706818951.3948207,52.36756798617947,3.958287468148328,0,1,canonical_v2_cambridge_prices_freeze_last
2019-06-13,8120.19,0.0245650116711879,145243606583.58243,47.7294186032959,63.0,0.0438025,5727857.146221558,2712546808.5410423,53.54510607015201,3.9805244028043174,0,1,canonical_v2_cambridge_prices_freeze_last
2019-06-14,8267.1,0.0180919411984203,147883559093.59076,47.5093411963368,67.0,0.0438025,5701446.350006967,2718248254.8910494,54.40399302289559,3.9964375523243327,0,1,canonical_v2_cambridge_prices_freeze_last
2019-06-15,8444.9,0.0215069371363596,151076551981.87103,47.9391122388845,75.0,0.0438025,5753021.818749968,2724001276.7097993,55.461263279710984,4.015684818141537,0,1,canonical_v2_cambridge_prices_freeze_last
2019-06-16,8806.75,0.0428483463392106,157562931052.32523,46.5052916179562,80.0,0.0438025,5580953.523549387,2729582230.233349,57.72419284794925,4.05567637243079,0,1,canonical_v2_cambridge_prices_freeze_last
2019-06-17,9070.93,0.0299974451415108,162302798653.0372,45.3746254726418,84.0,0.0438025,5445265.841822993,2735027496.075172,59.34229139778137,4.083322228842144,0,1,canonical_v2_cambridge_prices_freeze_last
2019-06-18,9300.0,0.0252531989553441,166415177171.5993,46.2330229168521,83.0,0.0438025,5548279.414562779,2740575775.4897346,60.72270603131245,4.1063176978274285,0,1,canonical_v2_cambridge_prices_freeze_last
2019-06-19,9122.75,-0.0190591397849462,163256892946.5721,48.2679167828918,82.0,0.0438025,5792480.616116762,2746368256.105851,59.44464752081661,4.085045585791988,0,1,canonical_v2_cambridge_prices_freeze_last
2019-06-20,9164.38,0.0045633169822694,164015386745.75012,47.9059333339434,81.0,0.0438025,5749040.122904263,2752117296.2287555,59.59607425544743,4.087589703704708,0,1,canonical_v2_cambridge_prices_freeze_last
2019-06-21,9560.75,0.0432511528330341,171123319395.3265,46.840358999426,84.0,0.0438025,5621163.904307828,2757738460.1330633,62.052048034703645,4.127973517305821,0,1,canonical_v2_cambridge_prices_freeze_last
2019-06-22,9933.88,0.0390272729649869,177816416470.57382,47.2073835765696,83.0,0.0438025,5665209.367432027,2763403669.5004954,64.34688439952582,4.164288516390235,0,1,canonical_v2_cambridge_prices_freeze_last
2019-06-23,10697.0,0.0768199333996384,191491998000.4989,50.268593230365,84.0,0.0438025,6032575.493076884,2769436244.993572,69.14475765479965,4.236202244026535,0,1,canonical_v2_cambridge_prices_freeze_last
2019-06-24,10841.33,0.0134925680097224,194091657820.36203,53.2119785976154,80.0,0.0438025,6385801.897320682,2775822046.890893,69.92222647621007,4.247383574035521,0,1,canonical_v2_cambridge_prices_freeze_last
2019-06-25,10857.0,0.0014453946148673,194388153336.2844,53.2358484562167,87.0,0.0438025,6388666.443845019,2782210713.334738,69.86823550229671,4.246611118235119,0,1,canonical_v2_cambridge_prices_freeze_last
2019-06-26,11360.62,0.0463866629824076,203421859816.2868,53.5881626133443,95.0,0.0438025,6430946.555810997,2788641659.8905487,72.94657565442485,4.28972733287217,0,1,canonical_v2_cambridge_prices_freeze_last
2019-06-27,12723.75,0.1199872894261051,227848579673.973,54.7290888522965,92.0,0.0438025,6567865.519048541,2795209525.4095974,81.51395364202084,4.400774215923545,0,1,canonical_v2_cambridge_prices_freeze_last
2019-06-28,10681.0,-0.1605462226151881,191284026354.32675,56.990067460203,62.0,0.0438025,6839198.438152171,2802048723.8477497,68.26577451217806,4.22340853574258,0,1,canonical_v2_cambridge_prices_freeze_last
2019-06-29,11746.0,0.0997097650032767,210374141963.76663,59.451728530826,74.0,0.0438025,7134614.627319194,2809183338.475069,74.88800715939233,4.315993759670768,0,1,canonical_v2_cambridge_prices_freeze_last
2019-06-30,11790.0,0.0037459560701516,211179480887.37128,58.750598155467,78.0,0.0438025,7050474.18001327,2816233812.655082,74.98648725060083,4.3173079273117585,0,1,canonical_v2_cambridge_prices_freeze_last
2019-07-01,11178.21,-0.0518905852417304,200237635871.66223,57.4256352547314,65.0,0.0438025,6891469.556836637,2823125282.211919,70.92764785655422,4.261660313188803,0,1,canonical_v2_cambridge_prices_freeze_last
2019-07-02,10473.89,-0.0630082991820694,187636345365.84863,58.4660072201051,63.0,0.0438025,7016321.318516859,2830141603.5304356,66.29927814628897,4.194179009444596,0,1,canonical_v2_cambridge_prices_freeze_last
2019-07-03,10705.25,0.0220892142269968,191796758617.37677,59.2922200113098,79.0,0.0438025,7115472.512453144,2837257076.0428886,67.59935863297765,4.213598495326065,0,1,canonical_v2_cambridge_prices_freeze_last
2019-07-04,11376.5,0.0627028794283179,203839616359.13257,60.5520453417667,76.0,0.0438025,7266660.181048592,2844523736.223937,71.66036752068965,4.2719378405364115,0,1,canonical_v2_cambridge_prices_freeze_last
2019-07-05,11723.0,0.0304575220849998,210065213624.9204,61.8010449032092,67.0,0.0438025,7416548.683213209,2851940284.9071503,73.65694672381944,4.299418459218618,0,1,canonical_v2_cambridge_prices_freeze_last
2019-07-06,11028.7,-0.0592254542352639,197640130345.01083,61.8688825351955,72.0,0.0438025,7424689.66369288,2859364974.570843,69.1202879319994,4.235848290169986,0,1,canonical_v2_cambridge_prices_freeze_last
2019-07-07,11457.74,0.0389021371512507,205345497543.1533,61.7952697018109,67.0,0.0438025,7415855.6194892395,2866780830.1903324,71.62929770585912,4.271504176108927,0,1,canonical_v2_cambridge_prices_freeze_last
2019-07-08,11461.0,0.00028452382407,205420663786.3152,63.6597819191806,74.0,0.0438025,7639609.856205229,2874420440.046538,71.46507202787264,4.2692088272367705,0,1,canonical_v2_cambridge_prices_freeze_last
2019-07-09,12197.65,0.0642744961172672,218641781536.3109,64.1594814427071,84.0,0.0438025,7699577.2216278855,2882120017.2681656,75.8614423501877,4.328908549396476,0,1,canonical_v2_cambridge_prices_freeze_last
2019-07-10,12402.25,0.0167737228072621,222327316382.46924,62.8469804425697,83.0,0.0438025,7542068.11187852,2889662085.380044,76.93886337344149,4.343011124319805,0,1,canonical_v2_cambridge_prices_freeze_last
2019-07-11,11776.0,-0.0504948698824809,211118103657.56824,61.800838407804,62.0,0.0438025,7416523.902350233,2897078609.2823944,72.87275636261114,4.288714856719678,0,1,canonical_v2_cambridge_prices_freeze_last
2019-07-12,11153.0,-0.0529042119565217,199965326528.66,61.7126283329148,33.0,0.0438025,7405938.089184932,2904484547.371579,68.84709602246606,4.2318880459622,0,1,canonical_v2_cambridge_prices_freeze_last
2019-07-13,11879.0,0.0650945933829463,212999298129.75143,60.8107524110627,65.0,0.0438025,7297706.80133034,2911782254.1729097,73.15083324809045,4.292523518352596,0,1,canonical_v2_cambridge_prices_freeze_last
2019-07-14,10908.44,-0.0817038471251788,195612324182.4291,61.4840893520655,61.0,0.0438025,7378511.846147533,2919160766.0190573,67.00978118762237,4.204838596610734,0,1,canonical_v2_cambridge_prices_freeze_last
2019-07-15,10479.0,-0.0393676822717089,187926775778.16797,60.8864869206145,16.0,0.0438025,7306795.461206073,2926467561.480263,64.21625110483406,4.162256311137347,0,1,canonical_v2_cambridge_prices_freeze_last
2019-07-16,10799.0,0.0305372650062027,193681259352.87857,61.8282940515737,34.0,0.0438025,7419818.767654951,2933887380.247918,66.01523311931359,4.1898855202331715,0,1,canonical_v2_cambridge_prices_freeze_last
2019-07-17,9594.75,-0.1115149550884341,172096857284.28177,62.071712627802,19.0,0.0438025,7449030.664052869,2941336410.911971,58.50974973342902,4.069193402461122,0,1,canonical_v2_cambridge_prices_freeze_last
2019-07-18,9690.24,0.0099523176737277,173823706943.4128,61.5848754753454,40.0,0.0438025,7390606.871257032,2948727017.783228,58.94872800876926,4.076668049291198,0,1,canonical_v2_cambridge_prices_freeze_last
2019-07-19,10616.98,0.0956364341853246,190463013429.5187,58.7855634694143,42.0,0.0438025,7054670.257175397,2955781688.0404034,64.43744279226186,4.165694873974835,0,1,canonical_v2_cambridge_prices_freeze_last
2019-07-20,10509.35,-0.0101375344024382,188547451417.5576,60.7150152371058,34.0,0.0438025,7286217.684721445,2963067905.725125,63.63251110555162,4.153124520642526,0,1,canonical_v2_cambridge_prices_freeze_last
2019-07-21,10617.41,0.0102822724526254,190501560646.5491,60.7384574115941,42.0,0.0438025,7289030.906222878,2970356936.6313477,64.1342319157761,4.160978260626091,0,1,canonical_v2_cambridge_prices_freeze_last
2019-07-22,10476.0,-0.0133186907164741,187979529745.3409,61.2354487391069,42.0,0.0438025,7348673.269574603,2977705609.9009223,63.12898398025169,4.145179998162453,0,1,canonical_v2_cambridge_prices_freeze_last
2019-07-23,10324.5,-0.0144616265750285,185276013516.0118,59.1089475619144,40.0,0.0438025,7093478.563234947,2984799088.464157,62.07319421668226,4.128314240623651,0,1,canonical_v2_cambridge_prices_freeze_last
2019-07-24,10135.85,-0.0182720712867451,181905329949.66776,58.5162952511175,20.0,0.0438025,7022356.226676917,2991821444.690834,60.80086439398636,4.107604005877415,0,1,canonical_v2_cambridge_prices_freeze_last
2019-07-25,9644.5,-0.0484764474612391,173101179842.79868,59.2475035283843,42.0,0.0438025,7110106.228224804,2998931550.919059,57.7209505797989,4.0556202025815455,0,1,canonical_v2_cambridge_prices_freeze_last
2019-07-26,9870.5,0.0234330447405257,177171762266.18735,61.0247015279091,24.0,0.0438025,7323382.160756818,3006254933.0798154,58.93437722684428,4.0764245745037435,0,1,canonical_v2_cambridge_prices_freeze_last
2019-07-27,9823.86,-0.0047251912263815,176348812244.28073,58.7172944659472,47.0,0.0438025,7046477.50916343,3013301410.588979,58.523455909381354,4.069427629592468,0,1,canonical_v2_cambridge_prices_freeze_last
2019-07-28,9452.0,-0.0378527381294114,169687202494.49435,59.3136527652734,16.0,0.0438025,7118044.589728461,3020419455.178707,56.1800124163399,4.028561042686039,0,1,canonical_v2_cambridge_prices_freeze_last
2019-07-29,9525.28,0.0077528565382989,171016538176.74655,58.9978579906834,19.0,0.0438025,7080147.053799752,3027499602.2325068,56.487716150528094,4.034023201249716,0,1,canonical_v2_cambridge_prices_freeze_last
2019-07-30,9505.94,-0.0020303865083231,170683049157.33878,58.9288151803526,22.0,0.0438025,7071861.443664096,3034571463.676171,56.24617880989634,4.029738106508519,0,1,canonical_v2_cambridge_prices_freeze_last
2019-07-31,9538.75,0.0034515260984184,171285947691.62735,60.6556673007576,31.0,0.0438025,7279095.525866945,3041850559.202038,56.309783915407216,4.030868301848531,0,1,canonical_v2_cambridge_prices_freeze_last
2019-08-01,10028.25,0.0513169964618005,180090309950.28253,60.1285834277463,57.0,0.0438025,7215841.850942074,3049066401.05298,59.0640826608726,4.0786230012695075,0,1,canonical_v2_cambridge_prices_freeze_last
2019-08-02,10406.5,0.0377184453917682,186898057461.4825,60.1769706934917,61.0,0.0438025,7221648.654251151,3056288049.707231,61.15197730769713,4.113362196977488,0,1,canonical_v2_cambridge_prices_freeze_last
2019-08-03,10403.6,-0.0002786719838562,186860983886.7079,61.1940253111889,61.0,0.0438025,7343702.174502334,3063631751.8817334,60.99329130269484,4.11076387948087,0,1,canonical_v2_cambridge_prices_freeze_last
2019-08-04,10885.29,0.0463003191203046,195528404249.7875,60.6501507307613,62.0,0.0438025,7278433.499682663,3070910185.381416,63.67115690343849,4.153731664170727,0,1,canonical_v2_cambridge_prices_freeze_last
2019-08-05,10943.0,0.005301650208676,196580800365.4105,59.974727076611,64.0,0.0438025,7197378.034995215,3078107563.416411,63.86417508659906,4.156758563893652,0,1,canonical_v2_cambridge_prices_freeze_last
2019-08-06,11718.83,0.0708973773188339,210534746695.34976,61.8167279940205,66.0,0.0438025,7418430.761528995,3085525994.17794,68.23301670204901,4.222928563568959,0,1,canonical_v2_cambridge_prices_freeze_last
2019-08-07,11662.0,-0.0048494602276848,209530560120.3602,61.6214749207979,45.0,0.0438025,7394999.055392466,3092920993.233332,67.7452028612336,4.215753650776657,0,1,canonical_v2_cambridge_prices_freeze_last
2019-08-08,11859.55,0.0169396329960556,213097000584.1744,62.4371504320383,61.0,0.0438025,7492885.703559884,3100413878.936892,68.73179159462534,4.230211851935127,0,1,canonical_v2_cambridge_prices_freeze_last
2019-08-09,11591.14,-0.0226323933032872,208290780884.5492,62.1091119376458,60.0,0.0438025,7453518.837393781,3107867397.774286,67.02048518341472,4.204998321665454,0,1,canonical_v2_cambridge_prices_freeze_last
2019-08-10,11854.0,0.0226776658723819,213031375114.21445,61.8040504125354,59.0,0.0438025,7416909.364918033,3115284307.139204,68.38264315909042,4.225119037443203,0,1,canonical_v2_cambridge_prices_freeze_last
2019-08-11,11355.4,-0.0420617513075755,204087223177.86197,61.9368160670807,45.0,0.0438025,7432842.152817267,3122717149.2920213,65.35565452161826,4.179843963054145,0,1,canonical_v2_cambridge_prices_freeze_last
2019-08-12,11378.25,0.00201225848495,204514245289.89093,61.3981467908907,48.0,0.0438025,7368198.150158877,3130085347.44218,65.33823285585946,4.179577360442322,0,1,canonical_v2_cambridge_prices_freeze_last
2019-08-13,11414.15,0.0031551424867619,205175906532.08627,61.1619997604865,45.0,0.0438025,7339858.889064959,3137425206.331245,65.39627020209007,4.180465226287768,0,1,canonical_v2_cambridge_prices_freeze_last
2019-08-14,10865.55,-0.0480631496870113,195330100739.6154,61.1029631218212,11.0,0.0438025,7332774.088064584,3144757980.4193096,62.11291996262646,4.128954018227803,0,1,canonical_v2_cambridge_prices_freeze_last
2019-08-15,10155.71,-0.0653294126850458,182583868796.56497,61.9885127018002,13.0,0.0438025,7439046.1030701455,3152197026.52238,57.922733655388996,4.0591099440526115,0,1,canonical_v2_cambridge_prices_freeze_last
2019-08-16,10368.0,0.0209035114236229,186415379083.0798,61.9885127018002,31.0,0.0438025,7439046.1030701455,3159636072.62545,58.999003302358446,4.077520550582663,0,1,canonical_v2_cambridge_prices_freeze_last
2019-08-17,10348.9,-0.0018422067901234,186086795276.77817,60.6306685852695,20.0,0.0438025,7276095.508784292,3166912168.1342344,58.75969569007971,4.0734561724304506,0,1,canonical_v2_cambridge_prices_freeze_last
2019-08-18,10185.5,-0.015789117684005,183163239728.12976,59.0659656168947,14.0,0.0438025,7088320.435435699,3174000488.56967,57.707376034674255,4.05538499956708,0,1,canonical_v2_cambridge_prices_freeze_last
2019-08-19,10398.0,0.0208629915075351,186999460942.9916,61.0280157276086,30.0,0.0438025,7323779.887420756,3181324268.457091,58.780383627376786,4.073808187464485,0,1,canonical_v2_cambridge_prices_freeze_last
2019-08-20,10675.5,0.0266878245816504,192005347930.79837,60.9711042338132,39.0,0.0438025,7316950.118360556,3188641218.5754514,60.21541301425507,4.097928349681781,0,1,canonical_v2_cambridge_prices_freeze_last
2019-08-21,10704.75,0.0027399185049881,192546739704.8622,60.1858377521098,11.0,0.0438025,7222712.7620186005,3195863931.33747,60.24872893267435,4.098481475595106,0,1,canonical_v2_cambridge_prices_freeze_last
2019-08-22,10144.35,-0.0523505920269039,182481308138.0072,59.4064283828008,5.0,0.0438025,7129178.299281184,3202993109.636751,56.97212010509203,4.042562027212574,0,1,canonical_v2_cambridge_prices_freeze_last
2019-08-23,10177.75,0.0032924731500785,183096668044.2602,59.9398832756581,33.0,0.0438025,7193196.540224696,3210186306.1769757,57.036150111272136,4.043685279285267,0,1,canonical_v2_cambridge_prices_freeze_last
2019-08-24,10360.03,0.0179096558669646,186390664929.93213,62.0164921108198,39.0,0.0438025,7442403.823792284,3217628710.000768,57.92795929207371,4.059200157353116,0,1,canonical_v2_cambridge_prices_freeze_last
2019-08-25,10040.0,-0.0308908371886954,180647235870.81223,63.8808466905176,33.0,0.0438025,7666139.142907938,3225294849.1436763,56.00952604961822,4.025521784297316,0,1,canonical_v2_cambridge_prices_freeze_last
2019-08-26,10080.25,0.0040089641434262,181385829424.0535,62.3154346269047,41.0,0.0438025,7478278.973273953,3232773128.11695,56.10843144124638,4.027286094306124,0,1,canonical_v2_cambridge_prices_freeze_last
2019-08-27,10261.5,0.0179807048436297,184661911455.7239,61.2316875757626,30.0,0.0438025,7348221.904211894,3240121350.021162,56.99228254352814,4.042915864694768,0,1,canonical_v2_cambridge_prices_freeze_last
2019-08-28,10139.5,-0.011889100034108,182480903604.1974,62.1348099201547,32.0,0.0438025,7456602.771308429,3247577952.7924705,56.18984555776064,4.028736056548709,0,1,canonical_v2_cambridge_prices_freeze_last
2019-08-29,9663.5,-0.0469451156368657,173928087388.58206,63.5798054333104,20.0,0.0438025,7630012.130116654,3255207964.922587,53.430714492835264,3.9783857583832685,0,1,canonical_v2_cambridge_prices_freeze_last
2019-08-30,9549.9,-0.0117555751021887,171897065257.50256,64.0012622894884,24.0,0.0438025,7680589.83954881,3262888554.7621355,52.6824812960962,3.9642829770584878,0,1,canonical_v2_cambridge_prices_freeze_last
2019-08-31,9453.1,-0.010136231793003,170168135053.788,64.3625114651168,20.0,0.0438025,7723942.21493364,3270612496.9770694,52.02943950439539,3.9518097026974917,0,1,canonical_v2_cambridge_prices_freeze_last
2019-09-01,9487.8,0.0036707535094306,170806281619.07486,64.046936339428,24.0,0.0438025,7686071.038377521,3278298568.0154467,52.102112750052015,3.953205499761533,0,1,canonical_v2_cambridge_prices_freeze_last
2019-09-02,9615.9,0.0135015493581232,173126108142.1906,65.2512132082483,28.0,0.0438025,7830592.51110766,3286129160.526554,52.68390245331979,3.9643099525922985,0,1,canonical_v2_cambridge_prices_freeze_last
2019-09-03,10408.02,0.0823760646429352,187402352338.12964,67.527530486014,41.0,0.0438025,8103766.175653776,3294232926.702208,56.88800898658203,4.041084580550935,0,1,canonical_v2_cambridge_prices_freeze_last
2019-09-04,10712.5,0.0292543634620225,192899911228.81357,67.0641534213924,43.0,0.0438025,8048157.7540836735,3302281084.4562917,58.41414049724172,4.0675579923270915,0,1,canonical_v2_cambridge_prices_freeze_last
2019-09-05,10628.5,-0.0078413068844807,191402419658.36465,67.5976670006598,41.0,0.0438025,8112183.037798358,3310393267.49409,57.81863488480719,4.057311126569036,0,1,canonical_v2_cambridge_prices_freeze_last
2019-09-06,10518.0,-0.0103965752458013,189427421797.5229,67.9881301642428,43.0,0.0438025,8159041.291833549,3318552308.7859235,57.08134275780755,4.0444773164701315,0,1,canonical_v2_cambridge_prices_freeze_last
2019-09-07,10358.0,-0.01521201749382,186560546219.9131,67.5098122017156,39.0,0.0438025,8101639.860179857,3326653948.6461034,56.08053891383573,4.026788852413324,0,1,canonical_v2_cambridge_prices_freeze_last
2019-09-08,10518.54,0.0154991311063912,189466990980.04572,69.722281698562,43.0,0.0438025,8367151.353702088,3335021099.9998055,56.81133201227925,4.039735813086617,0,1,canonical_v2_cambridge_prices_freeze_last
2019-09-09,10344.5,-0.0165460225468554,186346730467.98383,69.5319565951307,41.0,0.0438025,8344311.037693732,3343365411.037499,55.73627395102993,4.020631172869857,0,1,canonical_v2_cambridge_prices_freeze_last
2019-09-10,10216.03,-0.0124191599400647,184046936216.0693,70.6739041353343,41.0,0.0438025,8481352.564076658,3351846763.6015754,54.90911404861181,4.005679346551472,0,1,canonical_v2_cambridge_prices_freeze_last
2019-09-11,10076.0,-0.01370689005416,181538495504.03052,73.7190986816563,38.0,0.0438025,8846796.767132193,3360693560.3687077,54.01816388284852,3.9893203582060726,0,1,canonical_v2_cambridge_prices_freeze_last
2019-09-12,10093.75,0.0017616117506946,181872584613.4327,73.2750074845078,39.0,0.0438025,8793502.781753844,3369487063.1504617,53.9763415632118,3.988545831362235,0,1,canonical_v2_cambridge_prices_freeze_last
2019-09-13,10328.5,0.0232569659442725,186117003257.4092,72.9651141808421,38.0,0.0438025,8756313.462757085,3378243376.613219,55.092834502645154,4.009019662378198,0,1,canonical_v2_cambridge_prices_freeze_last
2019-09-14,10450.0,0.011763566829646,188321182098.52307,74.3034582620971,39.0,0.0438025,8916923.919247966,3387160300.532467,55.59854432307756,4.01815701967419,0,1,canonical_v2_cambridge_prices_freeze_last
2019-09-15,10245.95,-0.0195263157894736,184658446805.7029,73.3686433503324,38.0,0.0438025,8804739.726994345,3395965040.2594614,54.37583856622814,3.995919911197576,0,1,canonical_v2_cambridge_prices_freeze_last
2019-09-16,10298.25,0.0051044559069679,185615578306.55136,75.5209896678268,38.0,0.0438025,9063036.027191734,3405028076.286653,54.51220199892568,3.998424566498142,0,1,canonical_v2_cambridge_prices_freeze_last
2019-09-17,10241.0,-0.0055591969509383,184598167594.67624,74.3389971306362,41.0,0.0438025,8921188.826889569,3413949265.1135426,54.071737234365955,3.9903116322353864,0,1,canonical_v2_cambridge_prices_freeze_last
2019-09-18,10248.0,0.0006835269993163,184738811289.1294,74.8508890097839,38.0,0.0438025,8982619.358496053,3422931884.4720387,53.97092829313603,3.98844553665191,0,1,canonical_v2_cambridge_prices_freeze_last
2019-09-19,10189.97,-0.0056625683060109,183707092274.5449,75.1914942196596,31.0,0.0438025,9023494.316593533,3431955378.7886324,53.528403489729364,3.980212419371127,0,1,canonical_v2_cambridge_prices_freeze_last
2019-09-20,10254.75,0.0063572316699658,184889422475.40057,76.052080635027,41.0,0.0438025,9126770.580865122,3441082149.3694973,53.730022838680995,3.983971929804496,0,1,canonical_v2_cambridge_prices_freeze_last
2019-09-21,10131.68,-0.0120012677052097,182684796337.71503,76.8224049163279,37.0,0.0438025,9219214.770814938,3450301364.140312,52.94748981535221,3.969300664225896,0,1,canonical_v2_cambridge_prices_freeze_last
2019-09-22,9962.51,-0.0166971321636688,179648520345.26443,78.1529658140561,37.0,0.0438025,9378891.191973131,3459680255.3322854,51.9263362758389,3.9498261041607288,0,1,canonical_v2_cambridge_prices_freeze_last
2019-09-23,9970.25,0.0007769126455079,179802131987.67877,74.7215190264408,41.0,0.0438025,8967094.074399104,3468647349.4066844,51.83638285351611,3.948092274407381,0,1,canonical_v2_cambridge_prices_freeze_last
2019-09-24,9760.25,-0.0210626614177177,176028758743.23645,75.3517846275401,39.0,0.0438025,9042730.263418699,3477690079.670103,50.61657442457745,3.9242790804560497,0,1,canonical_v2_cambridge_prices_freeze_last
2019-09-25,8617.9,-0.1170410593990932,155438290831.08334,74.0912527144837,15.0,0.0438025,8891457.800071707,3486581537.470175,44.58186024350592,3.7973270552949745,0,1,canonical_v2_cambridge_prices_freeze_last
2019-09-26,8519.38,-0.0114320194014784,153673297475.1183,75.8555101707342,12.0,0.0438025,9103180.778776946,3495684718.248952,43.96085741739772,3.7832996338356044,0,1,canonical_v2_cambridge_prices_freeze_last
2019-09-27,8088.4,-0.0505881883423441,145910612505.6227,75.2006953278135,24.0,0.0438025,9024598.512593292,3504709316.761545,41.63272879944532,3.728886607928344,0,1,canonical_v2_cambridge_prices_freeze_last
2019-09-28,8088.1,-3.709015380037872e-05,145916563588.47946,75.5244560480689,32.0,0.0438025,9063452.016563118,3513772768.778108,41.52703466912603,3.7263446529534137,0,1,canonical_v2_cambridge_prices_freeze_last
2019-09-29,8165.58,0.0095795056935497,147325838477.45078,73.829346299203,33.0,0.0438025,8860027.236358466,3522632796.014467,41.82264999182893,3.7334380586076605,0,1,canonical_v2_cambridge_prices_freeze_last
2019-09-30,7995.55,-0.020822770703367,144269328572.5444,75.074564090305,27.0,0.0438025,9009461.900179686,3531642257.9146466,40.85049335028971,3.7099188983515594,0,1,canonical_v2_cambridge_prices_freeze_last
2019-10-01,8236.75,0.0301667802715259,148633025008.8924,73.9928357617954,38.0,0.0441,8939956.320808705,3540582214.2354555,41.97982591995476,3.7371891676462705,0,1,canonical_v2_cambridge_prices_freeze_last
2019-10-02,8366.89,0.0157999210853794,150993147378.79514,73.0871933219034,39.0,0.0441,8830534.864372438,3549412749.099828,42.54031808982732,3.7504522871730805,0,1,canonical_v2_cambridge_prices_freeze_last
2019-10-03,8234.5,-0.0158230836069315,148615511367.18936,70.9098334097511,37.0,0.0441,8567462.064027462,3557980211.163855,41.76962842594776,3.7321694827536382,0,1,canonical_v2_cambridge_prices_freeze_last
2019-10-04,8167.0,-0.0081972190175481,147408718617.02667,70.9414578949441,30.0,0.0441,8571282.994978176,3566551494.158833,41.33088190607853,3.7216099664541886,0,1,canonical_v2_cambridge_prices_freeze_last
2019-10-05,8180.4,0.001640749357169,147662033857.06488,69.6887169463435,31.0,0.0441,8419924.431051366,3574971418.5898843,41.30439563494716,3.7209689261424352,0,1,canonical_v2_cambridge_prices_freeze_last
2019-10-06,8103.5,-0.0094005183120629,146285275620.908,69.8455848802677,32.0,0.0441,8438877.5156707,3583410296.105555,40.82292105369307,3.7092437141965853,0,1,canonical_v2_cambridge_prices_freeze_last
2019-10-07,7988.69,-0.0141679521194546,144223888266.82846,71.1098347333346,27.0,0.0441,8591626.607507002,3592001922.7130623,40.151395063256324,3.69265718607198,0,1,canonical_v2_cambridge_prices_freeze_last
2019-10-08,8217.5,0.0286417422631244,148366201758.00665,72.1636312671069,39.0,0.0441,8718948.325697025,3600720871.038759,41.204582935417875,3.718549486465733,0,1,canonical_v2_cambridge_prices_freeze_last
2019-10-09,8128.0,-0.0108913903255247,146761647062.96072,71.4866746127397,37.0,0.0441,8637157.124443345,3609358028.163203,40.66142674619827,3.7052798972598864,0,1,canonical_v2_cambridge_prices_freeze_last
2019-10-10,8579.81,0.0555868602362203,154931651495.47256,72.607485369606,41.0,0.0441,8772575.629588014,3618130603.792791,42.820911808175694,3.7570265769137046,0,1,canonical_v2_cambridge_prices_freeze_last
2019-10-11,8579.5,-3.613133624169596e-05,154938032756.67673,73.4222270926062,39.0,0.0441,8871014.287079269,3627001618.07987,42.71793869193274,3.754618941894459,0,1,canonical_v2_cambridge_prices_freeze_last
2019-10-12,8296.0,-0.0330438836762049,149829856239.64322,71.9050184087708,38.0,0.0441,8687702.224182993,3635689320.3040533,41.210852479307256,3.7187016313611623,0,1,canonical_v2_cambridge_prices_freeze_last
2019-10-13,8330.9,0.0042068466730953,150471788475.0774,71.6181871765752,38.0,0.0441,8653046.724621827,3644342367.028675,41.289147209777894,3.7205996860101602,0,1,canonical_v2_cambridge_prices_freeze_last
2019-10-14,8431.0,0.0120155085284903,152291538587.2922,70.4420923135848,37.0,0.0441,8510948.68775093,3652853315.716426,41.69111799043691,3.730288108286247,0,1,canonical_v2_cambridge_prices_freeze_last
2019-10-15,8360.5,-0.0083619973905824,151029728366.12234,70.0343592237909,39.0,0.0441,8461685.59388816,3661315001.310314,41.25013234645795,3.7196543211745237,0,1,canonical_v2_cambridge_prices_freeze_last
2019-10-16,8145.5,-0.0257161653011183,147157169121.45383,70.3592884243154,40.0,0.0441,8500944.163047422,3669815945.4733615,40.09933231201118,3.6913596836006137,0,1,canonical_v2_cambridge_prices_freeze_last
2019-10-17,7986.0,-0.0195813639432815,144286749798.17166,69.4273528857357,40.0,0.0441,8388345.924002587,3678204291.397364,39.227497541567104,3.669377968779925,0,1,canonical_v2_cambridge_prices_freeze_last
2019-10-18,8042.6,0.0070874029551715,145320560386.63156,69.4774963233578,40.0,0.0441,8394404.350301586,3686598695.747666,39.41860028167769,3.6742377932726873,0,1,canonical_v2_cambridge_prices_freeze_last
2019-10-19,7946.75,-0.0119177877800711,143599714404.60434,69.8981186327707,41.0,0.0441,8445224.744397776,3695043920.4920635,38.86278958911032,3.660037226990697,0,1,canonical_v2_cambridge_prices_freeze_last
2019-10-20,7843.99,-0.012931072451002,141753721597.7096,69.9680292631599,37.0,0.0441,8453671.480836581,3703497591.9729,38.275634876866654,3.64481352865286,0,1,canonical_v2_cambridge_prices_freeze_last
2019-10-21,8151.0,0.0391395195557362,147313221118.7793,71.3998422093515,37.0,0.0441,8626665.866938086,3712124257.839838,39.68434537385446,3.6809567868506425,0,1,canonical_v2_cambridge_prices_freeze_last
2019-10-22,8206.25,0.0067783094098883,148323154040.25714,72.2654327274359,39.0,0.0441,8731248.173369652,3720855506.013208,39.86264820027404,3.685439750116008,0,1,canonical_v2_cambridge_prices_freeze_last
2019-10-23,8159.0,-0.0057578065498857,147480465333.7464,74.0264859013743,33.0,0.0441,8944021.995207142,3729799528.008415,39.541123920002185,3.677341242224738,0,1,canonical_v2_cambridge_prices_freeze_last
2019-10-24,7487.69,-0.0822784654982228,135356389348.77798,73.3496134827729,20.0,0.0441,8862240.971480232,3738661768.9798956,36.20450249654714,3.5891834894550345,0,1,canonical_v2_cambridge_prices_freeze_last
2019-10-25,7456.5,-0.004165503646652,134802904017.61195,72.3524936952413,24.0,0.0441,8741767.046466138,3747403536.026362,35.97234797951678,3.582750531627096,0,1,canonical_v2_cambridge_prices_freeze_last
2019-10-26,9674.25,0.2974250653791994,174910078423.25082,72.714496415106,53.0,0.0441,8785504.909331987,3756189040.9356937,46.5658348174296,3.84086711381527,0,1,canonical_v2_cambridge_prices_freeze_last
2019-10-27,9246.08,-0.0442587280667752,167181593016.14523,71.0272845909456,50.0,0.0441,8581652.740988223,3764770693.676682,44.406846158504116,3.793393650310799,0,1,canonical_v2_cambridge_prices_freeze_last
2019-10-28,9672.75,0.0461460424309545,174909758962.44662,69.8131563661786,52.0,0.0441,8434959.440406784,3773205653.117089,46.35574496660463,3.836345231830568,0,1,canonical_v2_cambridge_prices_freeze_last
2019-10-29,9458.0,-0.0222015455790752,171039585386.09277,67.8518654753095,54.0,0.0441,8197992.513592187,3781403645.630681,45.23177143062334,3.8117997476713845,0,1,canonical_v2_cambridge_prices_freeze_last
2019-10-30,9442.75,-0.0016123916261365,170776868685.25827,65.958299357086,53.0,0.0441,7969208.2236917615,3789372853.854373,45.06731727693463,3.808157311454919,0,1,canonical_v2_cambridge_prices_freeze_last
2019-10-31,9186.25,-0.0271636970162293,166150642705.84113,65.88714705149,50.0,0.0441,7960611.465673177,3797333465.320046,43.75455677602379,3.7785957622604243,0,1,canonical_v2_cambridge_prices_freeze_last
2019-11-01,9232.3,0.0050129269288337,166996306506.38434,65.4034065118364,49.0,0.044656000000000015,8001793.208746759,3805335258.528793,43.884781539839395,3.781567598017321,0,1,canonical_v2_cambridge_prices_freeze_last
2019-11-02,9320.25,0.0095263368824671,168600047818.00998,65.0646015490414,51.0,0.044656000000000015,7960342.045956147,3813295600.574749,44.21373674587362,3.7890355269053924,0,1,canonical_v2_cambridge_prices_freeze_last
2019-11-03,9212.5,-0.0115608486896811,166663611489.82327,66.7918469232176,56.0,0.044656000000000015,8171662.236173169,3821467262.810922,43.612466110001954,3.7753430294418413,0,1,canonical_v2_cambridge_prices_freeze_last
2019-11-04,9161.44,-0.0055424694708275,165752530302.05606,66.7363361171772,49.0,0.044656000000000015,8164870.755201824,3829632133.566124,43.28158019389413,3.767727144821212,0,1,canonical_v2_cambridge_prices_freeze_last
2019-11-05,9438.5,0.0302419706945631,170778236537.72437,67.6136975497646,54.0,0.044656000000000015,8272211.719951475,3837904345.2860756,44.4977834706807,3.795439378284028,0,1,canonical_v2_cambridge_prices_freeze_last
2019-11-06,9355.75,-0.0087672829369073,169293878187.4511,67.5581867437242,53.0,0.044656000000000015,8265420.238980135,3846169765.525056,44.016226143970044,3.784558341936424,0,1,canonical_v2_cambridge_prices_freeze_last
2019-11-07,9314.71,-0.0043866071667157,168564092521.5691,67.819649099493,54.0,0.044656000000000015,8297408.90462181,3854467174.4296775,43.73213855336841,3.778083267804858,0,1,canonical_v2_cambridge_prices_freeze_last
2019-11-08,9205.65,-0.011708362364475,166603166760.06094,67.0238366328423,42.0,0.044656000000000015,8200045.064866319,3862667219.494544,43.13163865611547,3.764256803355954,0,1,canonical_v2_cambridge_prices_freeze_last
2019-11-09,8830.6,-0.0407412838854398,159827701037.62958,67.0082196609729,38.0,0.044656000000000015,8198134.403233992,3870865353.897778,41.28991489633982,3.720618278775502,0,1,canonical_v2_cambridge_prices_freeze_last
2019-11-10,8790.91,-0.0044945983285394,159121440505.6848,68.1730860645049,39.0,0.044656000000000015,8340650.222730225,3879206004.120508,41.01907460873833,3.7140371928758285,0,1,canonical_v2_cambridge_prices_freeze_last
2019-11-11,9034.88,0.0277525307391384,163549893886.27188,68.7680923128996,40.0,0.044656000000000015,8413446.384451631,3887619450.50496,42.0694195943043,3.7393211013176795,0,1,canonical_v2_cambridge_prices_freeze_last
2019-11-12,8729.74,-0.0337735531628532,158038238033.01654,67.4339435726863,39.0,0.044656000000000015,8250219.682690084,3895869670.18765,40.565586483134176,3.702920083603581,0,1,canonical_v2_cambridge_prices_freeze_last
2019-11-13,8768.7,0.0044629049662419,158755600708.64792,66.9615143473345,38.0,0.044656000000000015,8192420.232039919,3904062090.41969,40.664210002761905,3.7053483444722533,0,1,canonical_v2_cambridge_prices_freeze_last
2019-11-14,8751.25,-0.0019900327300512,158451695211.1504,68.5827169492125,41.0,0.044656000000000015,8390766.597490504,3912452857.0171804,40.49932382621795,3.70128527832418,0,1,canonical_v2_cambridge_prices_freeze_last
2019-11-15,8653.0,-0.0112269675760605,156684645883.38165,70.5841580404527,38.0,0.044656000000000015,8635633.319053309,3921088490.3362336,39.95947713741751,3.6878658690455364,0,1,canonical_v2_cambridge_prices_freeze_last
2019-11-16,8476.45,-0.0204033283254362,153499392355.80527,70.8510164868546,41.0,0.044656000000000015,8668282.170512274,3929756772.506746,39.06078702623873,3.665119074406799,0,1,canonical_v2_cambridge_prices_freeze_last
2019-11-17,8451.25,-0.002972942682373,153054642112.2614,70.0504405145967,38.0,0.044656000000000015,8570335.538684469,3938327108.04543,38.862856718933536,3.66003895434393,0,1,canonical_v2_cambridge_prices_freeze_last
2019-11-18,8545.5,0.0111521964206477,154773255938.18735,69.3165791539393,38.0,0.044656000000000015,8480551.119721409,3946807659.1651516,39.21479567892745,3.6690541163725263,0,1,canonical_v2_cambridge_prices_freeze_last
2019-11-19,8215.47,-0.0386203264876251,148807122741.9575,70.1171557592492,32.0,0.044656000000000015,8578497.829000093,3955386156.9941516,37.62138937530228,3.627572755017138,0,1,canonical_v2_cambridge_prices_freeze_last
2019-11-20,8108.25,-0.013050987953215,146876151021.10712,70.58415825147,32.0,0.044656000000000015,8635633.344870262,3964021790.3390217,37.05230666972332,3.6123306080962565,0,1,canonical_v2_cambridge_prices_freeze_last
2019-11-21,8087.25,-0.0025899546757931,146506822664.8542,68.5103825236077,30.0,0.044656000000000015,8381916.827326649,3972403707.1663485,36.88115142993926,3.607700619186366,0,1,canonical_v2_cambridge_prices_freeze_last
2019-11-22,7584.56,-0.0621583356517975,137410583340.7122,66.9511173115954,20.0,0.044656000000000015,8191148.204566041,3980594855.3709145,34.52011278045733,3.5415421333146795,0,1,canonical_v2_cambridge_prices_freeze_last
2019-11-23,7324.46,-0.0342933538662757,132708333761.2386,68.8487572813574,23.0,0.044656000000000015,8423315.356592594,3989018170.727507,33.268420468747976,3.504608612761127,0,1,canonical_v2_cambridge_prices_freeze_last
2019-11-24,7284.25,-0.0054898245058339,131989748740.47775,67.3088443320116,21.0,0.044656000000000015,8234914.390384414,3997253085.1178913,33.02011304510256,3.497116862020421,0,1,canonical_v2_cambridge_prices_freeze_last
2019-11-25,7076.74,-0.0284874901328208,128239364177.62944,66.3028989353744,17.0,0.044656000000000015,8111841.794131726,4005364926.912023,32.01689896368491,3.466263856023047,0,1,canonical_v2_cambridge_prices_freeze_last
2019-11-26,7203.5,0.0179122025113258,130546254317.32164,64.6299328411991,21.0,0.044656000000000015,7907162.413579694,4013272089.3256025,32.52863284912707,3.4821207122158895,0,1,canonical_v2_cambridge_prices_freeze_last
2019-11-27,7114.5,-0.0123551051572152,128943056101.20276,64.4239805962888,20.0,0.044656000000000015,7881965.1438571885,4021154054.4694595,32.06618158731926,3.4678019416745576,0,1,canonical_v2_cambridge_prices_freeze_last
2019-11-28,7546.12,0.0606676505727739,136776027321.66605,66.0906561829303,32.0,0.044656000000000015,8085874.91097243,4029239929.380432,33.94586316995469,3.5247669959162358,0,1,canonical_v2_cambridge_prices_freeze_last
2019-11-29,7563.75,0.002336299979327,137105895263.30257,66.1765144371245,31.0,0.044656000000000015,8096379.256723925,4037336308.637156,33.959493285211124,3.5251684404016497,0,1,canonical_v2_cambridge_prices_freeze_last
2019-11-30,7766.0,0.0267393819203436,140782611144.7099,62.5736995913763,38.0,0.044656000000000015,7655592.134116441,4044991900.7712727,34.8041762748317,3.5497373874775193,0,1,canonical_v2_cambridge_prices_freeze_last
2019-12-01,7486.25,-0.0360224053566829,135721485558.68672,62.8509415522167,25.0,0.044005,7577412.830151496,4052569313.601424,33.49023176560407,3.5112538072242114,0,1,canonical_v2_cambridge_prices_freeze_last
2019-12-02,7324.5,-0.0216062781766571,132799026907.56094,63.9172021539642,28.0,0.044005,7705962.961055327,4060275276.5624795,32.70690233101426,3.4875861360880136,0,1,canonical_v2_cambridge_prices_freeze_last
2019-12-03,7318.98,-0.0007536350604137,132708910174.67662,66.0262727789468,28.0,0.044005,7960235.982568643,4068235512.545048,32.620754075187556,3.4849487138842146,0,1,canonical_v2_cambridge_prices_freeze_last
2019-12-04,7334.0,0.0020521985303962,132991236186.92888,67.58537543668,24.0,0.044005,8148203.961893434,4076383716.506942,32.62480802491509,3.4850729813317547,0,1,canonical_v2_cambridge_prices_freeze_last
2019-12-05,7179.68,-0.0210417234796835,130202637697.86244,66.1031322539296,21.0,0.044005,7969502.287216911,4084353218.794159,31.878398053022142,3.4619286033816272,0,1,canonical_v2_cambridge_prices_freeze_last
2019-12-06,7372.0,0.026786709156954,133700361062.42545,66.3661436010718,29.0,0.044005,8001211.3675757935,4092354430.1617346,32.670767731411146,3.486480724920925,0,1,canonical_v2_cambridge_prices_freeze_last
2019-12-07,7430.84,0.0079815518176886,134777595805.46677,68.1715548161879,32.0,0.044005,8218874.711469449,4100573304.873204,32.86798839696253,3.492499187049606,0,1,canonical_v2_cambridge_prices_freeze_last
2019-12-08,7372.0,-0.0079183510881677,133720393149.50398,68.6837338429108,28.0,0.044005,8280623.856869288,4108853928.7300735,32.54445046451993,3.482606861477579,0,1,canonical_v2_cambridge_prices_freeze_last
2019-12-09,7530.7,0.0215274009766683,136609270052.0168,68.8069322935115,32.0,0.044005,8295476.8645917075,4117149405.594665,33.18054716848088,3.5019637755389494,0,1,canonical_v2_cambridge_prices_freeze_last
2019-12-10,7351.83,-0.0237521080377653,133374488703.93411,68.0873389261945,26.0,0.044005,8208721.505334765,4125358127.1,32.33040249955033,3.476008041383022,0,1,canonical_v2_cambridge_prices_freeze_last
2019-12-11,7222.0,-0.0176595487110011,131028951380.52225,65.754698385273,20.0,0.044005,7927494.527243668,4133285621.6272435,31.70091868196061,3.4563456609667975,0,1,canonical_v2_cambridge_prices_freeze_last
2019-12-12,7223.8,0.0002492384381058,131071402580.12009,64.9276024508233,23.0,0.044005,7827778.481776656,4141113400.10902,31.651246878839267,3.45477754367009,0,1,canonical_v2_cambridge_prices_freeze_last
2019-12-13,7196.0,-0.0038483900440211,130576740127.93242,65.3780422181367,22.0,0.044005,7882084.240572892,4148995484.349593,31.471892563026483,3.449094847908876,0,1,canonical_v2_cambridge_prices_freeze_last
2019-12-14,7255.75,0.0083032240133407,131670775783.08594,65.1206488696021,27.0,0.044005,7851052.4753612075,4156846536.8249545,31.67564032413319,3.455547941445121,0,1,canonical_v2_cambridge_prices_freeze_last
2019-12-15,7071.25,-0.025428108741343,128332210263.63457,63.576285762585,21.0,0.044005,7664861.520500145,4164511398.3454547,30.81567031239739,3.4280233369732493,0,1,canonical_v2_cambridge_prices_freeze_last
2019-12-16,7095.56,0.0034378645925403,128783000663.68684,64.1554218020577,24.0,0.044005,7734683.113423423,4172246081.458878,30.866587959897192,3.4296743030854335,0,1,canonical_v2_cambridge_prices_freeze_last
2019-12-17,6867.0,-0.0322116929460113,124643970133.28294,63.7049830400143,23.0,0.044005,7680377.475824189,4179926458.9347024,29.81965624463397,3.3951677815918773,0,1,canonical_v2_cambridge_prices_freeze_last
2019-12-18,6617.5,-0.0363331877093344,120124203605.22862,63.8336797142816,15.0,0.044005,7695893.358430033,4187622352.2931323,28.685538833139738,3.356393122368945,0,1,canonical_v2_cambridge_prices_freeze_last
2019-12-19,7133.25,0.0779372874952777,129495997101.45947,65.3923854103102,21.0,0.044005,7883813.479399179,4195506165.7725315,30.865405027384814,3.429635978305841,0,1,canonical_v2_cambridge_prices_freeze_last
2019-12-20,7160.0,0.003750043808923,129991283223.44775,65.7057135893497,23.0,0.044005,7921588.839724202,4203427754.6122556,30.9250665913821,3.4315670715949755,0,1,canonical_v2_cambridge_prices_freeze_last
2019-12-21,7194.51,0.0048198324022346,130627531880.92332,67.3775312590382,23.0,0.044005,8123145.926175276,4211550900.5384307,31.016491303529797,3.434519040568481,0,1,canonical_v2_cambridge_prices_freeze_last
2019-12-22,7163.2,-0.0043519294573223,130068715678.70624,70.3338081259439,20.0,0.044005,8479559.524882635,4220030460.0633135,30.821748067845654,3.4282205469027915,0,1,canonical_v2_cambridge_prices_freeze_last
2019-12-23,7308.71,0.0203135470180924,132720729914.66077,69.4842041964867,33.0,0.044005,8377129.878538075,4228407589.9418516,31.387875244185228,3.4464216796232394,0,1,canonical_v2_cambridge_prices_freeze_last
2019-12-24,7318.75,0.0013737034305643,132912914957.90137,68.4994481510141,25.0,0.044005,8258406.070918837,4236665996.0127707,31.37205413006098,3.4459175007748204,0,1,canonical_v2_cambridge_prices_freeze_last
2019-12-25,7247.5,-0.0097352690008539,131628737412.6662,68.1592527241958,22.0,0.044005,8217391.551036264,4244883387.563807,31.00879939324072,3.434271015601823,0,1,canonical_v2_cambridge_prices_freeze_last
2019-12-26,7236.7,-0.0014901690238013,131442334601.7178,68.8482744238322,39.0,0.044005,8300461.1397828385,4253183848.70359,30.904456350219295,3.430900391958917,0,1,canonical_v2_cambridge_prices_freeze_last
2019-12-27,7181.29,-0.0076568048972597,130445573331.8129,68.1364974327715,38.0,0.044005,8214648.135696193,4261398496.8392863,30.6109774592931,3.4213586851261217,0,1,canonical_v2_cambridge_prices_freeze_last
2019-12-28,7221.5,0.0055992725540954,131185690207.02162,66.3894071570014,37.0,0.044005,8004016.060120129,4269402512.8994064,30.726943597063592,3.425139911289114,0,1,canonical_v2_cambridge_prices_freeze_last
2019-12-29,7311.9,0.0125181748944125,132837729142.2185,65.4835095156538,37.0,0.044005,7894799.551332452,4277297312.450739,31.056463799124412,3.4358069605991557,0,1,canonical_v2_cambridge_prices_freeze_last
2019-12-30,7400.5,0.012117233550787,134457302884.21732,66.9717705152401,40.0,0.044005,8074226.743899016,4285371539.194638,31.37587993350193,3.4460394427479795,0,1,canonical_v2_cambridge_prices_freeze_last
2019-12-31,7240.48,-0.021622863320046,131559679233.28008,68.2659108645395,38.0,0.044005,8230250.431764551,4293601789.6264024,30.64086649841075,3.4223346244467607,0,1,canonical_v2_cambridge_prices_freeze_last
2020-01-01,7196.0,-0.0061432391222681,130761140545.63518,71.0549269778523,37.0,0.044022500000000006,8569905.542143846,4302171695.168547,30.394217109578268,3.4142523636581807,0,1,canonical_v2_cambridge_prices_freeze_last
2020-01-02,7216.25,0.002814063368538,131138797157.9292,69.7309559038322,39.0,0.044022500000000006,8410221.935003983,4310581917.103551,30.422527556568628,3.415183372024073,0,1,canonical_v2_cambridge_prices_freeze_last
2020-01-03,6955.81,-0.0360907673653212,126415229790.6442,71.7135097125229,38.0,0.044022500000000006,8649336.935122026,4319231254.038673,29.267992926389464,3.3764945273376443,0,1,canonical_v2_cambridge_prices_freeze_last
2020-01-04,7307.58,0.0505721116591739,132818114669.7923,73.3699874136698,38.0,0.044022500000000006,8849124.029913094,4328080378.068586,30.687534210966437,3.4238565203717615,0,1,canonical_v2_cambridge_prices_freeze_last
2020-01-05,7325.86,0.0025015121285021,133160180409.44388,74.3019770955395,39.0,0.044022500000000006,8961530.92243394,4337041908.99102,30.70299600596264,3.4243602396023496,0,1,canonical_v2_cambridge_prices_freeze_last
2020-01-06,7461.5,0.0185152323413224,135635668769.58284,72.6392192978193,41.0,0.044022500000000006,8760986.387776027,4345802895.378797,31.21072723151203,3.440761857245183,0,1,canonical_v2_cambridge_prices_freeze_last
2020-01-07,7571.19,0.0147007974267907,137639760086.83054,75.0925162678565,40.0,0.044022500000000006,9056877.52712798,4354859772.905925,31.60601426093356,3.4533474271965034,0,1,canonical_v2_cambridge_prices_freeze_last
2020-01-08,8020.0,0.059278660289862,145809595413.74768,73.5703520006892,51.0,0.044022500000000006,8873289.920411892,4363733062.826337,33.41395848794394,3.5089737314796325,0,1,canonical_v2_cambridge_prices_freeze_last
2020-01-09,8004.0,-0.0019950124688279,145529411699.26514,74.6463348008582,44.0,0.044022500000000006,9003063.763755564,4372736126.590093,33.28108705538346,3.5049892793433353,0,1,canonical_v2_cambridge_prices_freeze_last
2020-01-10,7791.0,-0.0266116941529235,141667045840.41754,73.301356300647,41.0,0.044022500000000006,8840846.45957598,4381576973.049668,32.33243343932729,3.4760708576745794,0,1,canonical_v2_cambridge_prices_freeze_last
2020-01-11,8069.76,0.0357797458606083,146746642717.49524,72.9651109893217,50.0,0.044022500000000006,8800292.050760042,4390377265.100429,33.42460883350498,3.5092924201074114,0,1,canonical_v2_cambridge_prices_freeze_last
2020-01-12,8088.94,0.002376774526132,147106232885.03146,72.1581236931171,45.0,0.044022500000000006,8702961.64460342,4399080226.745032,33.440225070384386,3.5097595187675465,0,1,canonical_v2_cambridge_prices_freeze_last
2020-01-13,8095.37,0.0007949125596184,147233979420.45175,72.6961152892794,49.0,0.044022500000000006,8767848.589924118,4407848075.334956,33.40268922704722,3.50863641252129,0,1,canonical_v2_cambridge_prices_freeze_last
2020-01-14,8137.5,0.0052042093196482,148011076912.33,70.6495119361479,56.0,0.044022500000000006,8521008.600572798,4416369083.935529,33.51420003611516,3.511969230693642,0,1,canonical_v2_cambridge_prices_freeze_last
2020-01-15,8747.25,0.0749308755760369,159113345831.61896,71.9741614749841,54.0,0.044022500000000006,8680774.03707531,4425049857.972604,35.957413122689395,3.5823352693820074,0,1,canonical_v2_cambridge_prices_freeze_last
2020-01-16,8817.96,0.0080836834433677,160411325831.02698,72.8661824491759,55.0,0.044022500000000006,8788360.32018862,4433838218.292792,36.17888563665091,3.588475678958002,0,1,canonical_v2_cambridge_prices_freeze_last
2020-01-17,8685.75,-0.0149932637480776,158017812806.67923,74.2961946273743,54.0,0.044022500000000006,8960833.501324892,4442799051.794117,35.56717532449899,3.5714231710696374,0,1,canonical_v2_cambridge_prices_freeze_last
2020-01-18,8904.14,0.0251434821402871,162002792589.54303,72.8403640917608,51.0,0.044022500000000006,8785246.378711069,4451584298.172828,36.392165516451705,3.594353518412221,0,1,canonical_v2_cambridge_prices_freeze_last
2020-01-19,8914.75,0.0011915805456788,162207702192.8252,73.4877596882577,53.0,0.044022500000000006,8863328.495551575,4460447626.668379,36.365790111066104,3.5936285006100173,0,1,canonical_v2_cambridge_prices_freeze_last
2020-01-20,8648.25,-0.0298942763397739,157370130229.9025,74.8171731350163,48.0,0.044022500000000006,9023668.505030839,4469471295.173409,35.21001027567775,3.561330425006673,0,1,canonical_v2_cambridge_prices_freeze_last
2020-01-21,8667.0,0.0021680686844158,157722848872.45166,76.0459872621014,49.0,0.044022500000000006,9171875.271906465,4478643170.445316,35.216658900907504,3.5615192348801834,0,1,canonical_v2_cambridge_prices_freeze_last
2020-01-22,8713.93,0.0054147917387792,158588471571.29178,76.4060538777389,52.0,0.044022500000000006,9215302.75844592,4487858473.203762,35.33722654539944,3.5649369846211627,0,1,canonical_v2_cambridge_prices_freeze_last
2020-01-23,8644.0,-0.0080250816795637,157327274017.97623,76.4060538777389,49.0,0.044022500000000006,9215302.75844592,4497073775.962208,34.98436580225193,3.554901270328876,0,1,canonical_v2_cambridge_prices_freeze_last
2020-01-24,8387.25,-0.0297026839426192,152665373096.15344,75.90196120408,40.0,0.044022500000000006,9154504.348237295,4506228280.310445,33.87874816799915,3.5227879201047396,0,1,canonical_v2_cambridge_prices_freeze_last
2020-01-25,8513.2,0.0150168410384812,154969228051.66895,78.2063853873037,41.0,0.044022500000000006,9432440.001952266,4515660720.312397,34.318173496645706,3.5356750534088324,0,1,canonical_v2_cambridge_prices_freeze_last
2020-01-26,8370.25,-0.0167915707372081,152378159538.11264,77.7022927136447,42.0,0.044022500000000006,9371641.591743628,4525032361.90414,33.674490556348566,3.516740593936963,0,1,canonical_v2_cambridge_prices_freeze_last
2020-01-27,8550.76,0.0215656641080015,155675638157.03333,76.0459884385686,50.0,0.044022500000000006,9171875.41379969,4534204237.31794,34.333618427633546,3.5361250032445324,0,1,canonical_v2_cambridge_prices_freeze_last
2020-01-28,8969.6,0.0489827804779925,163312956116.36615,75.5664564788685,54.0,0.044022500000000006,9114039.26120819,4543318276.579148,35.94574409594989,3.5820106931799787,0,1,canonical_v2_cambridge_prices_freeze_last
2020-01-29,9036.59,0.0074685604709239,164544644287.65262,76.3923384268311,57.0,0.044022500000000006,9213648.543548418,4552531925.122697,36.1435453927581,3.5874983819782793,0,1,canonical_v2_cambridge_prices_freeze_last
2020-01-30,9350.0,0.0346823303923271,170263820945.62292,76.7006826416094,57.0,0.044022500000000006,9250837.81257603,4561782762.935273,37.323965167527376,3.619635618125369,0,1,canonical_v2_cambridge_prices_freeze_last
2020-01-31,9545.14,0.0208705882352939,173829964465.5671,76.6086234935508,55.0,0.044022500000000006,9239734.596561207,4571022497.531835,38.02868276396106,3.6383406845788255,0,1,canonical_v2_cambridge_prices_freeze_last
2020-02-01,9383.8,-0.0169028427031976,170904161836.71634,75.9188262946293,57.0,0.044407,9236513.203467406,4580259010.735302,37.31320902074485,3.6193473932032987,0,1,canonical_v2_cambridge_prices_freeze_last
2020-02-02,9355.14,-0.0030541997911294,170394560497.28174,76.1521481227076,57.0,0.044407,9264899.840233086,4589523910.575535,37.12684884474519,3.614340396414715,0,1,canonical_v2_cambridge_prices_freeze_last
2020-02-03,9460.4,0.011251568656375,172324273999.4115,77.7618796693395,59.0,0.044407,9460744.631442081,4598984655.206977,37.470069356353626,3.623542463787433,0,1,canonical_v2_cambridge_prices_freeze_last
2020-02-04,9269.25,-0.0202052767324848,168854663230.54984,76.9445079816693,56.0,0.044407,9361300.728608187,4608345955.935585,36.64105621520531,3.6011693662246502,0,1,canonical_v2_cambridge_prices_freeze_last
2020-02-05,9136.87,-0.0142816301210992,166455211597.5597,76.9297542703017,53.0,0.044407,9359505.747619966,4617705461.683205,36.047169525811405,3.5848283454143957,0,1,canonical_v2_cambridge_prices_freeze_last
2020-02-06,9689.0,0.0604287901655598,176526690057.08536,75.3983559707042,61.0,0.044407,9173191.215317978,4626878652.898522,38.152435648274384,3.6415895996839898,0,1,canonical_v2_cambridge_prices_freeze_last
2020-02-07,9720.5,0.0032511095056249,177113424559.48972,75.0744778921092,56.0,0.044407,9133787.232205188,4636012440.130728,38.20382858042879,3.642935735208933,0,1,canonical_v2_cambridge_prices_freeze_last
2020-02-08,9611.5,-0.0112134149477907,175140055287.37875,74.4841787711585,56.0,0.044407,9061969.662166674,4645074409.792894,37.7044671056599,3.629778578300787,0,1,canonical_v2_cambridge_prices_freeze_last
2020-02-09,9932.86,0.0334349477188784,181008948569.238,75.5436217134008,56.0,0.044407,9190864.683361616,4654265274.476256,38.89098233439368,3.6607624071542166,0,1,canonical_v2_cambridge_prices_freeze_last
2020-02-10,10099.25,0.0167514693653187,184054422153.0719,73.8864059090607,57.0,0.044407,8989242.8142566,4663254517.290513,39.469092126674845,3.6755178878058277,0,1,canonical_v2_cambridge_prices_freeze_last
2020-02-11,9861.48,-0.0235433324256751,179734155960.25787,75.419035306154,52.0,0.044407,9175707.125590086,4672430224.416103,38.466953454124315,3.6497995208579326,0,1,canonical_v2_cambridge_prices_freeze_last
2020-02-12,10234.75,0.0378513164352611,186550803849.72937,74.1872769267341,61.0,0.044407,9025847.689001318,4681456072.105104,39.84888482908338,3.685094420630942,0,1,canonical_v2_cambridge_prices_freeze_last
2020-02-13,10387.25,0.0149002173966144,189344119129.31107,74.6975110055083,65.0,0.044407,9087924.304716732,4690543996.4098215,40.36719819156083,3.698017529225242,0,1,canonical_v2_cambridge_prices_freeze_last
2020-02-14,10173.48,-0.0205800380273893,185460790068.84955,74.4478158455322,63.0,0.044407,9057545.63904808,4699601542.048869,39.46308818087476,3.675365758578223,0,1,canonical_v2_cambridge_prices_freeze_last
2020-02-15,10316.0,0.0140089723477119,188072466263.18985,74.7311764179489,64.0,0.044407,9092020.140251663,4708693562.189121,39.94153872603104,3.68741685318525,0,1,canonical_v2_cambridge_prices_freeze_last
2020-02-16,9921.9,-0.0382027917797596,180900609847.7625,73.9539539211497,59.0,0.044407,8997460.908976698,4717691023.098098,38.345158460370186,3.6466282736993567,0,1,canonical_v2_cambridge_prices_freeze_last
2020-02-17,9756.41,-0.0166792650601195,177896133950.7989,76.6674308986775,49.0,0.044407,9327590.695664579,4727018613.793762,37.63389749126137,3.627905173285544,0,1,canonical_v2_cambridge_prices_freeze_last
2020-02-18,9640.01,-0.011930617921961,175786377592.23315,77.0719427394755,53.0,0.044407,9376804.825292848,4736395418.619055,37.11395735693991,3.6139931079464347,0,1,canonical_v2_cambridge_prices_freeze_last
2020-02-19,10153.52,0.0532686169412688,185163597008.90057,77.2172740989639,50.0,0.044407,9394486.276473124,4745789904.895528,39.01639152165053,3.6639818532572006,0,1,canonical_v2_cambridge_prices_freeze_last
2020-02-20,9620.73,-0.0524734279343519,175460045498.3786,76.2729301114238,44.0,0.044407,9279594.540980812,4755069499.436508,36.89957539404444,3.6082000440438113,0,1,canonical_v2_cambridge_prices_freeze_last
2020-02-21,9609.0,-0.0012192421988767,175258712996.40887,77.9617002948183,44.0,0.044407,9485055.410936976,4764554554.8474455,36.783861109975355,3.605059192186581,0,1,canonical_v2_cambridge_prices_freeze_last
2020-02-22,9669.0,0.0062441461130191,176365722433.01758,78.6510839334795,43.0,0.044407,9568927.902011024,4774123482.749456,36.94201104564793,3.609349414156811,0,1,canonical_v2_cambridge_prices_freeze_last
2020-02-23,9910.05,0.0249301892646602,180775531362.77524,78.8741367598001,46.0,0.044407,9596065.181075186,4783719547.9305315,37.78974280400278,3.6320377114108164,0,1,canonical_v2_cambridge_prices_freeze_last
2020-02-24,9903.8,-0.0006306729027603,180674484883.63504,77.6557209826707,46.0,0.044407,9447829.045691665,4793167376.976223,37.694173950923826,3.6295055454011016,0,1,canonical_v2_cambridge_prices_freeze_last
2020-02-25,9614.6,-0.0292009127809526,175411204233.20364,76.9353545391586,44.0,0.044407,9360187.093206618,4802527564.069429,36.52476782133629,3.5979906009111873,0,1,canonical_v2_cambridge_prices_freeze_last
2020-02-26,9383.34,-0.0240530027250224,171204308890.23874,76.2932603896838,41.0,0.044407,9282067.983903255,4811809632.053332,35.580025392064634,3.5717843958986104,0,1,canonical_v2_cambridge_prices_freeze_last
2020-02-27,8772.8,-0.0650663836118057,160076130619.71194,77.6514294094824,39.0,0.044407,9447306.91996407,4821256938.973296,33.20215716480788,3.50261484865528,0,1,canonical_v2_cambridge_prices_freeze_last
2020-02-28,8750.93,-0.0024929327010759,159688504552.34354,77.6678256684068,40.0,0.044407,9449301.738238195,4830706240.7115345,33.056968607725224,3.4982323945325335,0,1,canonical_v2_cambridge_prices_freeze_last
2020-02-29,8666.05,-0.0096995405059806,158150916120.19464,76.7092527375993,38.0,0.044407,9332678.866626225,4840038919.57816,32.6755463639905,3.4866269805331664,0,1,canonical_v2_cambridge_prices_freeze_last
2020-03-01,8636.11,-0.0034548612112783,157615798891.3569,79.0996108203468,39.0,0.045296,9816153.347173778,4849855072.925334,32.499073997336225,3.4812115965401214,0,1,canonical_v2_cambridge_prices_freeze_last
2020-03-02,8491.12,-0.0167888088502808,154980695101.97476,79.6651511236926,38.0,0.045296,9886336.124106247,4859741409.04944,31.890728756345247,3.462315332951052,0,1,canonical_v2_cambridge_prices_freeze_last
2020-03-03,8941.51,0.053042472606676,163212914160.94525,80.0100832350468,38.0,0.045296,9929141.726615565,4869670550.776056,33.51621274152412,3.5120292841925287,0,1,canonical_v2_cambridge_prices_freeze_last
2020-03-04,8737.0,-0.0228719757624831,159491300039.74612,82.0086539410585,40.0,0.045296,10177161.613463523,4879847712.38952,32.68366339277581,3.486875362631336,0,1,canonical_v2_cambridge_prices_freeze_last
2020-03-05,8726.0,-0.0012590133913242,159301866318.38013,82.8778120143025,41.0,0.045296,10285022.939725606,4890132735.329246,32.57618452102294,3.4835814852361477,0,1,canonical_v2_cambridge_prices_freeze_last
2020-03-06,9111.37,0.0441634196653679,166349045870.44702,82.3225817964954,39.0,0.045296,10216119.630285084,4900348854.959531,33.946368063589794,3.5247818693008908,0,1,canonical_v2_cambridge_prices_freeze_last
2020-03-07,9164.4,0.0058202004747911,167329158432.67606,83.3561398040416,38.0,0.045296,10344382.763188682,4910693237.722719,34.074447401294634,3.528547760321079,0,1,canonical_v2_cambridge_prices_freeze_last
2020-03-08,8887.07,-0.0302616647025446,162277060868.65872,81.58084114728,33.0,0.045296,10124070.631800534,4920817308.35452,32.97766421711007,3.4958304903998325,0,1,canonical_v2_cambridge_prices_freeze_last
2020-03-09,8342.9,-0.0612316545273076,152351416193.88342,81.7863017613362,17.0,0.045296,10149568.012552015,4930966876.367072,30.896864654286524,3.430654711256707,0,1,canonical_v2_cambridge_prices_freeze_last
2020-03-10,7853.34,-0.0586798355487899,143421666980.37845,80.907712120147,16.0,0.045296,10040536.241627887,4941007412.6087,29.026806682051955,3.368219771367768,0,1,canonical_v2_cambridge_prices_freeze_last
2020-03-11,7994.39,0.0179605110691756,146007978641.48355,77.9720472190822,17.0,0.045296,9676224.248864513,4950683636.857564,29.492488179705582,3.384135592943938,0,1,canonical_v2_cambridge_prices_freeze_last
2020-03-12,7896.0,-0.0123073805506112,144221255426.15988,77.8535983859304,14.0,0.045296,9661524.91092905,4960345161.768493,29.07484272218291,3.3698732890068785,0,1,canonical_v2_cambridge_prices_freeze_last
2020-03-13,5722.46,-0.2752710233029382,104528749650.6722,76.2757813047466,10.0,0.045296,9465719.972547403,4969810881.74104,21.032741916741376,3.0460803624207284,0,1,canonical_v2_cambridge_prices_freeze_last
2020-03-14,5570.19,-0.0266091855600564,101754550491.22607,74.7869359109021,8.0,0.045296,9280956.29868554,4979091838.039725,20.43636747445232,3.0173160330279787,0,1,canonical_v2_cambridge_prices_freeze_last
2020-03-15,5290.26,-0.0502550182309758,96647733051.446,72.4016169419943,12.0,0.045296,8984941.482204312,4988076779.52193,19.375750880223816,2.964022329596777,0,1,canonical_v2_cambridge_prices_freeze_last
2020-03-16,5283.7,-0.0012400146684662,96534736038.30112,69.9514014317493,9.0,0.045296,8680873.09384251,4996757652.615772,19.31947529769945,2.961113669911404,0,1,canonical_v2_cambridge_prices_freeze_last
2020-03-17,4896.0,-0.0733766110869277,89457686384.89238,67.8117713472631,8.0,0.045296,8415347.93135789,5005173000.547131,17.87304582181545,2.883293757950015,0,1,canonical_v2_cambridge_prices_freeze_last
2020-03-18,5464.78,0.1161723856209149,99857274774.63065,64.8503691954789,11.0,0.045296,8047841.981036747,5013220842.528168,19.918786327448647,2.991663322963391,0,1,canonical_v2_cambridge_prices_freeze_last
2020-03-19,5334.44,-0.0238509144009456,97482490976.01996,59.8159990418279,12.0,0.045296,7423083.541366128,5020643926.069534,19.41633232937417,2.9661145845414247,0,1,canonical_v2_cambridge_prices_freeze_last
2020-03-20,6252.74,0.172145529802566,114271754115.06592,56.9593130438326,9.0,0.045296,7068572.7222834015,5027712498.791818,22.728378789066785,3.123614310598628,0,1,canonical_v2_cambridge_prices_freeze_last
2020-03-21,6087.6,-0.0264108214958561,111261613948.9001,54.6609597797931,9.0,0.045296,6783350.230645229,5034495849.022463,22.09985215709405,3.0955709187770797,0,1,canonical_v2_cambridge_prices_freeze_last
2020-03-22,6333.23,0.0403492345094946,115759119328.17632,53.1773105888608,11.0,0.045296,6599231.398446683,5041095080.42091,22.96308986072743,3.1338881382125074,0,1,canonical_v2_cambridge_prices_freeze_last
2020-03-23,6021.0,-0.0493002780571681,110059939796.90524,50.9826171040435,10.0,0.045296,6326872.943410286,5047421953.36432,21.805179121897197,3.0821475159776686,0,1,canonical_v2_cambridge_prices_freeze_last
2020-03-24,6405.78,0.063906327852516,117101736720.55228,50.8069887797952,12.0,0.045296,6305077.708957817,5053727031.073277,23.17136165062777,3.1429171045478115,0,1,canonical_v2_cambridge_prices_freeze_last
2020-03-25,6751.94,0.0540386963024017,123438475016.2308,50.0265863560824,13.0,0.045296,6208230.837219475,5059935261.910497,24.395267652025993,3.194389164801218,0,1,canonical_v2_cambridge_prices_freeze_last
2020-03-26,6603.13,-0.0220395915840483,120726458472.68137,51.4879435349365,14.0,0.045296,6389583.261256119,5066324845.171753,23.829198119369433,3.170911640497032,0,1,canonical_v2_cambridge_prices_freeze_last
2020-03-27,6741.29,0.0209234105643838,123261158839.92322,52.6770124959286,12.0,0.045296,6537145.09045365,5072861990.262207,24.29814946208542,3.1904001936230078,0,1,canonical_v2_cambridge_prices_freeze_last
2020-03-28,6239.49,-0.0744367917713079,114094033980.78622,52.015175311119,8.0,0.045296,6455012.002445059,5079317002.264652,22.462475551322456,3.1118461636871575,0,1,canonical_v2_cambridge_prices_freeze_last
2020-03-29,6125.23,-0.0183123941219555,112012588434.70024,52.2062553504603,12.0,0.045296,6478724.773573835,5085795727.038226,22.02459446792058,3.092159759299525,0,1,canonical_v2_cambridge_prices_freeze_last
2020-03-30,6106.77,-0.0030137643810924,111682870747.29228,53.2726415077709,10.0,0.045296,6611061.834893125,5092406788.873119,21.931254783360735,3.087912778456437,0,1,canonical_v2_cambridge_prices_freeze_last
2020-03-31,6477.8,0.0607571596768832,118476740327.22488,53.7607519785591,12.0,0.045296,6671635.675673461,5099078424.548793,23.23493197453786,3.145656834817479,0,1,canonical_v2_cambridge_prices_freeze_last
2020-04-01,6475.5,-0.0003550588162648,118443002771.00166,56.3764054180597,12.0,0.045568000000000004,7038246.690657931,5106116671.23945,23.196297773245163,3.1439926871987898,0,1,canonical_v2_cambridge_prices_freeze_last
2020-04-02,6345.37,-0.0200957455022778,116070959742.31612,56.3010266776192,14.0,0.045568000000000004,7028836.119577402,5113145507.359028,22.70050002982753,3.122386951990456,0,1,canonical_v2_cambridge_prices_freeze_last
2020-04-03,6742.87,0.0626441011320064,123350784994.58447,55.3997488786107,14.0,0.045568000000000004,6916317.14219324,5120061824.501221,24.091659285110467,3.1818656928396685,0,1,canonical_v2_cambridge_prices_freeze_last
2020-04-04,6742.0,-0.0001290251777061,123343528720.32324,57.3145300593453,12.0,0.045568000000000004,7155365.7691623205,5127217190.270383,24.056622558214418,3.180410324891366,0,1,canonical_v2_cambridge_prices_freeze_last
2020-04-05,6871.65,0.0192301987540788,125724270703.07578,60.0920714507762,12.0,0.045568000000000004,7502124.690051974,5134719314.960435,24.485130148549228,3.1980660005801878,0,1,canonical_v2_cambridge_prices_freeze_last
2020-04-06,6802.75,-0.0100267039211833,124472399481.60805,60.4134975149782,12.0,0.045568000000000004,7542252.752774046,5142261567.713209,24.205769745968325,3.1865910240001765,0,1,canonical_v2_cambridge_prices_freeze_last
2020-04-07,7242.0,0.0645694755797288,132518805062.29752,62.774667327024,20.0,0.045568000000000004,7837030.248651588,5150098597.961861,25.731314176148302,3.247708700626659,0,1,canonical_v2_cambridge_prices_freeze_last
2020-04-08,7113.37,-0.0177616680475006,130174168758.67982,64.2424875524239,21.0,0.045568000000000004,8020278.555585897,5158118876.5174465,25.236752365538376,3.228301359249227,0,1,canonical_v2_cambridge_prices_freeze_last
2020-04-09,7324.75,0.029715873067196,134051793071.044,66.5942963464086,22.0,0.045568000000000004,8313887.386063417,5166432763.90351,25.946682981655773,3.2560437779988476,0,1,canonical_v2_cambridge_prices_freeze_last
2020-04-10,7298.9,-0.0035291306870541,133588054451.63968,70.5357154938746,15.0,0.045568000000000004,8805949.270205146,5175238713.173716,25.81292609973479,3.250875378080783,0,1,canonical_v2_cambridge_prices_freeze_last
2020-04-11,6921.43,-0.0517160120018084,126688273070.42682,72.4417281682782,15.0,0.045568000000000004,9043903.203211235,5184282616.376926,24.436992047891835,3.1960980517655404,0,1,canonical_v2_cambridge_prices_freeze_last
2020-04-12,6794.71,-0.0183083553543126,124377512853.5506,72.2268982576376,10.0,0.045568000000000004,9017083.013161728,5193299699.390088,23.949612010290444,3.1759521237378303,0,1,canonical_v2_cambridge_prices_freeze_last
2020-04-13,7119.83,0.0478489884042143,130337956391.61353,75.7516535619861,11.0,0.045568000000000004,9457126.98496598,5202756826.375054,25.051710226177267,3.220942097702499,0,1,canonical_v2_cambridge_prices_freeze_last
2020-04-14,6825.25,-0.0413745833819065,124954002241.92078,76.3827415096471,15.0,0.045568000000000004,9535914.424963288,5212292740.800017,23.972944048944957,3.1769258631380923,0,1,canonical_v2_cambridge_prices_freeze_last
2020-04-15,6868.7,0.0063660671770264,125758243683.28976,78.2997082429189,18.0,0.045568000000000004,9775235.90469405,5222067976.704711,24.082077108970758,3.181467875398742,0,1,canonical_v2_cambridge_prices_freeze_last
2020-04-16,6766.99,-0.0148077511028287,123904688726.9962,78.2997082429189,13.0,0.045568000000000004,9775235.90469405,5231843212.609405,23.682798526601527,3.164748984055002,0,1,canonical_v2_cambridge_prices_freeze_last
2020-04-17,7057.49,0.0429289831963695,129232799549.97185,75.8205613631548,15.0,0.045568000000000004,9465729.699167777,5241308942.308573,24.65658883543131,3.2050441603266298,0,1,canonical_v2_cambridge_prices_freeze_last
2020-04-18,7061.69,0.0005951124266558,129318717201.1698,75.7516964910897,18.0,0.045568000000000004,9457132.344399935,5250766074.652973,24.628542837859438,3.2039060482978288,0,1,canonical_v2_cambridge_prices_freeze_last
2020-04-19,7241.6,0.0254769042537976,132622592536.2698,75.682831430739,16.0,0.045568000000000004,9448534.966125794,5260214609.619099,25.212391960919106,3.2273356181315993,0,1,canonical_v2_cambridge_prices_freeze_last
2020-04-20,7159.5,-0.0113372735307114,131128139657.46576,74.9941795092331,15.0,0.045568000000000004,9362561.018840369,5269577170.637939,24.883996459547298,3.214224884374484,0,1,canonical_v2_cambridge_prices_freeze_last
2020-04-21,6862.0,-0.0415531810880648,125688090699.9753,74.3491207743689,17.0,0.045568000000000004,9282029.412182033,5278859200.050121,23.80970697206357,3.170093353495849,0,1,canonical_v2_cambridge_prices_freeze_last
2020-04-22,6890.75,0.0041897406004081,126223466034.2598,72.3974346161377,19.0,0.045568000000000004,9038373.42626894,5287897573.47639,23.870255480625257,3.1726331432941013,0,1,canonical_v2_cambridge_prices_freeze_last
2020-04-23,7116.25,0.0327250299314298,130363190432.47366,72.292099528886,19.0,0.045568000000000004,9025222.989951445,5296922796.466341,24.61111770770776,3.203198280182207,0,1,canonical_v2_cambridge_prices_freeze_last
2020-04-24,7536.36,0.059035306516775,138068809204.07333,74.1940100515564,20.0,0.045568000000000004,9262664.794600883,5306185461.2609415,26.02035119429527,3.258878970083792,0,1,canonical_v2_cambridge_prices_freeze_last
2020-04-25,7529.68,-0.0008863695471021,137956004037.8717,73.3695558834284,24.0,0.045568000000000004,9159736.773961825,5315345198.034904,25.95428874287871,3.2563368654314973,0,1,canonical_v2_cambridge_prices_freeze_last
2020-04-26,7551.75,0.0029310674557219,138369960720.75763,73.0322360950482,21.0,0.045568000000000004,9117624.477751115,5324462822.512654,25.98759073604721,3.2576191447046243,0,1,canonical_v2_cambridge_prices_freeze_last
2020-04-27,7632.0,0.0106266759360413,139850069176.8412,72.475429053063,28.0,0.045568000000000004,9048110.550931437,5333510933.063585,26.221014812190678,3.2665611813314603,0,1,canonical_v2_cambridge_prices_freeze_last
2020-04-28,7705.88,0.0096802935010482,141213643828.69632,73.0525204730399,26.0,0.045568000000000004,9120156.857302692,5342631089.920888,26.43147944373366,3.2745557029759627,0,1,canonical_v2_cambridge_prices_freeze_last
2020-04-29,7719.0,0.0017025959397238,141463870549.88916,74.1952142651355,26.0,0.045568000000000004,9262815.133242998,5351893905.054131,26.43248783693113,3.2745938534686125,0,1,canonical_v2_cambridge_prices_freeze_last
2020-04-30,8930.25,0.1569179945588807,163673426301.9711,73.7776924530191,44.0,0.045568000000000004,9210690.108764863,5361104595.162895,30.529795380162312,3.4187031044695706,0,1,canonical_v2_cambridge_prices_freeze_last
2020-05-01,8822.69,-0.0120444556423391,161713256100.3647,73.7606220127508,40.0,0.0465405,9405085.558313502,5370509680.721209,30.111342444996417,3.404901926189128,0,1,canonical_v2_cambridge_prices_freeze_last
2020-05-02,9648.0,0.0935440324889573,176852793987.27246,74.8628611305279,40.0,0.0465405,9545630.105329681,5380055310.826538,32.87192858991306,3.4926190592105653,0,1,canonical_v2_cambridge_prices_freeze_last
2020-05-03,10000.0,0.0364842454394693,183317802641.9884,77.3990601219833,45.0,0.0465405,9869016.322211407,5389924327.148749,34.01120155224199,3.526689927775865,0,1,canonical_v2_cambridge_prices_freeze_last
2020-05-04,8843.0,-0.1157,162119129795.13046,78.7810087858757,44.0,0.0465405,10045226.135339858,5399969553.284089,30.022230346934972,3.4019381188131392,0,1,canonical_v2_cambridge_prices_freeze_last
2020-05-05,8918.22,0.0085061630668323,163509428352.4206,79.285968853873,40.0,0.0465405,10109612.694366235,5410079165.978456,30.223111961218155,3.4086069284196805,0,1,canonical_v2_cambridge_prices_freeze_last
2020-05-06,8939.0,0.0023300613799615,163901723090.05283,80.1739368630866,42.0,0.0465405,10222835.913908169,5420302001.892364,30.238485426242047,3.409115464945988,0,1,canonical_v2_cambridge_prices_freeze_last
2020-05-07,9250.0,0.0347913636872132,169615783139.1539,81.2761474442232,49.0,0.0465405,10363376.822268136,5430665378.714632,31.232965264985587,3.44147411603465,0,1,canonical_v2_cambridge_prices_freeze_last
2020-05-08,9806.41,0.0601524324324325,179830978300.3999,81.0691642570636,55.0,0.0465405,10336984.764673613,5441002363.479305,33.05107520398229,3.4980540984154884,0,1,canonical_v2_cambridge_prices_freeze_last
2020-05-09,10000.0,0.0197411692964091,183393683973.80008,80.258329375756,56.0,0.0465405,10233596.65291061,5451235960.1322155,33.64258772048312,3.515792756060735,0,1,canonical_v2_cambridge_prices_freeze_last
2020-05-10,9648.0,-0.0352,176950407758.1728,80.5265036997025,48.0,0.0465405,10267791.083386311,5461503751.215602,32.399576347226315,3.4781453470099044,0,1,canonical_v2_cambridge_prices_freeze_last
2020-05-11,8493.48,-0.1196641791044776,155786501158.4846,80.5595163908939,40.0,0.0465405,10272000.472850405,5471775751.688453,28.470922096983376,3.348883289138597,0,1,canonical_v2_cambridge_prices_freeze_last
2020-05-12,8634.0,0.0165444552762825,158374794810.63022,79.6616793446888,39.0,0.0465405,10157518.869976683,5481933270.55843,28.890317884970717,3.3635065177049297,0,1,canonical_v2_cambridge_prices_freeze_last
2020-05-13,8817.13,0.021210331248552,161745093241.80768,76.998680995638,41.0,0.0465405,9817964.692815041,5491751235.251245,29.45237071256523,3.3827744064354452,0,1,canonical_v2_cambridge_prices_freeze_last
2020-05-14,9295.61,0.054267091445856,170534243281.93317,74.4878542740814,40.0,0.0465405,9497813.648884617,5501249048.900129,30.99918614228677,3.4339609506658975,0,1,canonical_v2_cambridge_prices_freeze_last
2020-05-15,9656.5,0.0388237028016449,177167177351.60223,73.5748265999708,44.0,0.0465405,9381395.11609847,5510630444.016228,32.150074143328006,3.470414756849803,0,1,canonical_v2_cambridge_prices_freeze_last
2020-05-16,9238.74,-0.0432620514679231,169514193366.33966,72.8139709335098,41.0,0.0465405,9284379.765016474,5519914823.781244,30.7095668643342,3.424574230293815,0,1,canonical_v2_cambridge_prices_freeze_last
2020-05-17,9379.72,0.0152596566198419,172112725198.7303,67.5669755242411,40.0,0.0465405,8615344.724345049,5528530168.5055895,31.131733019963583,3.4382276533171985,0,1,canonical_v2_cambridge_prices_freeze_last
2020-05-18,9748.47,0.0393135402762556,178891347416.2297,65.0450468392673,50.0,0.0465405,8293778.088829917,5536823946.5944195,32.30937973497638,3.47535758234407,0,1,canonical_v2_cambridge_prices_freeze_last
2020-05-19,9682.1,-0.0068082478583817,177685583187.10535,61.604624277179,50.0,0.0465405,7855095.934717943,5544679042.529138,32.04614402821344,3.4671768649965284,0,1,canonical_v2_cambridge_prices_freeze_last
2020-05-20,9683.58,0.0001528594003366,177724912586.0362,59.3154385084372,52.0,0.0465405,7563205.933977867,5552242248.463116,32.00957462459986,3.466035065064979,0,1,canonical_v2_cambridge_prices_freeze_last
2020-05-21,9587.25,-0.0099477672513678,175968988241.7679,58.3308192225066,49.0,0.0465405,7437658.88226046,5559679907.345376,31.65092076780895,3.454767240356872,0,1,canonical_v2_cambridge_prices_freeze_last
2020-05-22,9060.0,-0.0549949151216458,166302962756.7803,55.1978636933781,42.0,0.0465405,7038181.30197716,5566718088.647353,29.874507763548337,3.3970055335819884,0,1,canonical_v2_cambridge_prices_freeze_last
2020-05-23,9178.32,0.0130596026490066,168486330530.20416,52.2800889424249,40.0,0.0465405,6666141.039520345,5573384229.686873,30.230524863646473,3.4088521709842245,0,1,canonical_v2_cambridge_prices_freeze_last
2020-05-24,9233.84,0.006049037296586,169517091957.277,51.0934151696753,43.0,0.0465405,6514830.380011708,5579899060.066885,30.37995672187752,3.4137830726069516,0,1,canonical_v2_cambridge_prices_freeze_last
2020-05-25,8937.49,-0.032093906760351,164087830533.8512,48.5619018418057,41.0,0.0465405,6192041.623749474,5586091101.690635,29.374356333750068,3.3801220601816997,0,1,canonical_v2_cambridge_prices_freeze_last
2020-05-26,8905.5,-0.0035793047041171,163511669108.67212,47.7306884993939,39.0,0.0465405,6086055.090701484,5592177156.781336,29.239357860898632,3.3755156736588527,0,1,canonical_v2_cambridge_prices_freeze_last
2020-05-27,8858.25,-0.0053057099545225,162655218063.44357,48.5744558111209,39.0,0.0465405,6193642.358020471,5598370799.139357,29.054027305309738,3.3691571072626596,0,1,canonical_v2_cambridge_prices_freeze_last
2020-05-28,9167.45,0.034905314255073,168344225816.9327,48.10813264122,41.0,0.0465405,6134182.32106493,5604504981.460422,30.037305056166723,3.4024401110262703,0,1,canonical_v2_cambridge_prices_freeze_last
2020-05-29,9442.25,0.0299756202651773,173402263054.13437,48.7326591672097,48.0,0.0465405,6213814.58622335,5610718796.046645,30.905534452433244,3.430935276358674,0,1,canonical_v2_cambridge_prices_freeze_last
2020-05-30,9415.75,-0.0028065344594773,172927379528.7295,50.6648640068871,48.0,0.0465405,6460186.584417887,5617178982.631063,30.785449433503903,3.427042157363442,0,1,canonical_v2_cambridge_prices_freeze_last
2020-05-31,9430.72,0.0015898892812573,173214103942.3867,52.4343789878787,51.0,0.0465405,6685814.288453065,5623864796.919517,30.799834312742558,3.427509310508649,0,1,canonical_v2_cambridge_prices_freeze_last
2020-06-01,9493.54,0.0066612093244207,174379781270.68268,52.8277161722387,50.0,0.045574,6596083.11461262,5630460880.034129,30.970782851727346,3.4330442714094946,0,1,canonical_v2_cambridge_prices_freeze_last
2020-06-02,9679.2,0.0195564562850105,177802120002.18518,53.0043481738054,56.0,0.045574,6618137.434720568,5637079017.46885,31.54153409082804,3.4513052198836722,0,1,canonical_v2_cambridge_prices_freeze_last
2020-06-03,9519.27,-0.0165230597570047,174876167735.54178,52.9527574703819,48.0,0.045574,6611695.80535667,5643690713.274207,30.986135956073106,3.4335398772257766,0,1,canonical_v2_cambridge_prices_freeze_last
2020-06-04,9584.0,0.0067998911681252,176077264555.51596,53.5558493118701,54.0,0.045574,6686998.017915528,5650377711.292123,31.162034389954222,3.4392005073807876,0,1,canonical_v2_cambridge_prices_freeze_last
2020-06-05,9785.36,0.0210100166944908,179788854176.95236,55.3817970799952,53.0,0.045574,6914986.356503292,5657292697.648626,31.780016305622485,3.458837674186553,0,1,canonical_v2_cambridge_prices_freeze_last
2020-06-06,9713.59,-0.0073344261222888,178482314208.8245,56.447234247504,54.0,0.045574,7048017.133139034,5664340714.781765,31.50981256177861,3.4502990072201865,0,1,canonical_v2_cambridge_prices_freeze_last
2020-06-07,9702.79,-0.0011118443335573,178295958557.80344,56.0186591957762,54.0,0.045574,6994505.134762479,5671335219.916528,31.43809202666522,3.448020279544755,0,1,canonical_v2_cambridge_prices_freeze_last
2020-06-08,9535.75,-0.0172156668339725,175238349879.68512,56.7231065727182,53.0,0.045574,7082462.6272467375,5678417682.543775,30.86041916542905,3.4294744296499324,0,1,canonical_v2_cambridge_prices_freeze_last
2020-06-09,9701.86,0.0174197100385391,178303027392.55942,57.6007563434784,52.0,0.045574,7192046.218075849,5685609728.76185,31.36040563786433,3.44554613027943,0,1,canonical_v2_cambridge_prices_freeze_last
2020-06-10,9757.5,0.0057349827764985,179337731947.59558,58.2631421245561,54.0,0.045574,7274751.888176767,5692884480.650027,31.502085200773013,3.4500537404906093,0,1,canonical_v2_cambridge_prices_freeze_last
2020-06-11,9865.36,0.0110540609787344,181332410305.4214,59.7093035946479,52.0,0.045574,7455320.005541051,5700339800.655568,31.810807188120126,3.459806080733671,0,1,canonical_v2_cambridge_prices_freeze_last
2020-06-12,9338.51,-0.0534040318853037,171660135938.07666,59.0505281135075,38.0,0.045574,7373065.118479427,5707712865.774048,30.075117647810597,3.4036981736672427,0,1,canonical_v2_cambridge_prices_freeze_last
2020-06-13,9461.83,0.0132055327884212,173938754647.73923,57.3027213642412,38.0,0.045574,7154833.488914873,5714867699.262962,30.436182218211602,3.4156321052266874,0,1,canonical_v2_cambridge_prices_freeze_last
2020-06-14,9397.69,-0.0067788155145462,172771325848.6506,57.9811751308655,40.0,0.045574,7239545.412093328,5722107244.6750555,30.193653921713917,3.407631767256777,0,1,canonical_v2_cambridge_prices_freeze_last
2020-06-15,9380.0,-0.0018823774778695,172457747430.8562,56.9078515598016,37.0,0.045574,7105529.936949036,5729212774.612004,30.10147366058253,3.404574129379726,0,1,canonical_v2_cambridge_prices_freeze_last
2020-06-16,9488.7,0.0115884861407249,174468043410.9356,56.8641884919905,39.0,0.045574,7100078.154339658,5736312852.766344,30.4146666838086,3.41492494877159,0,1,canonical_v2_cambridge_prices_freeze_last
2020-06-17,9491.79,0.0003256505106072,174536629027.90454,56.5947983069708,38.0,0.045574,7066442.022032568,5743379294.788377,30.389187283222185,3.4140868636695636,0,1,canonical_v2_cambridge_prices_freeze_last
2020-06-18,9370.54,-0.0127741974906735,172318677802.4177,54.2956979597982,40.0,0.045574,6779375.72279409,5750158670.511171,29.967638751627543,3.40011809115856,0,1,canonical_v2_cambridge_prices_freeze_last
2020-06-19,9338.36,-0.0034341670810861,171738475437.31134,54.2330399887586,39.0,0.045574,6771552.231363519,5756930222.742535,29.83160621938147,3.3955684428491164,0,1,canonical_v2_cambridge_prices_freeze_last
2020-06-20,9314.94,-0.0025079350121434,171319300777.64606,54.0808332857505,38.0,0.045574,6752547.660725462,5763682770.40326,29.72392957804296,3.391952431097253,0,1,canonical_v2_cambridge_prices_freeze_last
2020-06-21,9316.33,0.0001492226466299,171356396019.7696,53.8374127988965,37.0,0.045574,6722154.112046327,5770404924.515306,29.695731627388856,3.3910033192309506,0,1,canonical_v2_cambridge_prices_freeze_last
2020-06-22,9307.5,-0.0009477981136348,171205498878.33325,55.0277380364209,38.0,0.045574,6870778.447320127,5777275702.962626,29.63429610785892,3.3889323429030154,0,1,canonical_v2_cambridge_prices_freeze_last
2020-06-23,9641.66,0.0359022293849047,177364079821.19702,56.1374048080413,41.0,0.045574,7009331.744442944,5784285034.707069,30.663094705217823,3.423059804593191,0,1,canonical_v2_cambridge_prices_freeze_last
2020-06-24,9630.0,-0.0012093353219259,177161488956.67923,56.0672541703566,50.0,0.045574,7000572.716602278,5791285607.423672,30.591046784082163,3.4207073773904093,0,1,canonical_v2_cambridge_prices_freeze_last
2020-06-25,9289.17,-0.0353925233644859,170902771919.4089,57.0876898261981,43.0,0.045574,7127984.592162062,5798413592.015834,29.474056861817285,3.3835104480087694,0,1,canonical_v2_cambridge_prices_freeze_last
2020-06-26,9275.58,-0.0014629940026934,170664195063.4773,58.2781979227665,40.0,0.045574,7276631.759266193,5805690223.7751,29.396021572867244,3.3808593445371966,0,1,canonical_v2_cambridge_prices_freeze_last
2020-06-27,9207.4,-0.0073504837433346,169421093967.40277,58.2362284059032,43.0,0.045574,7271391.433892144,5812961615.208992,29.145400431361978,3.3722971106847215,0,1,canonical_v2_cambridge_prices_freeze_last
2020-06-28,8944.49,-0.0285542063992005,164594442668.89008,58.35575200808,40.0,0.045574,7286315.183606132,5820247930.392598,28.27962736937695,3.342141664469742,0,1,canonical_v2_cambridge_prices_freeze_last
2020-06-29,9160.0,0.0240941629986728,168571502069.19696,58.1295503060908,41.0,0.045574,7258071.577122691,5827506001.969721,28.926868889061478,3.364770882541734,0,1,canonical_v2_cambridge_prices_freeze_last
2020-06-30,9178.25,0.0019923580786025,168918668064.7437,57.0108543927793,44.0,0.045574,7118390.898894587,5834624392.868615,28.95107837124957,3.3656074527639337,0,1,canonical_v2_cambridge_prices_freeze_last
2020-07-01,9147.13,-0.0033906245744015,168357195777.7939,57.3887301159568,42.0,0.0451065,7092067.821850426,5841716460.690466,28.81981638627747,3.361063219498946,0,1,canonical_v2_cambridge_prices_freeze_last
2020-07-02,9239.75,0.0101255803732975,170073286284.03262,57.7551733145273,42.0,0.0451065,7137352.671538975,5848853813.362005,29.07805387364812,3.36998372723632,0,1,canonical_v2_cambridge_prices_freeze_last
2020-07-03,9082.0,-0.0170729727535917,167180806358.45105,56.7667519709597,41.0,0.0451065,7015204.103501627,5855869017.465507,28.54927353392358,3.3516314903815574,0,1,canonical_v2_cambridge_prices_freeze_last
2020-07-04,9097.3,0.0016846509579386,167473637837.29688,57.0451053957187,40.0,0.0451065,7049602.867210919,5862918620.332718,28.564892109621816,3.3521784151562284,0,1,canonical_v2_cambridge_prices_freeze_last
2020-07-05,8944.49,-0.0167972915040726,164671531310.91708,56.9575958168213,38.0,0.0451065,7038788.481401234,5869957408.814119,28.053275320814453,3.334105392382405,0,1,canonical_v2_cambridge_prices_freeze_last
2020-07-06,9038.9,0.0105551015206009,166420763829.75128,56.7882655726698,40.0,0.0451065,7017862.742612685,5876975271.556732,28.317417742965702,3.343477083275789,0,1,canonical_v2_cambridge_prices_freeze_last
2020-07-07,9275.03,0.0261237539966148,170779691480.5455,57.0115781766011,43.0,0.0451065,7045459.591843445,5884020731.148576,29.024318452258218,3.3681340459045837,0,1,canonical_v2_cambridge_prices_freeze_last
2020-07-08,9252.75,-0.002402148564479,170380813086.484,56.314714548913,44.0,0.0451065,6959341.566576834,5890980072.715153,28.92232039208978,3.364613628929796,0,1,canonical_v2_cambridge_prices_freeze_last
2020-07-09,9426.08,0.0187328091648428,173584091449.24057,56.1668519514032,44.0,0.0451065,6941068.787797175,5897921141.50295,29.431402571280675,3.382062218985441,0,1,canonical_v2_cambridge_prices_freeze_last
2020-07-10,9241.47,-0.0195850236789842,170195778090.1201,55.9197448151425,41.0,0.0451065,6910531.423299248,5904831672.926249,28.823137985536583,3.3611784668626172,0,1,canonical_v2_cambridge_prices_freeze_last
2020-07-11,9241.47,0.0,170207107893.275,55.8687699485582,44.0,0.0451065,6904231.977218194,5911735904.903467,28.79139234756704,3.360076465648733,0,1,canonical_v2_cambridge_prices_freeze_last
2020-07-12,9215.25,-0.0028372109631908,169735486717.61432,55.3080481052461,41.0,0.0451065,6834938.27906653,5918570843.182533,28.67845823170787,3.356146256675126,0,1,canonical_v2_cambridge_prices_freeze_last
2020-07-13,9216.0,8.138683161074134e-05,169760588807.86353,55.3489311016682,43.0,0.0451065,6839990.57736273,5925410833.759896,28.649589635313784,3.355139119683431,0,1,canonical_v2_cambridge_prices_freeze_last
2020-07-14,9245.4,0.0031901041666666,170313461262.0846,55.2111164180047,43.0,0.0451065,6822959.51427049,5932233793.274167,28.709836327621165,3.3572397932327505,0,1,canonical_v2_cambridge_prices_freeze_last
2020-07-15,9279.8,0.0037207692474094,170958513566.07895,55.2438677422133,44.0,0.0451065,6827006.9049702585,5939060800.179137,28.785445934637075,3.359869909918043,0,1,canonical_v2_cambridge_prices_freeze_last
2020-07-16,9210.33,-0.0074861527188084,169689956884.7606,54.5156143442582,43.0,0.0451065,6737009.749093925,5945797809.928231,28.539476502449187,3.351288269289334,0,1,canonical_v2_cambridge_prices_freeze_last
2020-07-17,9102.7,-0.0116857919314508,167718123293.545,52.9470852153393,41.0,0.0451065,6543171.7788101435,5952340981.707042,28.17683392281838,3.3385001482358865,0,1,canonical_v2_cambridge_prices_freeze_last
2020-07-18,9164.3,0.0067672229118831,168864307146.82544,52.1486020251156,44.0,0.0451065,6444495.663687333,5958785477.370729,28.338712274189064,3.3442287947753093,0,1,canonical_v2_cambridge_prices_freeze_last
2020-07-19,9177.5,0.0014403718778304,169118743280.2049,51.6090452725938,41.0,0.0451065,6377817.535858225,5965163294.906588,28.3510668391272,3.34466466047551,0,1,canonical_v2_cambridge_prices_freeze_last
2020-07-20,9159.09,-0.0020059929174611,168790673220.1516,51.6157766752172,44.0,0.0451065,6378649.398905985,5971541944.305493,28.265844030637957,3.341654151016561,0,1,canonical_v2_cambridge_prices_freeze_last
2020-07-21,9170.32,0.0012261043400598,169008817534.96158,50.5702548113299,44.0,0.0451065,6249444.379855486,5977791388.6853485,28.27278614219598,3.3418997215785535,0,1,canonical_v2_cambridge_prices_freeze_last
2020-07-22,9380.45,0.0229141404007713,172892949609.28305,50.9004197716738,50.0,0.0451065,6290245.9847424785,5984081634.670091,28.892144219355195,3.3635697318470266,0,1,canonical_v2_cambridge_prices_freeze_last
2020-07-23,9378.25,-0.0002345303263703,172863833158.9807,50.9004197716738,55.0,0.0451065,6290245.9847424785,5990371880.654833,28.85694521190298,3.362350699229965,0,1,canonical_v2_cambridge_prices_freeze_last
2020-07-24,9595.83,0.0232004904966278,176886050748.4471,53.2666016045701,53.0,0.0451065,6582657.439113812,5996954538.093946,29.495979938621986,3.3842539807926775,0,1,canonical_v2_cambridge_prices_freeze_last
2020-07-25,9628.3,0.0033837614880629,177496316821.20706,53.9269308870892,55.0,0.0451065,6664260.570023256,6003618798.66397,29.564887907391228,3.3865874378700784,0,1,canonical_v2_cambridge_prices_freeze_last
2020-07-26,9736.5,0.0112377055139536,179502820170.7694,55.4126723152004,55.0,0.0451065,6847867.681604347,6010466666.345574,29.86503879571617,3.3966885252196275,0,1,canonical_v2_cambridge_prices_freeze_last
2020-07-27,9930.81,0.0199568633492528,183097216227.45212,55.8275952581551,58.0,0.0451065,6899143.631539652,6017365809.977114,30.428134504282117,3.4153676575368173,0,1,canonical_v2_cambridge_prices_freeze_last
2020-07-28,10889.02,0.0964886046556123,200777253507.08487,57.2632861509625,76.0,0.0451065,7076565.52539285,6024442375.502506,33.32710996183075,3.5063711787440757,0,1,canonical_v2_cambridge_prices_freeze_last
2020-07-29,10976.83,0.0080640865752841,202409681484.07248,57.8254715475555,71.0,0.0451065,7146040.08865702,6031588415.591164,33.55827147635936,3.5132833748005434,0,1,canonical_v2_cambridge_prices_freeze_last
2020-07-30,11223.25,0.0224491041584866,206967233389.25125,58.1891708302195,76.0,0.0451065,7190985.8467213595,6038779401.437885,34.2730243366682,3.53435858226022,0,1,canonical_v2_cambridge_prices_freeze_last
2020-07-31,11145.43,-0.0069338204174369,205545694668.7592,58.2235085782895,75.0,0.0451065,7195229.286812644,6045974630.724698,33.99711497699777,3.5262756673981768,0,1,canonical_v2_cambridge_prices_freeze_last
2020-08-01,11341.8,0.017618880563603,209180946555.4569,58.2618433666257,75.0,0.045024,7186797.906134124,6053161428.630832,34.557305140757116,3.542618964644308,0,1,canonical_v2_cambridge_prices_freeze_last
2020-08-02,11848.5,0.0446754483415332,218540574184.2827,57.6490010968649,80.0,0.045024,7111201.713384233,6060272630.344216,36.06117868196795,3.585216903928936,0,1,canonical_v2_cambridge_prices_freeze_last
2020-08-03,11231.5,-0.0520741022070304,207173890010.21585,58.7603299093995,75.0,0.045024,7248287.928330968,6067520918.272548,34.144734365283284,3.5306083827747456,0,1,canonical_v2_cambridge_prices_freeze_last
2020-08-04,11387.25,0.0138672483639763,210060624139.19983,58.8992359897882,72.0,0.045024,7265422.469052669,6074786340.7416,34.57909667215653,3.5432493570728885,0,1,canonical_v2_cambridge_prices_freeze_last
2020-08-05,11215.85,-0.015051922105864,206912396125.81345,57.9333772783408,75.0,0.045024,7146280.489260319,6081932621.230861,34.02083005713052,3.5269729857626704,0,1,canonical_v2_cambridge_prices_freeze_last
2020-08-06,11691.54,0.0424123004498098,215702184558.31305,59.1802368424407,79.0,0.045024,7300084.886559041,6089232706.11742,35.42354102210815,3.5673765997493154,0,1,canonical_v2_cambridge_prices_freeze_last
2020-08-07,11852.75,0.0137886026990454,218690762407.80557,59.1475843821257,77.0,0.045024,7296057.093755692,6096528763.211176,35.871357439904266,3.579939134148593,0,1,canonical_v2_cambridge_prices_freeze_last
2020-08-08,11575.0,-0.0234333804391385,213580101872.5189,59.7852210882587,77.0,0.045024,7374711.765144548,6103903474.97632,34.99074039229421,3.5550834662670194,0,1,canonical_v2_cambridge_prices_freeze_last
2020-08-09,11852.75,0.0239956803455723,218719434237.99783,61.0306247397043,79.0,0.045024,7528336.57063136,6111431811.546951,35.7885747534234,3.577628701504512,0,1,canonical_v2_cambridge_prices_freeze_last
2020-08-10,11639.0,-0.0180337896268798,214789161338.12512,59.9499501090558,78.0,0.045024,7395031.654000352,6118826843.200952,35.10299716632643,3.5582865161803863,0,1,canonical_v2_cambridge_prices_freeze_last
2020-08-11,11854.11,0.0184818283357677,218773178302.48764,60.7590280451018,84.0,0.045024,7494834.188226475,6126321677.389178,35.71036419943933,3.5754409603625077,0,1,canonical_v2_cambridge_prices_freeze_last
2020-08-12,11208.0,-0.0545051463163409,206862447795.7965,62.6812851539758,75.0,0.045024,7731951.185678374,6134053628.574857,33.72361252796179,3.5181982604902666,0,1,canonical_v2_cambridge_prices_freeze_last
2020-08-13,11572.12,0.0324875089221985,213596860042.58945,62.428093581305,75.0,0.045024,7700719.1380950045,6141754347.712952,34.777825349222574,3.548979981072018,0,1,canonical_v2_cambridge_prices_freeze_last
2020-08-14,11613.38,0.0035654659647497,214372442151.72247,63.6109601004793,78.0,0.045024,7846629.774147891,6149600977.4871,34.859569415399875,3.5513276881911464,0,1,canonical_v2_cambridge_prices_freeze_last
2020-08-15,11768.33,0.0133423688882996,217246868315.4785,64.5034839315564,79.0,0.045024,7956725.645299714,6157557703.1324,35.28133698283708,3.563354126759462,0,1,canonical_v2_cambridge_prices_freeze_last
2020-08-16,11867.75,0.0084480975635454,219096494102.9789,64.3184037772482,82.0,0.045024,7933895.374429652,6165491598.506829,35.53593263447802,3.5705443714523355,0,1,canonical_v2_cambridge_prices_freeze_last
2020-08-17,11833.86,-0.0028556381790987,218485089225.72037,63.6318982741736,83.0,0.045024,7849212.569579156,6173340811.076408,35.391710244428324,3.5664776188305374,0,1,canonical_v2_cambridge_prices_freeze_last
2020-08-18,12324.5,0.0414606899185894,227558471193.0524,62.7898881137375,82.0,0.045024,7745347.732692923,6181086158.809101,36.81528866390946,3.605913211721883,0,1,canonical_v2_cambridge_prices_freeze_last
2020-08-19,12026.24,-0.0242005760882794,222065898533.18332,61.6471600388599,80.0,0.045024,7604388.311204461,6188690547.120306,35.88253392900927,3.5802506570216295,0,1,canonical_v2_cambridge_prices_freeze_last
2020-08-20,11715.25,-0.0258592876909158,216337525049.99124,61.5870164559717,75.0,0.045024,7596969.394284028,6196287516.51459,34.9140553070528,3.5528894789951866,0,1,canonical_v2_cambridge_prices_freeze_last
2020-08-21,11864.0,0.0126971255414951,219098654399.6859,60.8652938896446,81.0,0.045024,7507942.444074955,6203795458.958665,35.31687268691199,3.564360829542501,0,1,canonical_v2_cambridge_prices_freeze_last
2020-08-22,11613.07,-0.0211505394470667,214478555971.0464,59.6624222318787,78.0,0.045024,7359564.105666046,6211155023.064331,34.5311870617635,3.5418628885047028,0,1,canonical_v2_cambridge_prices_freeze_last
2020-08-23,11602.75,-0.0008886539046091,214301896049.5366,59.9631401463202,76.0,0.045024,7396658.690268275,6218551681.7546,34.461705396499994,3.539848719036582,0,1,canonical_v2_cambridge_prices_freeze_last
2020-08-24,11666.59,0.0055021438883022,215495023236.5339,61.6252932404788,78.0,0.045024,7601690.966737856,6226153372.721337,34.611261614704645,3.544179109300267,0,1,canonical_v2_cambridge_prices_freeze_last
2020-08-25,11741.0,0.0063780419128467,216883549495.9159,61.1807437265673,75.0,0.045024,7546854.26176703,6233700226.983105,34.792104464234086,3.549390477826875,0,1,canonical_v2_cambridge_prices_freeze_last
2020-08-26,11257.68,-0.0411651477727621,207969009673.8623,61.7288070514597,76.0,0.045024,7614459.749821702,6241314686.732926,33.32134656115627,3.5061982294819467,0,1,canonical_v2_cambridge_prices_freeze_last
2020-08-27,11513.25,0.0227018355469332,212704091474.45184,60.9857051290455,75.0,0.045024,7522795.5828223135,6248837482.315748,34.038985983617884,3.527506514296076,0,1,canonical_v2_cambridge_prices_freeze_last
2020-08-28,11280.82,-0.020188044209932,208423530331.5266,61.5665237110518,74.0,0.045024,7594441.544017525,6256431923.859766,33.313481688608285,3.5059621705682797,0,1,canonical_v2_cambridge_prices_freeze_last
2020-08-29,11502.91,0.0196873986110939,212540625514.37503,62.2572341839933,79.0,0.045024,7679643.046301683,6264111566.906068,33.929891452963346,3.524296379644642,0,1,canonical_v2_cambridge_prices_freeze_last
2020-08-30,11280.82,-0.0193072883296487,208450548008.01172,60.5305841985955,75.0,0.045024,7466654.857417982,6271578221.763486,33.237335266687964,3.50367380030828,0,1,canonical_v2_cambridge_prices_freeze_last
2020-08-31,11662.0,0.0337900968192028,215508067570.45435,60.4637418409696,75.0,0.045024,7458409.623692645,6279036631.387178,34.321836329667,3.535781779297539,0,1,canonical_v2_cambridge_prices_freeze_last
2020-09-01,11676.25,0.0012219173383638,215785366399.7737,61.8726328928196,75.0,0.045518499999999996,7716025.863922764,6286752657.2511015,34.323819969422246,3.5358395728962235,0,1,canonical_v2_cambridge_prices_freeze_last
2020-09-02,12027.0,0.0300396103200941,222281853204.46213,61.7998186769879,83.0,0.045518499999999996,7706945.332735544,6294459602.5838375,35.31388987121576,3.564276367316978,0,1,canonical_v2_cambridge_prices_freeze_last
2020-09-03,11370.56,-0.054580527147252,210163179730.4289,61.6229522817356,79.0,0.045518499999999996,7684888.639551182,6302144491.223389,33.34788341065653,3.5069943044002536,0,1,canonical_v2_cambridge_prices_freeze_last
2020-09-04,10782.45,-0.0517221667182618,199305963083.2733,59.9465004739537,40.0,0.045518499999999996,7475821.320064826,6309620312.543453,31.587631776678432,3.452765644503899,0,1,canonical_v2_cambridge_prices_freeze_last
2020-09-05,10610.0,-0.0159935821636085,196131013174.9669,59.6685127465425,41.0,0.045518499999999996,7441153.9656260125,6317061466.509079,31.04782408953706,3.435528728292279,0,1,canonical_v2_cambridge_prices_freeze_last
2020-09-06,10091.49,-0.0488699340245052,186558145166.34183,61.0933116625518,41.0,0.045518499999999996,7618838.101128393,6324680304.610208,29.496849829762184,3.3842834722120134,0,1,canonical_v2_cambridge_prices_freeze_last
2020-09-07,10239.53,0.0146697861267266,189307125772.04324,62.4035857595616,41.0,0.045518499999999996,7782240.050401656,6332462544.660609,29.894709117808013,3.3976815121570136,0,1,canonical_v2_cambridge_prices_freeze_last
2020-09-08,10152.49,-0.0085003901546263,187710044302.5681,62.2020337814101,41.0,0.045518499999999996,7757104.862134563,6340219649.522744,29.606236799177434,3.387985041810237,0,1,canonical_v2_cambridge_prices_freeze_last
2020-09-09,10009.23,-0.0141108240441507,185073227409.66,62.2543945250931,38.0,0.045518499999999996,7763634.677234109,6347983284.199978,29.15464945698646,3.3726144011748596,0,1,canonical_v2_cambridge_prices_freeze_last
2020-09-10,10262.0,0.0252536908433516,189759231377.5028,63.7540244790412,38.0,0.045518499999999996,7950650.858217088,6355933935.058195,29.85544426930318,3.3963672107893643,0,1,canonical_v2_cambridge_prices_freeze_last
2020-09-11,10301.23,0.0038228415513543,190496913651.7968,63.7031377480612,41.0,0.045518499999999996,7944304.864616777,6363878239.9228115,29.93409151934173,3.398998015473222,0,1,canonical_v2_cambridge_prices_freeze_last
2020-09-12,10326.96,0.0024977599762359,190985016813.8901,65.1824458010924,41.0,0.045518499999999996,8128786.737526094,6372007026.660337,29.97250568224627,3.4002804841816463,0,1,canonical_v2_cambridge_prices_freeze_last
2020-09-13,10442.0,0.0111397739509013,193124965309.84845,65.6393571018143,38.0,0.045518499999999996,8185767.332161463,6380192793.992499,30.26945604084131,3.4101391526323623,0,1,canonical_v2_cambridge_prices_freeze_last
2020-09-14,10263.0,-0.0171423099023175,189826557209.9658,65.642849488839,39.0,0.045518499999999996,8186202.861527994,6388378996.854028,29.714354346141068,3.3916302403692384,0,1,canonical_v2_cambridge_prices_freeze_last
2020-09-15,10690.91,0.0416944363246614,197753971055.0068,65.7020940592519,47.0,0.045518499999999996,8193591.146400158,6396572588.000428,30.91561431288702,3.43126137384293,0,1,canonical_v2_cambridge_prices_freeze_last
2020-09-16,10870.5,0.0167983829253075,201088827781.49973,66.057560932072,43.0,0.045518499999999996,8237920.787086352,6404810508.787515,31.396530390025163,3.446697389675993,0,1,canonical_v2_cambridge_prices_freeze_last
2020-09-17,10999.54,0.0118706591233155,203488941554.0953,67.2424502791147,48.0,0.045518499999999996,8385686.22747913,6413196195.014994,31.729723427495976,3.4572538891214393,0,1,canonical_v2_cambridge_prices_freeze_last
2020-09-18,10936.94,-0.0056911470843326,202343832432.9513,68.8420507945617,49.0,0.045518499999999996,8585169.559156869,6421781364.57415,31.508988074428068,3.4502728408272287,0,1,canonical_v2_cambridge_prices_freeze_last
2020-09-19,10887.37,-0.0045323463418469,201439651536.114,67.5979170145204,48.0,0.045518499999999996,8430015.851028623,6430211380.425179,31.32706525781341,3.44448242862683,0,1,canonical_v2_cambridge_prices_freeze_last
2020-09-20,11088.13,0.0184397150092261,205167284576.97217,67.3207487304972,52.0,0.045518499999999996,8395450.687915443,6438606831.113094,31.865167412544622,3.461513482558972,0,1,canonical_v2_cambridge_prices_freeze_last
2020-09-21,10889.39,-0.0179236715298251,201502835133.4965,66.4591308863922,48.0,0.045518499999999996,8287999.860965051,6446894830.974059,31.255796847402813,3.4422048580964666,0,1,canonical_v2_cambridge_prices_freeze_last
2020-09-22,10497.0,-0.0360341580198706,194254280905.67636,65.7269093138506,39.0,0.045518499999999996,8196685.812609612,6455091516.786669,30.09318774187972,3.404298825272614,0,1,canonical_v2_cambridge_prices_freeze_last
2020-09-23,10539.0,0.0040011431837667,195043994687.21844,65.9115197914189,43.0,0.045518499999999996,8219708.2565087695,6463311225.043178,30.177100853737006,3.407083386887729,0,1,canonical_v2_cambridge_prices_freeze_last
2020-09-24,10222.5,-0.0300313122687162,189198661795.9376,64.2865900773987,39.0,0.045518499999999996,8017066.16558376,6471328291.208761,29.23644934734067,3.3754161961586964,0,1,canonical_v2_cambridge_prices_freeze_last
2020-09-25,10632.4,0.040097823428711,196797689531.3772,65.5154788096099,46.0,0.045518499999999996,8170318.69094583,6479498609.899707,30.37236387869575,3.41353311200804,0,1,canonical_v2_cambridge_prices_freeze_last
2020-09-26,10722.73,0.0084957300327301,198482303575.78757,66.4551172732665,45.0,0.045518499999999996,8287499.330419674,6487786109.230126,30.59322552163183,3.4207785962663877,0,1,canonical_v2_cambridge_prices_freeze_last
2020-09-27,10632.4,-0.0084241606381957,196822818038.15735,67.0319728129347,47.0,0.045518499999999996,8359437.957494706,6496145547.187621,30.298400275740118,3.411094914941362,0,1,canonical_v2_cambridge_prices_freeze_last
2020-09-28,10739.25,0.0100494714269592,198813464809.08496,65.6166208184519,43.0,0.045518499999999996,8182931.930752611,6504328479.118374,30.566332165935297,3.419899147217156,0,1,canonical_v2_cambridge_prices_freeze_last
2020-09-29,10868.62,0.0120464650697209,201221292429.81323,66.0149056333981,45.0,0.045518499999999996,8232601.3207502235,6512561080.439124,30.897413466753303,3.4306724738225456,0,1,canonical_v2_cambridge_prices_freeze_last
2020-09-30,10756.75,-0.010292935073634,199162824828.6022,66.3176374869846,49.0,0.045518499999999996,8270354.4710994745,6520831434.910224,30.542550718663716,3.419120816887765,0,1,canonical_v2_cambridge_prices_freeze_last
2020-10-01,10702.55,-0.0050386966323472,198171923937.82352,64.9443228436351,45.0,0.045625,8118040.355454388,6528949475.265678,30.3528040289758,3.4128889029899225,0,1,canonical_v2_cambridge_prices_freeze_last
2020-10-02,10611.25,-0.0085306772685013,196493889778.7143,62.2177486264755,41.0,0.045625,7777218.578309436,6536726693.843987,30.059982462440097,3.403194800906165,0,1,canonical_v2_cambridge_prices_freeze_last
2020-10-03,10531.93,-0.0074750854046412,195037488360.5852,61.6413127940684,40.0,0.045625,7705164.099258549,6544431857.943246,29.80205044443395,3.394577198004475,0,1,canonical_v2_cambridge_prices_freeze_last
2020-10-04,10611.25,0.007531383136804,196518885112.11157,61.3534995547895,42.0,0.045625,7669187.444348687,6552101045.387594,29.993262275839392,3.40097276563251,0,1,canonical_v2_cambridge_prices_freeze_last
2020-10-05,10609.75,-0.0001413594062904,196503592325.12836,61.7172454353335,42.0,0.045625,7714655.679416687,6559815701.067011,29.95565748793298,3.3997182044832233,0,1,canonical_v2_cambridge_prices_freeze_last
2020-10-06,10744.0,0.0126534555479629,199002680804.72012,60.7147187628333,47.0,0.045625,7589339.845354162,6567405040.912365,30.30156957961497,3.4111995124811068,0,1,canonical_v2_cambridge_prices_freeze_last
2020-10-07,10545.16,-0.0185070737155621,195332122732.7145,60.2272281174512,43.0,0.045625,7528403.5146814,6574933444.427047,29.7086083659568,3.391436847783614,0,1,canonical_v2_cambridge_prices_freeze_last
2020-10-08,10671.0,0.0119334367615095,197675647489.0832,62.5316416982455,46.0,0.045625,7816455.212280687,6582749899.639327,30.029341916805006,3.402174967562812,0,1,canonical_v2_cambridge_prices_freeze_last
2020-10-09,10893.53,0.0208537156780059,201810715916.13437,63.021651152812,48.0,0.045625,7877706.3941015,6590627606.033428,30.620864655042197,3.4216816280752025,0,1,canonical_v2_cambridge_prices_freeze_last
2020-10-10,11036.98,0.0131683669113684,204481192506.59677,62.6604286219913,53.0,0.045625,7832553.577748912,6598460159.611177,30.989228935292395,3.4336396904088784,0,1,canonical_v2_cambridge_prices_freeze_last
2020-10-11,10893.53,-0.0129972148178214,201836291056.91757,61.8501802153336,55.0,0.045625,7731272.5269166995,6606191432.138094,30.55259496039055,3.419449623430599,0,1,canonical_v2_cambridge_prices_freeze_last
2020-10-12,11422.32,0.0485416572956607,211647157883.9751,62.7012714732096,52.0,0.045625,7837658.9341512,6614029091.072246,31.99973192885723,3.4657275255414257,0,1,canonical_v2_cambridge_prices_freeze_last
2020-10-13,11564.99,0.0124904572801323,214304287343.60056,65.5309642003434,56.0,0.045625,8191370.525042925,6622220461.597288,32.36139427649168,3.4769661776802585,0,1,canonical_v2_cambridge_prices_freeze_last
2020-10-14,11429.82,-0.0116878613816354,211812923372.1763,65.9841812500102,53.0,0.045625,8248022.656251274,6630468484.253539,31.945393281817594,3.464027985195228,0,1,canonical_v2_cambridge_prices_freeze_last
2020-10-15,11393.5,-0.003177652841427,211153201366.5311,65.8978004938072,56.0,0.045625,8237225.0617259,6638705709.315265,31.806380733257424,3.4596669216474405,0,1,canonical_v2_cambridge_prices_freeze_last
2020-10-16,11542.0,0.0130337473120638,213918832301.15265,67.1541264529368,52.0,0.045625,8394265.8066171,6647099975.1218815,32.182279956941706,3.471415989176975,0,1,canonical_v2_cambridge_prices_freeze_last
2020-10-17,11312.0,-0.0199272223184889,209669262064.8966,68.6116166709298,56.0,0.045625,8576452.083866226,6655676427.205748,31.502322019119255,3.450061258007453,0,1,canonical_v2_cambridge_prices_freeze_last
2020-10-18,11542.0,0.0203323903818952,213945839993.71317,67.8540879805122,55.0,0.045625,8481760.997564025,6664158188.203312,32.10395581131815,3.468979256540735,0,1,canonical_v2_cambridge_prices_freeze_last
2020-10-19,11466.87,-0.0065092704903828,212566615048.04623,66.8659663762684,55.0,0.045625,8358245.797033549,6672516434.000345,31.857038817453624,3.461258356579631,0,1,canonical_v2_cambridge_prices_freeze_last
2020-10-20,11739.62,0.0237859154241741,217636425342.8932,65.7806412730439,56.0,0.045625,8222580.159130488,6680739014.159475,32.57669920672312,3.4835972845583187,0,1,canonical_v2_cambridge_prices_freeze_last
2020-10-21,11907.71,0.0143181806566139,220766491590.1273,64.8565232637544,61.0,0.045625,8107065.4079693,6688846079.567445,33.0051684496833,3.49666416889027,0,1,canonical_v2_cambridge_prices_freeze_last
2020-10-22,12855.0,0.0795526595793818,238344061073.9893,64.3870199986627,73.0,0.045625,8048377.499832836,6696894457.067278,35.59023702732289,3.572071359441562,0,1,canonical_v2_cambridge_prices_freeze_last
2020-10-23,13127.38,0.0211886425515364,243409566845.08737,63.2517180889691,74.0,0.045625,7906464.761121138,6704800921.828399,36.303772428594286,3.5919216595238517,0,1,canonical_v2_cambridge_prices_freeze_last
2020-10-24,12937.63,-0.0144545217705284,239906288030.5181,63.2784104880798,73.0,0.045625,7909801.311009975,6712710723.139409,35.73910718415681,3.5762455285618633,0,1,canonical_v2_cambridge_prices_freeze_last
2020-10-25,13127.38,0.0146665192929462,243440182353.80545,63.1754590874429,76.0,0.045625,7896932.385930362,6720607655.525339,36.22294215518762,3.589692679282939,0,1,canonical_v2_cambridge_prices_freeze_last
2020-10-26,13017.0,-0.0084083800423236,241408413020.0948,62.2624687427094,75.0,0.045625,7782808.592838676,6728390464.118177,35.879073057293766,3.580154202333293,0,1,canonical_v2_cambridge_prices_freeze_last
2020-10-27,13025.5,0.0006529922409157,241581221779.8128,59.3298315386974,61.0,0.045625,7416228.942337175,6735806693.060514,35.86522487777136,3.579768159676442,0,1,canonical_v2_cambridge_prices_freeze_last
2020-10-28,13615.91,0.0453272427162105,252547283525.4532,57.5078821278156,70.0,0.045625,7188485.26597695,6742995178.326491,37.45327956591118,3.6230942779824735,0,1,canonical_v2_cambridge_prices_freeze_last
2020-10-29,13221.53,-0.0289646450365784,245247725748.737,55.6531666035523,67.0,0.045625,6956645.825444037,6749951824.151936,36.333255723576954,3.5927334575104117,0,1,canonical_v2_cambridge_prices_freeze_last
2020-10-30,13498.46,0.0209453822666512,250400232543.78284,54.4122629643742,74.0,0.045625,6801532.870546775,6756753357.022482,37.05925306323856,3.6125180658575182,0,1,canonical_v2_cambridge_prices_freeze_last
2020-10-31,13661.09,0.0120480410357923,253432945857.57828,52.0300750926395,73.0,0.045625,6503759.386579938,6763257116.409061,37.472025903421226,3.6235946786891184,0,1,canonical_v2_cambridge_prices_freeze_last
2020-11-01,13498.46,-0.0119046137606882,250431609055.4893,52.7907345344954,72.0,0.047697,6898519.630388568,6770155636.03945,36.99052466716882,3.610661789771043,0,1,canonical_v2_cambridge_prices_freeze_last
2020-11-02,13823.08,0.0240486692556041,256470210095.51917,52.0452070911333,71.0,0.047697,6801096.555139137,6776956732.594589,37.84445145739161,3.6334843762021705,0,1,canonical_v2_cambridge_prices_freeze_last
2020-11-03,13626.75,-0.0142030574951458,252843367530.91415,54.1160623966836,71.0,0.047697,7071709.118177036,6784028441.712767,37.27038730796929,3.6181991053869775,0,1,canonical_v2_cambridge_prices_freeze_last
2020-11-04,13736.93,0.0080855669913957,254903688427.419,56.6657125844469,74.0,0.047697,7404889.022302367,6791433330.735069,37.53312092070991,3.6252237677153363,0,1,canonical_v2_cambridge_prices_freeze_last
2020-11-05,14021.01,0.0206800209362645,260191362847.67868,58.2652103413309,72.0,0.047697,7613906.130549206,6799047236.865619,38.2687976393039,3.644634881105124,0,1,canonical_v2_cambridge_prices_freeze_last
2020-11-06,15245.12,0.0873054080982753,282925148037.79565,60.7555195698777,90.0,0.047697,7939331.5532176895,6806986568.418837,41.563935111967616,3.7272328468297076,0,1,canonical_v2_cambridge_prices_freeze_last
2020-11-07,15547.14,0.0198109296614259,288548171865.9406,62.9545457092633,88.0,0.047697,8226693.05943762,6815213261.478274,42.338832373288376,3.7457046879360067,0,1,canonical_v2_cambridge_prices_freeze_last
2020-11-08,15245.12,-0.0194260809383589,282960467029.3066,63.9095752088098,82.0,0.047697,8351493.174615346,6823564754.652889,41.468129519304405,3.7249251688114526,0,1,canonical_v2_cambridge_prices_freeze_last
2020-11-09,15582.91,0.0221572542557879,289248131975.4612,70.1338648490577,90.0,0.047697,9164862.881384946,6832729617.534274,42.33273496337209,3.7455606629670917,0,1,canonical_v2_cambridge_prices_freeze_last
2020-11-10,15391.5,-0.0122833283385452,285713010112.4148,71.7521740999384,90.0,0.047697,9376338.213821266,6842105955.7480955,41.75805109717506,3.731892273356396,0,1,canonical_v2_cambridge_prices_freeze_last
2020-11-11,15389.5,-0.0001299418510216,285693681184.78937,72.7191987135527,86.0,0.047697,9502705.81106938,6851608661.559165,41.697314498953936,3.7304367262262526,0,1,canonical_v2_cambridge_prices_freeze_last
2020-11-12,15829.75,0.0286071672244061,293884865686.05804,75.0054930114643,87.0,0.047697,9801471.233336473,6861410132.792501,42.831555029993645,3.7572750979958314,0,1,canonical_v2_cambridge_prices_freeze_last
2020-11-13,16153.31,0.0204399943145028,299910533400.5584,74.7076271146562,89.0,0.047697,9762547.097226733,6871172679.889729,43.64764900732658,3.7761494207509485,0,1,canonical_v2_cambridge_prices_freeze_last
2020-11-14,16288.01,0.0083388481989141,302430251238.1236,74.6298044145173,90.0,0.047697,9752377.48262803,6880925057.372356,43.95197574693739,3.783097577544825,0,1,canonical_v2_cambridge_prices_freeze_last
2020-11-15,16153.31,-0.0082698868677021,299947832297.3678,75.5943134488404,86.0,0.047697,9878416.352244768,6890803473.724601,43.52871670787045,3.773420874492622,0,1,canonical_v2_cambridge_prices_freeze_last
2020-11-16,15897.42,-0.0158413353052717,295214599064.42126,74.1662834981408,90.0,0.047697,9691806.093180332,6900495279.817781,42.78165364852143,3.7561093576178313,0,1,canonical_v2_cambridge_prices_freeze_last
2020-11-17,16705.7,0.0508434701983089,310243598058.17255,75.4098325830143,86.0,0.047697,9854308.999211052,6910349588.816993,44.89549972410068,3.8043375608630603,0,1,canonical_v2_cambridge_prices_freeze_last
2020-11-18,17636.9,0.0557414535158657,327557355652.1046,77.5438353886621,91.0,0.047697,10133173.46995347,6920482762.286946,47.33157597575748,3.8571776409711873,0,1,canonical_v2_cambridge_prices_freeze_last
2020-11-19,17777.82,0.0079900662814893,330195041831.08594,76.3829849316372,94.0,0.047697,9981477.348724108,6930464239.635671,47.64400051914041,3.8637567149148935,0,1,canonical_v2_cambridge_prices_freeze_last
2020-11-20,17956.04,0.0100248511909784,333525874690.0372,79.0091278423503,86.0,0.047697,10324653.070401596,6940788892.706072,48.05302103922689,3.8723050062645896,0,1,canonical_v2_cambridge_prices_freeze_last
2020-11-21,18582.0,0.0348606931149628,345174205204.1393,81.4970953524193,91.0,0.047697,10649772.484998202,6951438665.19107,49.65507455781482,3.9051005918709567,0,1,canonical_v2_cambridge_prices_freeze_last
2020-11-22,18671.25,0.0048030351953503,346853568937.0873,83.7897429264873,94.0,0.047697,10949368.132505931,6962388033.323576,49.818189862008126,3.9083801756132988,0,1,canonical_v2_cambridge_prices_freeze_last
2020-11-23,18490.89,-0.0096597710383611,343524305168.7475,83.1833008565118,90.0,0.047697,10870120.27658368,6973258153.60016,49.2630987698903,3.8971752971265805,0,1,canonical_v2_cambridge_prices_freeze_last
2020-11-24,18430.6,-0.0032605245069329,342425418661.2128,81.6250049364765,88.0,0.047697,10666487.288918138,6983924640.889078,49.030514541408465,3.8924428500279915,0,1,canonical_v2_cambridge_prices_freeze_last
2020-11-25,18949.05,0.0281298492724058,352079562520.39374,80.5861415553213,94.0,0.047697,10530732.037710028,6994455372.926788,50.336951735109594,3.918739434339952,0,1,canonical_v2_cambridge_prices_freeze_last
2020-11-26,18870.47,-0.0041469097395382,350641188239.6421,81.5508005304372,93.0,0.047697,10656790.50109661,7005112163.427885,50.055042668732824,3.9131232533080595,0,1,canonical_v2_cambridge_prices_freeze_last
2020-11-27,17047.31,-0.0966144457451245,316783749348.84424,80.5119363009796,86.0,0.047697,10521035.139035134,7015633198.56692,45.15397831995457,3.810078389380009,0,1,canonical_v2_cambridge_prices_freeze_last
2020-11-28,17006.61,-0.0023874734488902,316046945750.9224,79.398868513785,87.0,0.047697,10375583.100005489,7026008781.666925,44.98242965132476,3.8062719613312317,0,1,canonical_v2_cambridge_prices_freeze_last
2020-11-29,17057.75,0.0030070660760728,317016878372.229,78.0061739510098,89.0,0.047697,10193590.353263875,7036202372.020189,45.05511092643703,3.807886427706765,0,1,canonical_v2_cambridge_prices_freeze_last
2020-11-30,18103.75,0.0613211003795928,336477450267.8174,76.2267493420946,88.0,0.047697,9961060.995533936,7046163433.015723,47.75328495663444,3.8660478594638175,0,1,canonical_v2_cambridge_prices_freeze_last
2020-12-01,19384.5,0.0707450113926673,360303756675.6437,78.0774732169626,95.0,0.0480835,10285584.064185811,7056449017.079909,51.06020830073879,3.9330054913337826,0,1,canonical_v2_cambridge_prices_freeze_last
2020-12-02,19054.0,-0.0170497046609404,354182500438.82355,76.8683535235152,92.0,0.0480835,10126299.936021762,7066575317.015931,50.12081306003648,3.9144363521635763,0,1,canonical_v2_cambridge_prices_freeze_last
2020-12-03,19158.99,0.0055101291067494,356156017947.6072,78.0730605650745,92.0,0.0480835,10285002.760769203,7076860319.7767,50.326840131676526,3.9185385358186555,0,1,canonical_v2_cambridge_prices_freeze_last
2020-12-04,19460.75,0.0157503083408885,361787846027.38354,77.9595476254194,92.0,0.0480835,10270049.06369001,7087130368.84039,51.04856651403465,3.9327774641779243,0,1,canonical_v2_cambridge_prices_freeze_last
2020-12-05,18816.49,-0.0331056100098916,349832152492.69824,77.8460346857644,93.0,0.0480835,10255095.366610829,7097385464.207001,49.290285029176644,3.897727003398409,0,1,canonical_v2_cambridge_prices_freeze_last
2020-12-06,19010.52,0.0103117000035606,353461242032.3531,77.0125698339804,95.0,0.0480835,10145298.360581359,7107530762.567582,49.73052580987576,3.9066189459640492,0,1,canonical_v2_cambridge_prices_freeze_last
2020-12-07,19140.5,0.0068372669448284,355899814392.0853,79.6693290019782,94.0,0.0480835,10495288.167305805,7118026050.734888,49.999790932956905,3.9120188240785425,0,1,canonical_v2_cambridge_prices_freeze_last
2020-12-08,19085.01,-0.0028990883205768,354889819160.86346,79.0407740410701,95.0,0.0480835,10412485.09206519,7128438535.826953,49.785071075133224,3.9077151614805516,0,1,canonical_v2_cambridge_prices_freeze_last
2020-12-09,18765.06,-0.0167644659342592,348961695180.4744,79.669329331995,86.0,0.0480835,10495288.210780771,7138933824.037734,48.88148619692681,3.8893987194118944,0,1,canonical_v2_cambridge_prices_freeze_last
2020-12-10,18523.04,-0.0128973741624061,344482133713.4656,77.5479557201486,94.0,0.0480835,10215827.750328124,7149149651.788062,48.18505003980546,3.875048807796132,0,1,canonical_v2_cambridge_prices_freeze_last
2020-12-11,18349.75,-0.0093553757914468,341280294389.62604,77.0765390869465,89.0,0.0480835,10153725.389553951,7159303377.177616,47.66948352510906,3.8642914347781185,0,1,canonical_v2_cambridge_prices_freeze_last
2020-12-12,18109.47,-0.0130944563277428,336832051229.548,76.1337066455843,90.0,0.0480835,10029520.776693022,7169332897.954309,46.98234215426923,3.8497718322722303,0,1,canonical_v2_cambridge_prices_freeze_last
2020-12-13,18349.75,0.013268196142681,341322105592.1796,77.687117207334,91.0,0.0480835,10234160.27462697,7179567058.228936,47.5407643419069,3.8615875396721084,0,1,canonical_v2_cambridge_prices_freeze_last
2020-12-14,19265.03,0.0498796986334963,358369082100.444,77.0046647265449,95.0,0.0480835,10144256.976380335,7189711315.205317,49.84471091941332,3.9089123908673855,0,1,canonical_v2_cambridge_prices_freeze_last
2020-12-15,19200.99,-0.0033241578134057,357199656179.09534,76.4107673056684,91.0,0.0480835,10066019.533540018,7199777334.738856,49.612597664043086,3.90424478664427,0,1,canonical_v2_cambridge_prices_freeze_last
2020-12-16,19435.59,0.0122181200031872,361586070370.5127,76.4394338855936,92.0,0.0480835,10069795.943117645,7209847130.681974,50.1516972297179,3.915052356900443,0,1,canonical_v2_cambridge_prices_freeze_last
2020-12-17,21202.6,0.0909162006401658,394484206363.0479,76.1032155677414,92.0,0.0480835,10025504.015757516,7219872634.697732,54.63866557246594,4.000741792791284,0,1,canonical_v2_cambridge_prices_freeze_last
2020-12-18,22793.58,0.075037023761237,424111027815.1951,77.2824613241087,95.0,0.0480835,10180852.682404878,7230053487.3801365,58.65945923574002,4.0717488448866295,0,1,canonical_v2_cambridge_prices_freeze_last
2020-12-19,22912.63,0.0052229619041852,426352167165.5307,79.0096942132435,93.0,0.0480835,10408390.771787655,7240461878.151924,58.88466431292834,4.0755806885543,0,1,canonical_v2_cambridge_prices_freeze_last
2020-12-20,24004.08,0.0476352998324505,446688830796.3641,78.3332340126279,92.0,0.0480835,10319276.870263545,7250781155.022187,61.60561479461687,4.120753015648893,0,1,canonical_v2_cambridge_prices_freeze_last
2020-12-21,23745.25,-0.0107827502657882,441899240375.6707,77.8856825199325,92.0,0.0480835,10260318.39848541,7261041473.420672,60.8589335280979,4.108558620951798,0,1,canonical_v2_cambridge_prices_freeze_last
2020-12-22,23135.0,-0.0256998768174687,430568723113.7218,78.3694316383845,88.0,0.0480835,10324045.386806194,7271365518.807479,59.214286780117206,4.081162843519603,0,1,canonical_v2_cambridge_prices_freeze_last
2020-12-23,23439.64,0.0131679273827534,436264992469.3353,79.4852970630706,93.0,0.0480835,10471044.606389467,7281836563.413868,59.91139579556915,4.09286673403123,0,1,canonical_v2_cambridge_prices_freeze_last
2020-12-24,23295.14,-0.0061647704486929,433601914272.3241,79.4794136530729,86.0,0.0480835,10470269.551746659,7292306832.965614,59.460185124435874,4.085306930993222,0,1,canonical_v2_cambridge_prices_freeze_last
2020-12-25,23402.25,0.0045979547665306,435622100378.3897,78.9523693360162,94.0,0.0480835,10400839.043748863,7302707672.009363,59.652134515542905,4.088529931902736,0,1,canonical_v2_cambridge_prices_freeze_last
2020-12-26,24412.6,0.0431731991582005,454456935340.44543,77.7899800059978,93.0,0.0480835,10247710.968817523,7312955382.978181,62.14408697176669,4.129455672187813,0,1,canonical_v2_cambridge_prices_freeze_last
2020-12-27,26676.5,0.0927348991914012,496631137113.95184,78.0404622519921,91.0,0.0480835,10280708.401900444,7323236091.380081,67.81580313906834,4.21679525243337,0,1,canonical_v2_cambridge_prices_freeze_last
2020-12-28,26766.0,0.0033550128390156,498327611538.1907,80.1087531531232,92.0,0.0480835,10553175.978734793,7333789267.358816,67.9495405950842,4.218765379648384,0,1,canonical_v2_cambridge_prices_freeze_last
2020-12-29,26584.87,-0.0067671673018008,494985396689.1302,80.9924185111306,91.0,0.0480835,10669586.17939712,7344458853.538214,67.39576142504626,4.2105821290720495,0,1,canonical_v2_cambridge_prices_freeze_last
2020-12-30,26893.11,0.0115945648784441,500754922461.8416,82.6047130993114,91.0,0.0480835,10881982.800851343,7355340836.339065,68.08045114481462,4.220690110929628,0,1,canonical_v2_cambridge_prices_freeze_last
2020-12-31,28896.96,0.0745116500099838,538099632040.3564,86.1715607537545,95.0,0.0480835,11351863.67535111,7366692700.014416,73.04494078316901,4.291074878894423,0,1,canonical_v2_cambridge_prices_freeze_last
2021-01-01,28987.6,0.0031366621263966,539820189658.772,86.6616943293149,94.0,0.047992,11394706.943157481,7378087406.957573,73.16532861208975,4.292721655918022,0,1,canonical_v2_cambridge_prices_freeze_last
2021-01-02,29247.92,0.0089803916157253,544700985425.716,87.8714735449124,94.0,0.047992,11553774.680458728,7389641181.638032,73.7114254991437,4.300157814305251,0,1,canonical_v2_cambridge_prices_freeze_last
2021-01-03,28987.6,-0.0089004619815699,539885584848.2901,89.4034119760012,93.0,0.047992,11755201.500143148,7401396383.138175,72.94374695000187,4.289688554365511,0,1,canonical_v2_cambridge_prices_freeze_last
2021-01-04,32909.14,0.1352833625412246,612960216768.1206,91.2914378497106,94.0,0.047992,12003448.452830989,7413399831.591006,82.68274080619389,4.415010883831064,0,1,canonical_v2_cambridge_prices_freeze_last
2021-01-05,31025.6,-0.0572345555064641,577912666142.9678,92.4642761577557,93.0,0.047992,12157659.01743291,7425557490.608439,77.82751219337936,4.354494995837256,0,1,canonical_v2_cambridge_prices_freeze_last
2021-01-06,33813.69,0.0898641766799031,629884390120.7208,93.7358689995267,95.0,0.047992,12324854.315137768,7437882344.923577,84.68598465403566,4.438950117529851,0,1,canonical_v2_cambridge_prices_freeze_last
2021-01-07,35942.15,0.0629466940756835,669573985850.3109,94.4865187946597,91.0,0.047992,12423553.45203646,7450305898.375614,89.87201263726604,4.498386576404118,0,1,canonical_v2_cambridge_prices_freeze_last
2021-01-08,39712.12,0.1048899411971737,739850239761.4414,95.0018093534869,93.0,0.047992,12491306.395869981,7462797204.771484,99.13846235676937,4.596517482655419,0,1,canonical_v2_cambridge_prices_freeze_last
2021-01-09,40093.25,0.0095973219259006,746995905980.6354,95.1248975574201,93.0,0.047992,12507490.63993344,7475304695.411418,99.92848939510993,4.604454824128899,0,1,canonical_v2_cambridge_prices_freeze_last
2021-01-10,40857.4,0.019059317964994,761279061254.65,96.6590471895653,94.0,0.047992,12709208.19923731,7488013903.610655,101.6663525274129,4.621696398040229,0,1,canonical_v2_cambridge_prices_freeze_last
2021-01-11,38598.03,-0.0552989176991194,719224515816.1031,96.4583928181749,90.0,0.047992,12682825.172958493,7500696728.783613,95.88769441325482,4.563177656797423,0,1,canonical_v2_cambridge_prices_freeze_last
2021-01-12,33933.36,-0.1208525409198344,632342509718.6304,97.0476419270787,84.0,0.047992,12760302.551683182,7513457031.335297,84.16132641491264,4.43273550949867,0,1,canonical_v2_cambridge_prices_freeze_last
2021-01-13,34678.65,0.0219633422684932,646269787236.0402,96.3219871989379,78.0,0.047992,12664889.889455969,7526121921.224752,85.8702255956638,4.452837151857649,0,1,canonical_v2_cambridge_prices_freeze_last
2021-01-14,37267.58,0.0746548668993747,694558780636.8242,95.8885892495878,83.0,0.047992,12607904.58977046,7538729825.814523,92.13206955082524,4.5232230862444816,0,1,canonical_v2_cambridge_prices_freeze_last
2021-01-15,38772.4,0.0403787957253998,722647703746.9354,97.8930328414833,88.0,0.047992,12871458.718160184,7551601284.532683,95.69463171037309,4.561162201905099,0,1,canonical_v2_cambridge_prices_freeze_last
2021-01-16,36250.27,-0.0650496229276497,675680371710.3171,99.3801804824644,84.0,0.047992,13066996.223875156,7564668280.756558,89.32055532813673,4.492231644240323,0,1,canonical_v2_cambridge_prices_freeze_last
2021-01-17,38772.4,0.0695754817826186,722734593837.7893,96.9471448315559,79.0,0.047992,12747088.697961729,7577415369.45452,95.38009447802216,4.557869903412911,0,1,canonical_v2_cambridge_prices_freeze_last
2021-01-18,35797.97,-0.0767151375720873,667329993645.9391,96.1049401831645,79.0,0.047992,12636351.477453236,7590051720.931973,87.92166617331014,4.476446260931609,0,1,canonical_v2_cambridge_prices_freeze_last
2021-01-19,36228.08,0.0120149271034084,675388460827.5872,96.1985184774302,80.0,0.047992,12648655.613065287,7602700376.545039,88.83533841623122,4.486784525972719,0,1,canonical_v2_cambridge_prices_freeze_last
2021-01-20,36481.05,0.0069827051281767,680145308995.8058,95.1691572405074,78.0,0.047992,12513310.121332688,7615213686.666372,89.31401494178498,4.492158417805543,0,1,canonical_v2_cambridge_prices_freeze_last
2021-01-21,34903.15,-0.043252592784473,650766286957.1185,93.4847470302309,75.0,0.047992,12291835.560205046,7627505522.226578,85.31836326578635,4.44638970994266,0,1,canonical_v2_cambridge_prices_freeze_last
2021-01-22,31182.37,-0.1066029856904033,581427506988.0663,92.174650910511,40.0,0.047992,12119577.661636284,7639625099.888214,76.10681144505035,4.332137767367433,0,1,canonical_v2_cambridge_prices_freeze_last
2021-01-23,33311.02,0.0682645353768811,621155596113.6802,93.1130290887597,74.0,0.047992,12242960.252130838,7651868060.140345,81.17698727051592,4.396631799001423,0,1,canonical_v2_cambridge_prices_freeze_last
2021-01-24,32384.25,-0.0278217238619531,603910134721.8402,93.8109090410595,70.0,0.047992,12334720.94985898,7664202781.090203,78.79621037844413,4.366864904063283,0,1,canonical_v2_cambridge_prices_freeze_last
2021-01-25,31875.68,-0.0157042389433135,594461759020.1477,93.4804079351727,74.0,0.047992,12291265.034588518,7676494046.124792,77.43922622075644,4.349493450934368,0,1,canonical_v2_cambridge_prices_freeze_last
2021-01-26,32690.1,0.0255498863083076,609686654314.7087,94.7613480765827,71.0,0.047992,12459689.361346183,7688953735.486138,79.29383831520232,4.373160424678703,0,1,canonical_v2_cambridge_prices_freeze_last
2021-01-27,32005.74,-0.0209347784191543,596958683911.1097,94.9942798342439,78.0,0.047992,12490316.377548035,7701444051.863687,77.51256516193877,4.350440054339262,0,1,canonical_v2_cambridge_prices_freeze_last
2021-01-28,31001.12,-0.0313887446439296,578255448330.9302,96.6338320230618,55.0,0.047992,12705892.784796663,7714149944.648483,74.96035888336365,4.316959425583643,0,1,canonical_v2_cambridge_prices_freeze_last
2021-01-29,33257.55,0.0727854348488055,620381067714.9108,97.8123612996549,77.0,0.047992,12860851.626008322,7727010796.274491,80.28733025894333,4.385611828416249,0,1,canonical_v2_cambridge_prices_freeze_last
2021-01-30,34601.81,0.0404196941747061,645495204929.6759,95.9780869675114,76.0,0.047992,12619672.191081664,7739630468.465573,83.40129513413953,4.42366383843045,0,1,canonical_v2_cambridge_prices_freeze_last
2021-01-31,34687.22,0.0024683679842183,647127125578.7273,96.4508848134837,78.0,0.047992,12681837.983475918,7752312306.449049,83.47536838014003,4.42455159887946,0,1,canonical_v2_cambridge_prices_freeze_last
2021-02-01,32302.81,-0.0687403026244247,602679341581.4307,94.4020030500005,77.0,0.04847,12536068.733790478,7764848375.182839,77.61636962643708,4.351778353736897,0,1,canonical_v2_cambridge_prices_freeze_last
2021-02-02,33656.99,0.0419214303647266,627981940573.7756,93.5643596161969,76.0,0.04847,12424834.275608394,7777273209.458447,80.74577344281103,4.391305619467416,0,1,canonical_v2_cambridge_prices_freeze_last
2021-02-03,35667.11,0.0597237007825122,665526981011.6189,94.2412633296664,78.0,0.04847,12514723.379695699,7789787932.838143,85.43582787485971,4.4477655429669385,0,1,canonical_v2_cambridge_prices_freeze_last
2021-02-04,37306.25,0.0459566250251282,696153791658.5986,95.5747787225428,80.0,0.04847,12691806.916936027,7802479739.755079,89.22212102795552,4.4911290024275825,0,1,canonical_v2_cambridge_prices_freeze_last
2021-02-05,37682.9,0.010096163511476,703224109394.7896,97.0926402631345,81.0,0.04847,12893370.612477064,7815373110.367557,89.97959527510223,4.499582925460059,0,1,canonical_v2_cambridge_prices_freeze_last
2021-02-06,37859.99,0.0046994790740626,706570908265.519,99.5996801756865,84.0,0.04847,13226291.77565897,7828599402.143215,90.25508548465042,4.502639944485845,0,1,canonical_v2_cambridge_prices_freeze_last
2021-02-07,40101.0,0.0591920388779818,748438758474.3517,101.081946429578,86.0,0.04847,13423128.612168891,7842022530.755384,95.439506267557,4.558492604552861,0,1,canonical_v2_cambridge_prices_freeze_last
2021-02-08,37902.82,-0.0548160893743298,707454292101.102,105.572059481737,83.0,0.04847,14019391.022136416,7856041921.777521,90.05225521263922,4.500390115313246,0,1,canonical_v2_cambridge_prices_freeze_last
2021-02-09,44714.11,0.1797040431292447,834636235774.3246,105.02621518411,95.0,0.04847,13946905.890339209,7869988827.66786,106.0530394706615,4.6639393413322905,0,1,canonical_v2_cambridge_prices_freeze_last
2021-02-10,47331.6,0.0585383450548384,883546882306.7123,104.762458477085,92.0,0.04847,13911880.444888523,7883900708.112748,112.06976280123854,4.719121559538439,0,1,canonical_v2_cambridge_prices_freeze_last
2021-02-11,45020.08,-0.0488367179643197,840447191166.5094,102.203384468313,93.0,0.04847,13572049.438846936,7897472757.551595,106.41976452060192,4.667391316429465,0,1,canonical_v2_cambridge_prices_freeze_last
2021-02-12,46925.0,0.0423126746998228,876060682687.7352,100.0562857133,92.0,0.04847,13286926.489105893,7910759684.040701,110.74292706111585,4.707211542877869,0,1,canonical_v2_cambridge_prices_freeze_last
2021-02-13,47958.37,0.0220217368140651,895406101644.5427,99.8847774973882,92.0,0.04847,13264151.137803853,7924023835.178505,112.99891573639769,4.727378223413188,0,1,canonical_v2_cambridge_prices_freeze_last
2021-02-14,47188.37,-0.0160555915474192,881081991803.3354,99.1104766149685,95.0,0.04847,13161328.223363077,7937185163.401868,111.00685868662597,4.709591989373016,0,1,canonical_v2_cambridge_prices_freeze_last
2021-02-15,48644.78,0.0308637488431999,908329234387.0868,98.1426005119439,93.0,0.04847,13032799.58031211,7950217962.98218,114.25211718929609,4.738407560799954,0,1,canonical_v2_cambridge_prices_freeze_last
2021-02-16,48325.31,-0.0065674055880199,902417238843.6312,96.013274357006,95.0,0.04847,12750036.734476933,7962967999.716657,113.326744359106,4.7302751892441295,0,1,canonical_v2_cambridge_prices_freeze_last
2021-02-17,48588.75,0.005451387688977,907390301496.746,96.1332123059119,95.0,0.04847,12765963.836897396,7975733963.553555,113.76887765354476,4.734169001455455,0,1,canonical_v2_cambridge_prices_freeze_last
2021-02-18,52400.45,0.0784482004579247,978631254420.649,97.6772658851845,91.0,0.04847,12971005.69165724,7988704969.245212,122.50186459359408,4.808126251041138,0,1,canonical_v2_cambridge_prices_freeze_last
2021-02-19,52044.1,-0.0068005141177222,972033454984.4069,99.6237280568117,93.0,0.04847,13229485.202503188,8001934454.447715,121.47480843761743,4.79970690332112,0,1,canonical_v2_cambridge_prices_freeze_last
2021-02-20,55631.74,0.0689346150668375,1039101530733.3806,99.5814897696542,91.0,0.04847,13223876.18941134,8015158330.637126,129.64204671559898,4.864777165834614,0,1,canonical_v2_cambridge_prices_freeze_last
2021-02-21,56518.48,0.0159394618971113,1055726521589.3114,99.8913869024288,91.0,0.04847,13265028.830577325,8028423359.467703,131.49861116184434,4.878996290055159,0,1,canonical_v2_cambridge_prices_freeze_last
2021-02-22,57531.19,0.0179182101146386,1074706608541.7614,98.9838098308503,94.0,0.04847,13144507.568496753,8041567867.0362,133.64391450915593,4.895178908507908,0,1,canonical_v2_cambridge_prices_freeze_last
2021-02-23,54948.2,-0.0448972114082814,1026515762768.418,100.453904104024,94.0,0.04847,13339728.032663133,8054907595.068863,127.43979377204042,4.847644047364768,0,1,canonical_v2_cambridge_prices_freeze_last
2021-02-24,47954.71,-0.1272742328229131,895919517505.5582,102.996030287028,76.0,0.04847,13677308.460307525,8068584903.52917,111.03799838726196,4.709872470544708,0,1,canonical_v2_cambridge_prices_freeze_last
2021-02-25,48745.82,0.0164970239628181,910753129126.481,105.157694824076,79.0,0.04847,13964365.666090311,8082549269.19526,112.68142003137584,4.724564545266142,0,1,canonical_v2_cambridge_prices_freeze_last
2021-02-26,48037.41,-0.0145327332682062,897570198591.0374,103.894274078434,55.0,0.04847,13796590.313922452,8096345859.509183,110.86114824712415,4.708278501570385,0,1,canonical_v2_cambridge_prices_freeze_last
2021-02-27,45661.75,-0.0494543731645815,853231593716.0977,105.03596757083,56.0,0.04847,13948200.953857891,8110294060.46304,105.20353360250222,4.655896889116897,0,1,canonical_v2_cambridge_prices_freeze_last
2021-02-28,46857.75,0.0261926010282129,875631404668.1813,103.99806142525,55.0,0.04847,13810372.704881828,8124104433.167922,107.78189914611137,4.6801097329301005,0,1,canonical_v2_cambridge_prices_freeze_last
2021-03-01,43177.77,-0.0785351409318629,806910961508.2863,103.527416377074,38.0,0.047849,13571735.19514141,8137676168.363064,99.15741850791792,4.596708673225023,0,1,canonical_v2_cambridge_prices_freeze_last
2021-03-02,48858.83,0.1315737241640779,913132844566.0367,105.012863171504,78.0,0.047849,13766467.095598068,8151442635.458662,112.02101093049733,4.718686451294593,0,1,canonical_v2_cambridge_prices_freeze_last
2021-03-03,47435.16,-0.0291384382311241,886577595764.0017,104.100102279518,78.0,0.047849,13646810.394445635,8165089445.853107,108.58149217388886,4.687500971004804,0,1,canonical_v2_cambridge_prices_freeze_last
2021-03-04,50951.5,0.0741294010603104,952354907532.5388,101.037146065809,84.0,0.047849,13245277.813980533,8178334723.667088,116.44851179501637,4.7574492164721,0,1,canonical_v2_cambridge_prices_freeze_last
2021-03-05,47895.14,-0.0599856726494804,895279728556.7329,101.892498472596,77.0,0.047849,13357408.655932182,8191692132.32302,109.2911835668374,4.694015729228601,0,1,canonical_v2_cambridge_prices_freeze_last
2021-03-06,49039.86,0.0239005460679309,916731102291.172,101.001076695972,77.0,0.047849,13240549.36664538,8204932681.689666,111.72926553522763,4.716078672969464,0,1,canonical_v2_cambridge_prices_freeze_last
2021-03-07,48593.8,-0.009095866097497,908445824582.7538,102.188909067307,76.0,0.047849,13396266.05468924,8218328947.744355,110.53899525792168,4.705368356965597,0,1,canonical_v2_cambridge_prices_freeze_last
2021-03-08,51057.91,0.0507083208145895,954567442979.772,104.551169598714,81.0,0.047849,13705942.230490046,8232034889.974845,115.95765272354049,4.753225061726646,0,1,canonical_v2_cambridge_prices_freeze_last
2021-03-09,51888.64,0.0162703487079669,970155326084.1644,104.061138466699,81.0,0.047849,13641702.505460495,8245676592.480306,117.65624266284023,4.7677671750732795,0,1,canonical_v2_cambridge_prices_freeze_last
2021-03-10,54305.5,0.0465778251270412,1015402403701.5576,103.559384501757,68.0,0.047849,13575925.99732759,8259252518.477633,122.94119854428656,4.811706180449453,0,1,canonical_v2_cambridge_prices_freeze_last
2021-03-11,56912.83,0.048012263951165,1064216344547.5518,103.797728509806,73.0,0.047849,13607171.264289608,8272859689.741923,128.63947709244306,4.85701374053156,0,1,canonical_v2_cambridge_prices_freeze_last
2021-03-12,57581.97,0.0117572786311979,1076791506387.3652,103.704934541938,70.0,0.047849,13595006.610677237,8286454696.3526,129.94598363777095,4.867118853628498,0,1,canonical_v2_cambridge_prices_freeze_last
2021-03-13,56953.11,-0.0109211268735682,1065093887320.0144,102.781848114191,74.0,0.047849,13473996.302509386,8299928692.655109,128.32566721477409,4.854571307846636,0,1,canonical_v2_cambridge_prices_freeze_last
2021-03-14,61584.4,0.0813175961769252,1151771942140.5703,103.895739484986,78.0,0.047849,13620019.83182766,8313548712.4869375,138.54155210645612,4.931170295840899,0,1,canonical_v2_cambridge_prices_freeze_last
2021-03-15,59718.75,-0.0302941978812816,1116945049127.6675,103.186899867119,76.0,0.047849,13527095.812991168,8327075808.299929,134.13412761468604,4.898840251680548,0,1,canonical_v2_cambridge_prices_freeze_last
2021-03-16,56412.5,-0.0553636839351124,1055168336425.0676,104.09826536145,71.0,0.047849,13646569.587068552,8340722377.886997,126.50802755676655,4.840305765100912,0,1,canonical_v2_cambridge_prices_freeze_last
2021-03-17,56379.85,-0.0005787724351872,1054619049306.6226,102.781848114191,71.0,0.047849,13473996.302509386,8354196374.189507,126.23824028902335,4.838170917591532,0,1,canonical_v2_cambridge_prices_freeze_last
2021-03-18,57750.0,0.0243021221234183,1080311408133.5632,104.807106878829,72.0,0.047849,13739493.854918053,8367935868.044425,129.10130110569676,4.860597376079865,0,1,canonical_v2_cambridge_prices_freeze_last
2021-03-19,57487.75,-0.0045411255411255,1075468141063.4164,104.667623877192,71.0,0.047849,13721208.588766467,8381657076.633191,128.31211432661223,4.854465689039514,0,1,canonical_v2_cambridge_prices_freeze_last
2021-03-20,58426.89,0.016336349918026,1093100919470.8864,106.084908014613,75.0,0.047849,13907004.831756761,8395564081.464948,130.1998184832091,4.869070335635318,0,1,canonical_v2_cambridge_prices_freeze_last
2021-03-21,58500.0,0.0012513074031494,1094532328602.2152,106.290979328597,73.0,0.047849,13934019.369572707,8409498100.83452,130.15429880334938,4.868720660502096,0,1,canonical_v2_cambridge_prices_freeze_last
2021-03-22,57298.75,-0.020534188034188,1072119264198.9116,106.892252480554,70.0,0.047849,14012842.161485009,8423510942.996005,127.27700734933563,4.846365871412883,0,1,canonical_v2_cambridge_prices_freeze_last
2021-03-23,54580.0,-0.0474486790724055,1021307906853.476,108.424592856263,66.0,0.047849,14213721.489258433,8437724664.485264,121.04067713328021,4.796126663757911,0,1,canonical_v2_cambridge_prices_freeze_last
2021-03-24,54433.57,-0.0026828508611212,1018626988492.524,110.344253998275,65.0,0.047849,14465375.916612219,8452190040.401876,120.51633761468186,4.7917853256048994,0,1,canonical_v2_cambridge_prices_freeze_last
2021-03-25,54015.95,-0.0076721038138781,1010870593686.5732,110.850172641365,60.0,0.047849,14531698.385525135,8466721738.787401,119.39338800466466,4.782423822579793,0,1,canonical_v2_cambridge_prices_freeze_last
2021-03-26,51990.47,-0.0374978131459318,973021549457.0292,109.839907200644,54.0,0.047849,14399259.50587292,8481120998.293274,114.7279409942198,4.742563595116582,0,1,canonical_v2_cambridge_prices_freeze_last
2021-03-27,54018.61,0.0390098416113569,1011037530447.2308,110.356072756514,65.0,0.047849,14466925.274866953,8495587923.568141,119.00736471015131,4.779185379517125,0,1,canonical_v2_cambridge_prices_freeze_last
2021-03-28,55900.78,0.0348429920725468,1046325679368.358,110.665771900084,74.0,0.047849,14507524.71136197,8510095448.279503,122.95110974106584,4.811786794575643,0,1,canonical_v2_cambridge_prices_freeze_last
2021-03-29,55989.75,0.001591569920849,1048051623729.2092,110.665771900084,72.0,0.047849,14507524.71136197,8524602972.990865,122.94433266274446,4.811731672949501,0,1,canonical_v2_cambridge_prices_freeze_last
2021-03-30,57241.15,0.0223505195147326,1071538091880.7902,109.117277131988,72.0,0.047849,14304527.653393136,8538907500.644258,125.48889794156254,4.832217292041759,0,1,canonical_v2_cambridge_prices_freeze_last
2021-03-31,58665.71,0.0248869912641516,1098268933000.1876,109.633441738101,76.0,0.047849,14372193.297880534,8553279693.942138,128.40325258836523,4.855175722620107,0,1,canonical_v2_cambridge_prices_freeze_last
2021-04-01,58979.88,0.0053552577817603,1104214237913.6838,108.438853632282,74.0,0.04869,14465445.98179674,8567745139.923934,128.8803786620907,4.858884676962561,0,1,canonical_v2_cambridge_prices_freeze_last
2021-04-02,58874.0,-0.0017951884608784,1102295612183.3015,109.403526388403,74.0,0.04869,14594130.684524223,8582339270.6084585,128.43766453725297,4.855443685758369,0,1,canonical_v2_cambridge_prices_freeze_last
2021-04-03,58670.03,-0.003464517444033,1098540086129.6924,107.045832040564,73.0,0.04869,14279620.717959072,8596618891.326418,127.78745923447501,4.850368409072811,0,1,canonical_v2_cambridge_prices_freeze_last
2021-04-04,58096.08,-0.0097826777998919,1087856168764.2008,106.297644098388,74.0,0.04869,14179814.496302772,8610798705.822721,126.33626750891064,4.838947141808806,0,1,canonical_v2_cambridge_prices_freeze_last
2021-04-05,58136.05,0.0006879982263863,1088667371599.1852,107.448323537552,71.0,0.04869,14333311.98094084,8625132017.803663,126.22037197251012,4.838029363168944,0,1,canonical_v2_cambridge_prices_freeze_last
2021-04-06,58777.69,0.0110368695499607,1100746273642.973,107.827562848309,75.0,0.04869,14383901.465984015,8639515919.269648,127.40832749527776,4.847397105956952,0,1,canonical_v2_cambridge_prices_freeze_last
2021-04-07,58236.83,-0.0092017906794227,1090680245703.582,108.46614456861,72.0,0.04869,14469086.517933207,8653985005.78758,126.03213952579776,4.836536950026797,0,1,canonical_v2_cambridge_prices_freeze_last
2021-04-08,56224.08,-0.0345614622224458,1053045350915.1514,108.141105536756,73.0,0.04869,14425727.201601777,8668410732.989182,121.48078619620546,4.799756111972588,0,1,canonical_v2_cambridge_prices_freeze_last
2021-04-09,57666.75,0.0256592904677142,1080127882462.4812,109.446406664833,70.0,0.04869,14599850.795919778,8683010583.7851,124.39555060309871,4.82346641280931,0,1,canonical_v2_cambridge_prices_freeze_last
2021-04-10,58312.42,0.0111965734153562,1092284414492.2034,112.236217270429,70.0,0.04869,14972003.887389556,8697982587.672491,125.57905278406515,4.832935462928302,0,1,canonical_v2_cambridge_prices_freeze_last
2021-04-11,58572.57,0.0044613137304196,1097220489083.5564,112.128917651907,76.0,0.04869,14957690.412250277,8712940278.084742,125.92999080268514,4.835726123982615,0,1,canonical_v2_cambridge_prices_freeze_last
2021-04-12,59835.75,0.0215660675295621,1120947600580.588,110.841311967631,74.0,0.04869,14785927.341654666,8727726205.426395,128.43523893813804,4.855424800161001,0,1,canonical_v2_cambridge_prices_freeze_last
2021-04-13,59935.0,0.0016587073781142,1122871381156.8872,110.626710864766,74.0,0.04869,14757300.142480701,8742483505.568876,128.43849009742246,4.855450113448558,0,1,canonical_v2_cambridge_prices_freeze_last
2021-04-14,63220.25,0.0548135480103444,1184487902864.579,108.266103397809,75.0,0.04869,14442401.573806359,8756925907.142683,135.2629810306421,4.907220891166406,0,1,canonical_v2_cambridge_prices_freeze_last
2021-04-15,62382.46,-0.0132519248183928,1168858183187.6196,112.417735505936,79.0,0.04869,14996217.922695955,8771922125.065378,133.249949842539,4.892226686629665,0,1,canonical_v2_cambridge_prices_freeze_last
2021-04-16,63398.46,0.0162866292865013,1187963027352.0942,107.372356983254,78.0,0.04869,14323178.250725035,8786245303.316103,135.20713186823198,4.906807912722279,0,1,canonical_v2_cambridge_prices_freeze_last
2021-04-17,62006.83,-0.021950533183298,1161953163660.7334,100.478133900812,76.0,0.04869,13403507.779809687,8799648811.095913,132.04540187962604,4.88314581708141,0,1,canonical_v2_cambridge_prices_freeze_last
2021-04-18,60873.07,-0.018284437375689,1140772813981.5046,98.4804602847283,79.0,0.04869,13137023.592502521,8812785834.688416,129.4451987578384,4.863257615960376,0,1,canonical_v2_cambridge_prices_freeze_last
2021-04-19,55550.0,-0.0874454007330335,1041077048935.8588,93.6373143392946,74.0,0.04869,12490961.19227467,8825276795.88069,117.96537072036027,4.770391112923843,0,1,canonical_v2_cambridge_prices_freeze_last
2021-04-20,56199.26,0.0116878487848786,1053305238530.83,92.3989905779511,73.0,0.04869,12325772.195179284,8837602568.075869,119.18449946320189,4.780672708115181,0,1,canonical_v2_cambridge_prices_freeze_last
2021-04-21,56780.9,0.0103496024680751,1064267362063.309,88.9589951837019,73.0,0.04869,11866886.234231357,8849469454.3101,120.26340873406389,4.789684409913393,0,1,canonical_v2_cambridge_prices_freeze_last
2021-04-22,54982.7,-0.0316690999966539,1030621851105.8064,86.067871445395,65.0,0.04869,11481218.248428172,8860950672.558529,116.31052797726754,4.756263579737666,0,1,canonical_v2_cambridge_prices_freeze_last
2021-04-23,51600.0,-0.0615229881399057,967270145132.1855,89.5674548099593,55.0,0.04869,11948053.08136142,8872898725.63989,109.01399588130975,4.6914762765670615,0,1,canonical_v2_cambridge_prices_freeze_last
2021-04-24,50543.35,-0.0204777131782946,947516737827.4944,95.4730018775982,37.0,0.04869,12735836.88060344,8885634562.520494,106.63467320883409,4.669408723467884,0,1,canonical_v2_cambridge_prices_freeze_last
2021-04-25,50982.25,0.0086836349391166,955799144240.4532,97.3321550968906,31.0,0.04869,12983842.826486586,8898618405.346981,107.4098360781641,4.676651761476812,0,1,canonical_v2_cambridge_prices_freeze_last
2021-04-26,49652.95,-0.0260737805804962,930930917377.9348,99.1913088759292,27.0,0.04869,13231848.847038336,8911850254.19402,104.45989225860568,4.648803191594694,0,1,canonical_v2_cambridge_prices_freeze_last
2021-04-27,53257.07,0.0725862209596812,998560570108.8618,100.722377111027,50.0,0.04869,13436089.154892888,8925286343.348911,111.87994779046896,4.717426401677134,0,1,canonical_v2_cambridge_prices_freeze_last
2021-04-28,55194.32,0.0363754521230701,1034942599399.431,105.206218040325,59.0,0.04869,14034221.250365544,8939320564.599277,115.77419021059845,4.751641657832299,0,1,canonical_v2_cambridge_prices_freeze_last
2021-04-29,54443.9,-0.0135959642224054,1020929665031.8672,102.909616620588,52.0,0.04869,13727860.913031314,8953048425.512308,114.03151379396766,4.736474846982076,0,1,canonical_v2_cambridge_prices_freeze_last
2021-04-30,52990.27,-0.0266995935265476,993727787838.7823,104.003236655242,51.0,0.04869,13873746.829434885,8966922172.341743,110.82150248877055,4.707920821267983,0,1,canonical_v2_cambridge_prices_freeze_last
2021-05-01,56821.18,0.0722945929507437,1065629521686.3928,102.587498059117,68.0,0.04950499999999999,13913956.414839962,8980836128.756584,118.6559365307038,4.776228015601491,0,1,canonical_v2_cambridge_prices_freeze_last
2021-05-02,57719.35,0.0158069578984456,1082535399097.5583,104.467292407989,66.0,0.04950499999999999,14168913.179883549,8995005041.936468,120.34850386971071,4.790391732657922,0,1,canonical_v2_cambridge_prices_freeze_last
2021-05-03,56898.6,-0.0142196681009054,1067202717921.0682,108.551760055838,61.0,0.04950499999999999,14722890.086477421,9009727932.022945,118.45004932146162,4.774491346995266,0,1,canonical_v2_cambridge_prices_freeze_last
2021-05-04,56812.89,-0.0015063639527158,1065655615097.3958,109.948142143887,68.0,0.04950499999999999,14912281.580364725,9024640213.60331,118.08289193524608,4.771386851873784,0,1,canonical_v2_cambridge_prices_freeze_last
2021-05-05,54751.93,-0.0362762746271136,1027055870105.4624,109.100220715871,48.0,0.04950499999999999,14797277.880929297,9039437491.48424,113.6194449126971,4.732854661645273,0,1,canonical_v2_cambridge_prices_freeze_last
2021-05-06,56858.73,0.0384790088678153,1066636446283.2036,111.655203609567,65.0,0.04950499999999999,15143810.560798941,9054581302.045038,117.80074756657126,4.76899461726332,0,1,canonical_v2_cambridge_prices_freeze_last
2021-05-07,55965.29,-0.0157133302133199,1049935541169.0244,111.881886418381,64.0,0.04950499999999999,15174555.581210824,9069755857.62625,115.76227162566812,4.751538705711098,0,1,canonical_v2_cambridge_prices_freeze_last
2021-05-08,57683.25,0.0306968837291827,1082226593514.354,113.430795328949,67.0,0.04950499999999999,15384634.308930466,9085140491.93518,119.12051271799697,4.780135692580703,0,1,canonical_v2_cambridge_prices_freeze_last
2021-05-09,59009.03,0.0229837951225009,1107162950149.2666,113.524308736109,73.0,0.04950499999999999,15397317.545153633,9100537809.480335,121.65906821417717,4.801222609929949,0,1,canonical_v2_cambridge_prices_freeze_last
2021-05-10,57487.75,-0.0257804610582481,1078680816203.0812,113.804846219223,72.0,0.04950499999999999,15435366.882418174,9115973176.362753,118.32865184378173,4.77346593814118,0,1,canonical_v2_cambridge_prices_freeze_last
2021-05-11,55307.46,-0.0379261668790307,1037829282153.702,112.963232857093,61.0,0.04950499999999999,15321218.746822981,9131294395.109575,113.65631609791595,4.7331791237469805,0,1,canonical_v2_cambridge_prices_freeze_last
2021-05-12,56902.4,0.0288377010985498,1067818251339.668,114.365923011028,68.0,0.04950499999999999,15511465.804550523,9146805860.914125,116.74220132982586,4.759968096286449,0,1,canonical_v2_cambridge_prices_freeze_last
2021-05-13,54469.4,-0.0427574232369811,1022218844788.3884,115.537890228569,31.0,0.04950499999999999,15670419.878809063,9162476280.792934,111.5657834696107,4.714614403201232,0,1,canonical_v2_cambridge_prices_freeze_last
2021-05-14,49305.39,-0.0948057074247192,925358914555.9248,114.68260785121,26.0,0.04950499999999999,15554417.812805891,9178030698.60574,100.82325336921119,4.613369017219459,0,1,canonical_v2_cambridge_prices_freeze_last
2021-05-15,49186.65,-0.0024082559736369,923182513344.7198,112.670705890505,27.0,0.04950499999999999,15281543.274272462,9193312241.880013,100.4189229143305,4.609350664740737,0,1,canonical_v2_cambridge_prices_freeze_last
2021-05-16,48242.95,-0.019186100293474,905521317133.2996,110.278949527083,20.0,0.04950499999999999,14957149.031063681,9208269390.911076,98.3378394671082,4.588408891711008,0,1,canonical_v2_cambridge_prices_freeze_last
2021-05-17,45410.48,-0.0587126201859544,852403842423.7225,107.198136052172,27.0,0.04950499999999999,14539297.877432257,9222808688.788507,92.42345484840506,4.526380786786332,0,1,canonical_v2_cambridge_prices_freeze_last
2021-05-18,44795.2,-0.0135492952287666,840901751963.148,102.478807909228,21.0,0.04950499999999999,13899214.754921455,9236707903.543428,91.03911921265339,4.511289295602017,0,1,canonical_v2_cambridge_prices_freeze_last
2021-05-19,43303.5,-0.0333004429045968,812945132499.0367,100.60068978065,23.0,0.04950499999999999,13644485.335865963,9250352388.879293,87.88261228581449,4.476001972675597,0,1,canonical_v2_cambridge_prices_freeze_last
2021-05-20,38311.29,-0.1152842149017977,719265875372.4375,95.7012540464021,11.0,0.04950499999999999,12979974.196074344,9263332363.075367,77.6465581910359,4.3521672239637255,0,1,canonical_v2_cambridge_prices_freeze_last
2021-05-21,40061.2,0.0456760918256731,752161442847.205,92.4247259807844,19.0,0.04950499999999999,12535578.245695155,9275867941.321062,81.08798525435698,4.395534802851245,0,1,canonical_v2_cambridge_prices_freeze_last
2021-05-22,35208.5,-0.1211321677832915,661087666906.754,91.0502780670976,12.0,0.04950499999999999,12349161.686881276,9288217103.007944,71.17487237595512,4.265139840060352,0,1,canonical_v2_cambridge_prices_freeze_last
2021-05-23,38072.35,0.0813397333030376,714900535914.3297,88.9789684793822,14.0,0.04950499999999999,12068229.683758399,9300285332.691702,76.86866696458894,4.342098341784749,0,1,canonical_v2_cambridge_prices_freeze_last
2021-05-24,32576.91,-0.144342022491388,611744705991.605,88.9183962233433,10.0,0.04950499999999999,12060014.260374272,9312345346.952076,65.691797629888,4.184974071880665,0,1,canonical_v2_cambridge_prices_freeze_last
2021-05-25,39024.88,0.1979306815778414,732868893141.0931,90.9184663386943,22.0,0.04950499999999999,12331284.044101538,9324676630.996178,78.59456388063496,4.364302535219389,0,1,canonical_v2_cambridge_prices_freeze_last
2021-05-26,37626.53,-0.0358322690550233,706648185338.5267,89.9686684273098,22.0,0.04950499999999999,12202462.823271153,9336879093.819448,75.68355316995513,4.326560873561636,0,1,canonical_v2_cambridge_prices_freeze_last
2021-05-27,38755.25,0.0299979828062806,727887022978.7572,90.5119567437422,27.0,0.04950499999999999,12276149.092051936,9349155242.9115,77.85591361643489,4.3548598570705295,0,1,canonical_v2_cambridge_prices_freeze_last
2021-05-28,38486.87,-0.0069249972584358,722886922969.6626,91.4898779823564,21.0,0.04950499999999999,12408784.683606995,9361564027.595108,77.21860586957551,4.346640436666064,0,1,canonical_v2_cambridge_prices_freeze_last
2021-05-29,35208.55,-0.0851802186044227,661348303755.3668,91.4898779823564,18.0,0.04950499999999999,12408784.683606995,9373972812.278715,70.5515491669748,4.256343636484031,0,1,canonical_v2_cambridge_prices_freeze_last
2021-05-30,34255.91,-0.0270570642642199,643490187624.7767,91.7256168318439,10.0,0.04950499999999999,12440757.976055976,9386413570.25477,68.55549063637848,4.227643499611518,0,1,canonical_v2_cambridge_prices_freeze_last
2021-05-31,36144.79,0.0551402663073319,679010403884.1869,90.8762595108384,18.0,0.04950499999999999,12325559.526257683,9398739129.781029,72.24483992035285,4.2800609046545235,0,1,canonical_v2_cambridge_prices_freeze_last
2021-06-01,36700.0,0.0153607200373828,689479053885.7124,90.3731696577357,20.0,0.0515815,12771462.056713684,9411510591.837742,73.25912744375725,4.294002846875115,0,1,canonical_v2_cambridge_prices_freeze_last
2021-06-02,36318.98,-0.0103820163487737,682359013908.1525,92.1525676721689,23.0,0.0515815,13022925.121594466,9424533516.959337,72.40241786824308,4.282239694804246,0,1,canonical_v2_cambridge_prices_freeze_last
2021-06-03,37739.05,0.0390999416833843,709078826965.4048,92.7543067884721,24.0,0.0515815,13107962.39893034,9437641479.358267,75.13305400679621,4.319260595186151,0,1,canonical_v2_cambridge_prices_freeze_last
2021-06-04,38701.82,0.0255112410089812,727208914580.0927,91.6895108352682,27.0,0.0515815,12957486.309998319,9450598965.668264,76.94844710074635,4.343135679454178,0,1,canonical_v2_cambridge_prices_freeze_last
2021-06-05,37052.46,-0.0426171172311793,696256224789.6785,90.9506880464651,24.0,0.0515815,12853076.480736272,9463452042.149,73.57317622455766,4.29828050583484,0,1,canonical_v2_cambridge_prices_freeze_last
2021-06-06,35827.47,-0.0330609627538899,673274878943.0123,91.3711004723668,17.0,0.0515815,12912488.819220243,9476364530.96822,71.04780285127154,4.263352930085665,0,1,canonical_v2_cambridge_prices_freeze_last
2021-06-07,35892.06,0.0018028066173803,674526268469.4523,90.5762093376607,15.0,0.0515815,12800155.457398755,9489164686.42562,71.08384043901899,4.26386003163864,0,1,canonical_v2_cambridge_prices_freeze_last
2021-06-08,34441.65,-0.0404103303070371,647304507519.7168,91.2102429372064,13.0,0.0515815,12889756.564563047,9502054442.990183,68.12258458456252,4.221308796715393,0,1,canonical_v2_cambridge_prices_freeze_last
2021-06-09,33624.61,-0.0237224407076896,631984060740.5977,87.5871945637,14.0,0.0515815,12377750.3462671,9514432193.33645,66.42372848935909,4.196054349413123,0,1,canonical_v2_cambridge_prices_freeze_last
2021-06-10,36396.96,0.0824500269296804,684129243421.7712,84.9604850253076,21.0,0.0515815,12006545.913240835,9526438739.249691,71.81374510950288,4.274075893798133,0,1,canonical_v2_cambridge_prices_freeze_last
2021-06-11,36476.84,0.0021946887871953,685668839518.4524,82.6055033314781,21.0,0.0515815,11673741.83587024,9538112481.085562,71.88726709589132,4.275099157193084,0,1,canonical_v2_cambridge_prices_freeze_last
2021-06-12,37132.84,0.017984013966122,698038730400.3479,82.696078817964,28.0,0.0515815,11686541.889174823,9549799022.974737,73.0945990298873,4.291754479346062,0,1,canonical_v2_cambridge_prices_freeze_last
2021-06-13,36002.13,-0.0304504045475648,676820781839.6569,80.9217669519036,23.0,0.0515815,11435797.594601689,9561234820.56934,70.78800955537608,4.259689629794748,0,1,canonical_v2_cambridge_prices_freeze_last
2021-06-14,37506.39,0.0417825278671013,705139231166.1718,80.4551896178813,28.0,0.0515815,11369861.269245874,9572604681.838585,73.66221155084172,4.2994899343354485,0,1,canonical_v2_cambridge_prices_freeze_last
2021-06-15,39847.49,0.0624186971873326,749194694413.2405,78.1962805464783,38.0,0.0515815,11050634.095912796,9583655315.934498,78.17421116633584,4.358939812680085,0,1,canonical_v2_cambridge_prices_freeze_last
2021-06-16,39959.84,0.0028195000488111,751348737466.327,77.3343975011542,33.0,0.0515815,10928833.492344618,9594584149.426842,78.3096719737677,4.360671119937417,0,1,canonical_v2_cambridge_prices_freeze_last
2021-06-17,38520.99,-0.0360074014310367,724334790269.2537,77.7975724975901,26.0,0.0515815,10994289.002149163,9605578438.428991,75.40772218062484,4.322909685958389,0,1,canonical_v2_cambridge_prices_freeze_last
2021-06-18,37743.41,-0.0201858778811239,709752795543.9023,78.9235680795335,25.0,0.0515815,11153413.77231358,9616731852.201305,73.80394987112356,4.301412251463151,0,1,canonical_v2_cambridge_prices_freeze_last
2021-06-19,35495.38,-0.0595608610880682,667516286163.0068,75.8026639424299,23.0,0.0515815,10712370.164784791,9627444222.36609,69.33473419791515,4.238945995606717,0,1,canonical_v2_cambridge_prices_freeze_last
2021-06-20,36104.3,0.0171549086106419,679005061839.7618,72.9972573179219,21.0,0.0515815,10315912.406422982,9637760134.772514,70.45257947331025,4.254939851915855,1,1,canonical_v2_cambridge_prices_freeze_last
2021-06-21,34932.68,-0.0324509822929679,657007038143.2864,70.4239115513062,23.0,0.0515815,9952249.297763564,9647712384.070278,68.09977453599227,4.220973902371605,1,1,canonical_v2_cambridge_prices_freeze_last
2021-06-22,32568.17,-0.0676876208753523,612569675334.1481,66.9927831699327,10.0,0.0515815,9467365.05501338,9657179749.125292,63.431528794898135,4.1499610374347835,1,1,canonical_v2_cambridge_prices_freeze_last
2021-06-23,32889.85,0.0098771284969343,618654303637.3331,65.1056626294326,14.0,0.0515815,9200678.731287884,9666380427.856579,64.0006161825056,4.158892711164975,1,1,canonical_v2_cambridge_prices_freeze_last
2021-06-24,33057.18,0.0050875878120453,621836118317.4297,62.9612077373504,22.0,0.0515815,8897626.128504494,9675278053.985083,64.27061990857266,4.16310260471668,1,1,canonical_v2_cambridge_prices_freeze_last
2021-06-25,34861.5,0.0545817882832111,655813260309.5483,61.7603134617946,27.0,0.0515815,8727916.736519339,9684005970.721601,67.72127798065377,4.215400428626352,1,1,canonical_v2_cambridge_prices_freeze_last
2021-06-26,32190.44,-0.0766191930926667,605598801515.557,60.5594191862389,20.0,0.0515815,8558207.344534198,9692564178.066135,62.480762612436614,4.134858711161753,1,1,canonical_v2_cambridge_prices_freeze_last
2021-06-27,31296.3,-0.0277765696896346,588809824406.1553,56.5278427148277,22.0,0.0515815,7988468.271218863,9700552646.337355,60.69858552115303,4.105920395012275,1,1,canonical_v2_cambridge_prices_freeze_last
2021-06-28,32712.65,0.0452561484903966,615491023275.0498,55.0696127025848,25.0,0.0515815,7782392.404433912,9708335038.741789,63.398205852897526,4.149435562192563,1,1,canonical_v2_cambridge_prices_freeze_last
2021-06-29,34650.05,0.0592247953009004,651979279839.658,54.9838345276781,25.0,0.0515815,7770270.303258707,9716105309.045048,67.10294496630338,4.206227932229188,1,1,canonical_v2_cambridge_prices_freeze_last
2021-06-30,36148.75,0.0432524628391588,680216452246.515,53.8687180807528,28.0,0.0515815,7612682.96351329,9723717992.00856,69.95435828204305,4.24784300484667,1,1,canonical_v2_cambridge_prices_freeze_last
2021-07-01,34576.96,-0.0434811715481171,650675660897.5272,53.0753763862656,28.0,0.05835850000000001,8486025.624213373,9732204017.632774,66.85799637149357,4.202570913021134,1,1,canonical_v2_cambridge_prices_freeze_last
2021-07-02,33408.91,-0.0337811652614918,628729669406.9021,51.3398083456587,21.0,0.05835850000000001,8208532.069424997,9740412549.7022,64.548566726378,4.16741791296214,1,1,canonical_v2_cambridge_prices_freeze_last
2021-07-03,33132.0,-0.0082885074670201,623552726406.3954,52.1087662608808,24.0,0.05835850000000001,8331477.906398939,9748744027.608599,63.962365268847364,4.1582948677205085,1,1,canonical_v2_cambridge_prices_freeze_last
2021-07-04,34718.97,0.047898406374502,653455821119.946,54.2232970648266,27.0,0.05835850000000001,8669562.415774476,9757413590.024374,66.97018785675085,4.2042475630061364,1,1,canonical_v2_cambridge_prices_freeze_last
2021-07-05,35515.63,0.022945957210136,668486709879.2062,54.8125197445701,29.0,0.05835850000000001,8763771.050721904,9766177361.075096,68.44916748528277,4.226091389283327,1,1,canonical_v2_cambridge_prices_freeze_last
2021-07-06,33851.0,-0.0468703497586836,637189485765.5299,55.8466784910341,20.0,0.05835850000000001,8929118.867723325,9775106479.94282,65.18491507718667,4.177228078317033,1,1,canonical_v2_cambridge_prices_freeze_last
2021-07-07,33966.89,0.0034235325396589,639406009595.3971,55.8810571838525,28.0,0.05835850000000001,8934615.54976399,9784041095.492584,65.35193417063277,4.179787036734506,1,1,canonical_v2_cambridge_prices_freeze_last
2021-07-08,34532.38,0.0166482713018472,650086666382.8446,56.236936254997,20.0,0.05835850000000001,8991515.738184225,9793032611.230768,66.3825693419337,4.195434512109993,1,1,canonical_v2_cambridge_prices_freeze_last
2021-07-09,32819.0,-0.0496166206904938,617865429894.4647,56.6129564496868,20.0,0.05835850000000001,9051636.216353554,9802084247.447123,63.0340868632488,4.143675641392043,1,1,canonical_v2_cambridge_prices_freeze_last
2021-07-10,33521.78,0.0214138151680429,631130861869.6691,58.1352720324325,20.0,0.05835850000000001,9295033.624396473,9811379281.07152,64.32641566382723,4.163970365913622,1,1,canonical_v2_cambridge_prices_freeze_last
2021-07-11,33324.24,-0.0058928851630194,627446035975.8685,58.7517654855521,20.0,0.05835850000000001,9393602.482434502,9820772883.553955,63.88967990763752,4.157157844547507,1,1,canonical_v2_cambridge_prices_freeze_last
2021-07-12,33973.59,0.0194858157305313,639707342441.4779,58.38187024259,25.0,0.05835850000000001,9334461.300142983,9830107344.854097,65.07633335014947,4.175560940108287,1,1,canonical_v2_cambridge_prices_freeze_last
2021-07-13,32837.5,-0.0334403870771383,618349103162.2013,58.0119748269384,20.0,0.05835850000000001,9275320.09024078,9839382664.944338,62.84429869419042,4.140660218020883,1,1,canonical_v2_cambridge_prices_freeze_last
2021-07-14,32508.68,-0.0100135515797487,612190699825.1514,60.9094916216786,21.0,0.05835850000000001,9738593.33370885,9849121258.278048,62.15688524604301,4.1296615961495196,1,1,canonical_v2_cambridge_prices_freeze_last
2021-07-15,32792.98,0.0087453566247539,617578269782.0962,60.2313497385014,20.0,0.05835850000000001,9630167.736203656,9858751426.014252,62.64264541171965,4.137446282778664,1,1,canonical_v2_cambridge_prices_freeze_last
2021-07-16,31756.0,-0.0316220117842295,598081863863.2699,61.4026863150985,22.0,0.05835850000000001,9817448.409095004,9868568874.423347,60.604721056701116,4.104372795266905,1,1,canonical_v2_cambridge_prices_freeze_last
2021-07-17,31824.91,0.0021699836251416,599412408462.0338,60.2692916972812,15.0,0.05835850000000001,9636234.135659685,9878205108.559008,60.68029585077867,4.105619030058074,1,1,canonical_v2_cambridge_prices_freeze_last
2021-07-18,31722.08,-0.0032311167572821,597508232545.183,61.0138860601413,19.0,0.05835850000000001,9755284.574358238,9887960393.133366,60.427854561403684,4.101450166870541,1,1,canonical_v2_cambridge_prices_freeze_last
2021-07-19,31610.94,-0.0035035533609398,595447296515.3638,63.2226614619464,24.0,0.05835850000000001,10108437.50390959,9898068830.637276,60.157926430283936,4.096973211465847,1,1,canonical_v2_cambridge_prices_freeze_last
2021-07-20,30772.25,-0.026531637464751,579680694288.8447,61.9980261660447,19.0,0.05835850000000001,9912635.095920878,9907981465.733196,58.50643708748077,4.069136783867761,1,1,canonical_v2_cambridge_prices_freeze_last
2021-07-21,29859.0,-0.0296777128744242,562507734606.7969,60.0270887806664,10.0,0.05835850000000001,9597509.207141154,9917578974.940338,56.71825110020672,4.038096047831126,1,1,canonical_v2_cambridge_prices_freeze_last
2021-07-22,31779.04,0.0643035600656418,598711576656.3251,61.1149076996813,21.0,0.05835850000000001,9771436.550662605,9927350411.491001,60.30930226491359,4.099486358251777,1,1,canonical_v2_cambridge_prices_freeze_last
2021-07-23,32234.53,0.0143330320865575,607325972501.1956,59.7900979790016,23.0,0.05835850000000001,9559617.624404289,9936910029.115406,61.11819174388362,4.112809559078392,1,1,canonical_v2_cambridge_prices_freeze_last
2021-07-24,32491.82,0.007981813291523,612206826568.9138,60.0355714623462,22.0,0.05835850000000001,9598865.471740633,9946508894.587147,61.549919982686035,4.119848552592023,1,1,canonical_v2_cambridge_prices_freeze_last
2021-07-25,33935.75,0.0444398005405668,639447930348.6796,60.5637437263267,27.0,0.05835850000000001,9683312.981514622,9956192207.56866,64.22615363558104,4.162410505241493,1,1,canonical_v2_cambridge_prices_freeze_last
2021-07-26,34436.11,0.0147443330411145,648911413810.0908,59.3900283516567,26.0,0.05835850000000001,9495651.971397692,9965687859.540058,65.11456338549617,4.1761482321141665,1,1,canonical_v2_cambridge_prices_freeze_last
2021-07-27,37730.82,0.0956760214786165,711035280661.3661,62.2069466323808,32.0,0.05835850000000001,9946038.616563823,9975633898.156622,71.27720282444977,4.266576540311331,1,1,canonical_v2_cambridge_prices_freeze_last
2021-07-28,38041.75,0.008240743243852,716933643991.6053,63.2390664106199,50.0,0.05835850000000001,10111060.430477155,9985744958.5871,71.79570948035163,4.273824717727622,1,1,canonical_v2_cambridge_prices_freeze_last
2021-07-29,39943.73,0.0499971741573403,752819130107.0118,63.9840227661547,50.0,0.05835850000000001,10230168.746845588,9995975127.333944,75.31222522237292,4.321642475178706,1,1,canonical_v2_cambridge_prices_freeze_last
2021-07-30,39725.69,-0.0054586789966786,748750319843.7793,66.1499690916871,53.0,0.05835850000000001,10576473.893800607,10006551601.227745,74.82600896715628,4.315165538006771,1,1,canonical_v2_cambridge_prices_freeze_last
2021-07-31,40668.17,0.0237246980480387,766555726019.5587,67.1870862242427,60.0,0.05835850000000001,10742294.716212243,10017293895.943956,76.52323411714418,4.337594408670342,1,1,canonical_v2_cambridge_prices_freeze_last
2021-08-01,41535.38,0.0213240477749552,782944193346.3395,67.8930129414629,60.0,0.05788,10766157.778224308,10028060053.722181,78.07533951252405,4.357674251703063,1,1,canonical_v2_cambridge_prices_freeze_last
2021-08-02,41073.64,-0.0111167876639144,774282274192.0399,68.0832215957493,48.0,0.05788,10796320.180717723,10038856373.902899,77.12853390400834,4.345473301649192,1,1,canonical_v2_cambridge_prices_freeze_last
2021-08-03,38835.43,-0.0544926137542228,732129212157.6652,68.7348197149783,48.0,0.05788,10899647.575624505,10049756021.478523,72.85044637829468,4.2884086599840705,1,1,canonical_v2_cambridge_prices_freeze_last
2021-08-04,38062.45,-0.0199039897330866,717595716031.106,67.7461168484085,42.0,0.05788,10742863.679961327,10060498885.158485,71.32804488351191,4.267289586458419,1,1,canonical_v2_cambridge_prices_freeze_last
2021-08-05,39733.39,0.0438999591460875,749138618776.4384,68.0844194855167,50.0,0.05788,10796510.13649783,10071295395.294983,74.38354147833,4.309234700677912,1,1,canonical_v2_cambridge_prices_freeze_last
2021-08-06,40896.0,0.0292602770616854,771100267135.6523,67.995187677118,52.0,0.05788,10782360.171922164,10082077755.466906,76.48227734779479,4.3370590453368845,1,1,canonical_v2_cambridge_prices_freeze_last
2021-08-07,42724.49,0.0447107296557121,805620208857.404,68.4228638311367,69.0,0.05788,10850179.064510114,10092927934.531416,79.82026762532378,4.379777452475451,1,1,canonical_v2_cambridge_prices_freeze_last
2021-08-08,43972.18,0.0292031572524329,829191597336.6373,68.6744186232386,74.0,0.05788,10890069.451816576,10103818003.983232,82.06715491210795,4.4075378744403535,1,1,canonical_v2_cambridge_prices_freeze_last
2021-08-09,43646.75,-0.0074008156975614,823099285835.1736,69.2404166872928,65.0,0.05788,10979822.78865892,10114797826.77189,81.37575262815346,4.399077349372641,1,1,canonical_v2_cambridge_prices_freeze_last
2021-08-10,45442.55,0.0411439568810965,857011034200.1107,68.9888618951909,71.0,0.05788,10939932.401352463,10125737759.173243,84.63689802984636,4.438370318452652,1,1,canonical_v2_cambridge_prices_freeze_last
2021-08-11,45644.25,0.0044385713389762,860861308641.9413,69.6806377916459,70.0,0.05788,11049631.00104237,10136787390.174286,84.92447118663895,4.441762287199341,1,1,canonical_v2_cambridge_prices_freeze_last
2021-08-12,46350.0,0.0154619694704152,874218984366.7373,69.1146397275917,70.0,0.05788,10959877.66420002,10147747267.838486,86.14906947253425,4.456079161668178,1,1,canonical_v2_cambridge_prices_freeze_last
2021-08-13,44474.02,-0.0404742179072277,838880792820.0199,68.5787834865533,70.0,0.05788,10874904.077264948,10158622171.91575,82.57820584558867,4.413745793963614,1,1,canonical_v2_cambridge_prices_freeze_last
2021-08-14,47614.16,0.0706061651274161,898159250822.7291,69.1440240473393,76.0,0.05788,10964537.29276712,10169586709.208517,88.3181663625966,4.480945821020203,1,1,canonical_v2_cambridge_prices_freeze_last
2021-08-15,46665.0,-0.0199344060674387,880302296485.4777,71.4900038145401,71.0,0.05788,11336551.837768715,10180923261.046286,86.4658610927404,4.459749666587261,1,1,canonical_v2_cambridge_prices_freeze_last
2021-08-16,46305.74,-0.0076987035251259,873572040414.4601,72.7961174795732,72.0,0.05788,11543669.259500539,10192466930.305786,85.70761586844333,4.450941688264938,1,1,canonical_v2_cambridge_prices_freeze_last
2021-08-17,46053.01,-0.0054578546849698,868850863195.2627,74.0270210188535,72.0,0.05788,11738860.20978422,10204205790.51557,85.14634857744905,4.444371523951401,1,1,canonical_v2_cambridge_prices_freeze_last
2021-08-18,44975.26,-0.0234023791278789,848563224534.4357,73.8929504456055,73.0,0.05788,11717599.922716843,10215923390.438286,83.06280226500704,4.4195969754736995,1,1,canonical_v2_cambridge_prices_freeze_last
2021-08-19,44536.34,-0.0097591431378052,840327047392.587,74.7895527822125,70.0,0.05788,11859778.94529989,10227783169.383585,82.16121064318891,4.40868330070148,1,1,canonical_v2_cambridge_prices_freeze_last
2021-08-20,46583.75,0.0459716716730653,879005409042.0472,76.1238162461141,70.0,0.05788,12071360.23102763,10239854529.614613,85.84159145033573,4.452503637879565,1,1,canonical_v2_cambridge_prices_freeze_last
2021-08-21,48653.93,0.0444399602865805,918117567808.0912,76.5287296693344,78.0,0.05788,12135569.515783768,10251990099.130396,89.555057986836,4.494853609176716,1,1,canonical_v2_cambridge_prices_freeze_last
2021-08-22,49022.5,0.0075753387239221,925122161803.7612,75.3139885269739,76.0,0.05788,11942941.523126712,10263933040.653522,90.13330057196643,4.50128969202393,1,1,canonical_v2_cambridge_prices_freeze_last
2021-08-23,48393.74,-0.0128259472691111,913305477532.942,77.7434716843945,79.0,0.05788,12328197.646829462,10276261238.300352,88.87526857812722,4.487233910094954,1,1,canonical_v2_cambridge_prices_freeze_last
2021-08-24,49503.25,0.0229267256467469,934294562457.906,76.5287296693344,79.0,0.05788,12135569.515783768,10288396807.816135,90.81051012224944,4.5087750291537425,1,1,canonical_v2_cambridge_prices_freeze_last
2021-08-25,48350.0,-0.0232964502330654,912577608949.4368,78.8679158190912,73.0,0.05788,12506506.7605726,10300903314.576708,88.59199830155255,4.484041540909044,1,1,canonical_v2_cambridge_prices_freeze_last
2021-08-26,48669.88,0.0066159255429161,918664247236.0812,79.6321201985376,75.0,0.05788,12627690.731757144,10313531005.308464,89.07368841604652,4.489463986893417,1,1,canonical_v2_cambridge_prices_freeze_last
2021-08-27,47028.5,-0.0337247595432739,887729931017.7068,79.9914106311438,71.0,0.05788,12684665.335152337,10326215670.643616,85.96856383132041,4.453981692583518,1,1,canonical_v2_cambridge_prices_freeze_last
2021-08-28,48915.33,0.0401209904632298,923395828653.0968,79.2937558809842,78.0,0.05788,12574034.494222917,10338789705.137838,89.31372578303022,4.492155180248447,1,1,canonical_v2_cambridge_prices_freeze_last
2021-08-29,48745.58,-0.0034702822203181,920240483692.398,80.1472805426822,72.0,0.05788,12709382.459754644,10351499087.597593,88.89924791617501,4.487503682598528,1,1,canonical_v2_cambridge_prices_freeze_last
2021-08-30,48788.25,0.0008753614173837,921095145531.6896,77.1690063395695,73.0,0.05788,12237101.608039131,10363736189.205633,88.87674567508364,4.487250529844245,1,1,canonical_v2_cambridge_prices_freeze_last
2021-08-31,48664.75,-0.0025313471993768,918812505152.956,77.7803751840482,73.0,0.05788,12334049.631925233,10376070238.837559,88.55110692233436,4.483579864685261,1,1,canonical_v2_cambridge_prices_freeze_last
2021-09-01,47003.0,-0.0341468927714618,887485189639.5554,76.6083785078711,71.0,0.054041500000000006,11342552.567487989,10387412791.405046,85.43852135864819,4.447797068866533,1,1,canonical_v2_cambridge_prices_freeze_last
2021-09-02,48267.16,0.0268953045550284,911402899159.8132,76.6293772832877,74.0,0.054041500000000006,11345661.623163814,10398758453.02821,87.64535721035088,4.473298640316281,1,1,canonical_v2_cambridge_prices_freeze_last
2021-09-03,49550.91,0.0265967585414181,935693054028.9894,76.5753558011766,74.0,0.054041500000000006,11337663.261724072,10410096116.289934,89.88322908611742,4.498511373308602,1,1,canonical_v2_cambridge_prices_freeze_last
2021-09-04,50129.19,0.0116704213908482,946663335477.8928,77.4285632457019,72.0,0.054041500000000006,11463988.220938629,10421560104.510872,90.83700770176806,4.509066776379623,1,1,canonical_v2_cambridge_prices_freeze_last
2021-09-05,50181.07,0.0010349259583088,947693439343.4724,77.8106853058624,73.0,0.054041500000000006,11520564.794402093,10433080669.305273,90.83543675950301,4.509049482152425,1,1,canonical_v2_cambridge_prices_freeze_last
2021-09-06,50334.89,0.0030652993250244,950648911251.5436,80.3977409885058,79.0,0.054041500000000006,11903601.423644757,10444984270.728918,91.01487246042556,4.511022926794079,1,1,canonical_v2_cambridge_prices_freeze_last
2021-09-07,51922.75,0.0315459117919996,980690074390.9468,80.8818780693369,79.0,0.054041500000000006,11975282.229271425,10456959552.958189,93.78348165394955,4.540988738734181,1,1,canonical_v2_cambridge_prices_freeze_last
2021-09-08,46808.79,-0.0984917016144175,884147165271.9119,81.7408606605813,47.0,0.054041500000000006,12102462.250380287,10469062015.208569,84.45333153891892,4.436199092314866,1,1,canonical_v2_cambridge_prices_freeze_last
2021-09-09,46039.39,-0.0164370837186776,869660496147.57,81.3074634967004,45.0,0.054041500000000006,12038293.941251876,10481100309.14982,82.9741602022806,4.418529236461485,1,1,canonical_v2_cambridge_prices_freeze_last
2021-09-10,46263.25,0.0048623580807651,873935431050.8977,80.8706590860408,46.0,0.054041500000000006,11973621.158899382,10493073930.30872,83.28688398225985,4.422291081580466,1,1,canonical_v2_cambridge_prices_freeze_last
2021-09-11,45052.0,-0.0261816884892436,851099425479.2002,80.8498463513166,31.0,0.054041500000000006,11970539.648204595,10505044469.956924,81.01816493145127,4.394673387943258,1,1,canonical_v2_cambridge_prices_freeze_last
2021-09-12,45316.86,0.0058789842848263,856148368882.6772,80.0754255080136,32.0,0.054041500000000006,11855879.746825526,10516900349.70375,81.40691082109511,4.399460168926787,1,1,canonical_v2_cambridge_prices_freeze_last
2021-09-13,45930.0,0.0135300636451862,867778045748.2424,79.6419760831185,44.0,0.054041500000000006,11791703.699988626,10528692053.40374,82.42030836752464,4.41183186731989,1,1,canonical_v2_cambridge_prices_freeze_last
2021-09-14,45174.49,-0.0164491617679077,853548982208.98,81.3295347794552,30.0,0.054041500000000006,12041561.791188845,10540733615.19493,80.97624068390759,4.394155786754249,1,1,canonical_v2_cambridge_prices_freeze_last
2021-09-15,46818.89,0.0364010750315055,884665862254.4225,81.3295347794552,49.0,0.054041500000000006,12041561.791188845,10552775176.986118,83.83253195649752,4.428821141658967,1,1,canonical_v2_cambridge_prices_freeze_last
2021-09-16,47926.16,0.0236500694484642,905636134450.879,81.2511072751488,53.0,0.054041500000000006,12029949.90084919,10564805126.886967,85.7219914209373,4.451109402031014,1,1,canonical_v2_cambridge_prices_freeze_last
2021-09-17,47136.32,-0.0164803522752501,890757983897.5072,82.1138115359953,48.0,0.054041500000000006,12157680.948280796,10576962807.835247,84.21680212751129,4.433394451548759,1,1,canonical_v2_cambridge_prices_freeze_last
2021-09-18,46968.3,-0.0035645548910053,887629690176.8435,82.662806636354,50.0,0.054041500000000006,12238964.561201438,10589201772.396448,83.82404162801815,4.428719859277906,1,1,canonical_v2_cambridge_prices_freeze_last
2021-09-19,47964.52,0.0212104760018989,906504571682.1309,83.6823667625512,53.0,0.054041500000000006,12389919.51616003,10601591691.91261,85.50645959829363,4.448591923946128,1,1,canonical_v2_cambridge_prices_freeze_last
2021-09-20,47652.0,-0.0065156494842436,900645604684.4948,84.0745059975591,50.0,0.054041500000000006,12447979.221553672,10614039671.134163,84.85417735283971,4.440934222676263,1,1,canonical_v2_cambridge_prices_freeze_last
2021-09-21,43527.56,-0.086553345085201,822735082119.1632,80.6717767978868,27.0,0.054041500000000006,11944174.865268495,10625983845.999432,77.42672057881154,4.34933194813494,1,1,canonical_v2_cambridge_prices_freeze_last
2021-09-22,40921.25,-0.0598772363991916,773512730310.6836,80.376771597363,21.0,0.054041500000000006,11900496.718572311,10637884342.718004,72.71302313417043,4.286520503767237,1,1,canonical_v2_cambridge_prices_freeze_last
2021-09-23,43436.92,0.0614758835568316,821108344735.2284,83.0604946202902,27.0,0.054041500000000006,12297845.808280585,10650182188.526285,77.0980561834735,4.345078068623366,1,1,canonical_v2_cambridge_prices_freeze_last
2021-09-24,44705.75,0.0292108648587423,845138107354.8436,83.5060694572196,33.0,0.054041500000000006,12363817.13033516,10662546005.65662,79.26231754653033,4.372762827134592,1,1,canonical_v2_cambridge_prices_freeze_last
2021-09-25,42964.38,-0.0389518126862876,812261171057.65,83.0005889334621,28.0,0.054041500000000006,12288976.237938883,10674834981.89456,76.09121568954602,4.331932827055754,1,1,canonical_v2_cambridge_prices_freeze_last
2021-09-26,42663.9,-0.0069937003629517,806622865826.7058,81.6984278013004,27.0,0.054041500000000006,12096179.687736921,10686931161.582296,75.47750178520641,4.3238346222473405,1,1,canonical_v2_cambridge_prices_freeze_last
2021-09-27,43150.15,0.0113972234137056,815858995812.9556,80.9459933178975,26.0,0.054041500000000006,11984775.062710023,10698915936.645006,76.25623013061964,4.334099118780793,1,1,canonical_v2_cambridge_prices_freeze_last
2021-09-28,42690.97,-0.0106414462058648,807219468856.6101,83.0481960111564,25.0,0.054041500000000006,12296024.889690163,10711211961.534697,75.36210391087734,4.322304548016373,1,1,canonical_v2_cambridge_prices_freeze_last
2021-09-29,41771.58,-0.0215359360539242,789876702003.4261,82.3629965483584,24.0,0.054041500000000006,12194575.00813181,10723406536.542828,73.65912122343899,4.299447980772512,1,1,canonical_v2_cambridge_prices_freeze_last
2021-09-30,41133.25,-0.015281442550174,777847053626.9006,82.3728483875242,20.0,0.054041500000000006,12196033.660642164,10735602570.20347,72.45490400192396,4.282964354563243,1,1,canonical_v2_cambridge_prices_freeze_last
2021-10-01,43431.36,0.0558698862842104,821348346565.8956,80.9164339797849,27.0,0.0550365,12200978.955420362,10747803549.15889,76.42011158923475,4.336245902227512,1,1,canonical_v2_cambridge_prices_freeze_last
2021-10-02,48124.18,0.1080514172247886,910143896705.7388,83.3898350588103,54.0,0.0550365,12573930.567710174,10760377479.7266,84.58289668931425,4.437732079380741,1,1,canonical_v2_cambridge_prices_freeze_last
2021-10-03,48023.0,-0.0021024773824718,908277914136.9728,83.4128851727818,49.0,0.0550365,12577406.17756659,10772954885.904167,84.31093639177917,4.434511588405693,1,1,canonical_v2_cambridge_prices_freeze_last
2021-10-04,48939.75,0.0190898111321657,925665227541.1569,83.0480565520985,54.0,0.0550365,12522395.51898512,10785477281.423153,85.8251520436205,4.452312110896169,1,1,canonical_v2_cambridge_prices_freeze_last
2021-10-05,48993.95,0.0011074842025142,926738877371.764,84.0745761702098,59.0,0.0550365,12677179.20929247,10798154460.632446,85.82382116781511,4.452296603948699,1,1,canonical_v2_cambridge_prices_freeze_last
2021-10-06,51407.0,0.0492519994815687,972433474389.8145,84.223790568788,68.0,0.0550365,12699678.492161922,10810854139.124609,89.9497358742975,4.499251024030891,1,1,canonical_v2_cambridge_prices_freeze_last
2021-10-07,54925.69,0.0684476822222655,1039048601212.5138,82.3567191437741,76.0,0.0550365,12418152.255222803,10823272291.379831,96.00133612457127,4.564362109335266,1,1,canonical_v2_cambridge_prices_freeze_last
2021-10-08,54173.86,-0.0136881302720093,1024879509172.1298,81.6196826097284,74.0,0.0550365,12307018.251918677,10835579309.63175,94.58465301076372,4.549495232566876,1,1,canonical_v2_cambridge_prices_freeze_last
2021-10-09,53985.41,-0.0034786149630098,1021367676982.1456,79.7217136287458,72.0,0.0550365,12020833.129119093,10847600142.76087,94.1560956838692,4.544953997392562,1,1,canonical_v2_cambridge_prices_freeze_last
2021-10-10,54664.34,0.0125761756741311,1034266550371.3298,81.4122137024066,71.0,0.0550365,12275735.06693836,10859875877.827808,95.23741910190265,4.556372922363436,1,1,canonical_v2_cambridge_prices_freeze_last
2021-10-11,55339.0,0.0123418667453041,1047085944582.0912,81.5675454276736,71.0,0.0550365,12299156.750493584,10872175034.578302,96.3087828564107,4.567559517723325,1,1,canonical_v2_cambridge_prices_freeze_last
2021-10-12,57334.49,0.0360593794611394,1084899770758.2612,79.5878114658018,78.0,0.0550365,12000642.700650962,10884175677.278954,99.6767971159288,4.60193292286088,1,1,canonical_v2_cambridge_prices_freeze_last
2021-10-13,55358.16,-0.0344701766772495,1047557665319.6578,83.0569715514818,70.0,0.0550365,12523739.766556516,10896699417.04551,96.13531815707262,4.565756763101037,1,1,canonical_v2_cambridge_prices_freeze_last
2021-10-14,56969.58,0.0291089877264707,1078107152030.9594,82.7309378506111,70.0,0.0550365,12474578.797301803,10909173995.842812,98.82573625114024,4.593358059204482,1,1,canonical_v2_cambridge_prices_freeze_last
2021-10-15,57429.72,0.0080769421154236,1086871531190.7906,84.4426131316993,71.0,0.0550365,12732673.637322655,10921906669.480135,99.51298469047657,4.600288135052016,1,1,canonical_v2_cambridge_prices_freeze_last
2021-10-16,62512.35,0.0885017374279379,1183123097491.923,83.0569715514818,78.0,0.0550365,12523739.766556516,10934430409.24669,108.20162122861161,4.683996349928701,1,1,canonical_v2_cambridge_prices_freeze_last
2021-10-17,60999.09,-0.0242073766223794,1154542820108.278,83.1384791524579,79.0,0.0550365,12536029.884586984,10946966439.131277,105.46691876036294,4.6583973374914605,1,1,canonical_v2_cambridge_prices_freeze_last
2021-10-18,61011.41,0.0002019702261133,1154836016042.5444,83.3201222140297,78.0,0.0550365,12563418.921184782,10959529858.052462,105.37276972643441,4.657504250987093,1,1,canonical_v2_cambridge_prices_freeze_last
2021-10-19,61369.25,0.0058651324399812,1161669618219.3906,85.1520914319399,75.0,0.0550365,12839652.274230028,10972369510.326693,105.8722655235116,4.662233325233836,1,1,canonical_v2_cambridge_prices_freeze_last
2021-10-20,64130.46,0.0449933802352155,1214000081855.9568,83.6375640207113,82.0,0.0550365,12611284.362262676,10984980794.688955,110.51453839982173,4.705147081532491,1,1,canonical_v2_cambridge_prices_freeze_last
2021-10-21,65992.78,0.0290395546827513,1249318923735.402,84.6490180586999,84.0,0.0550365,12763796.390103113,10997744591.079058,113.59773937183456,4.732663606193223,1,1,canonical_v2_cambridge_prices_freeze_last
2021-10-22,62668.5,-0.0503733893313783,1186448020888.9597,86.1572820581918,75.0,0.0550365,12991219.87396075,11010735810.953018,107.75374518646892,4.679848486490888,1,1,canonical_v2_cambridge_prices_freeze_last
2021-10-23,60714.84,-0.0311745135115728,1149520660408.702,87.2479160389456,74.0,0.0550365,13155671.044047752,11023891481.997066,104.27539696721117,4.6470354470017865,1,1,canonical_v2_cambridge_prices_freeze_last
2021-10-24,61120.13,0.0066753037642857,1157254008626.6,86.7961006008393,73.0,0.0550365,13087544.084159156,11036979026.081226,104.85242437191556,4.652553879368792,1,1,canonical_v2_cambridge_prices_freeze_last
2021-10-25,60308.1,-0.0132858028934166,1141938084060.7288,89.6900061805487,72.0,0.0550365,13523901.43878293,11050502927.52001,103.3381097268309,4.638006230905704,1,1,canonical_v2_cambridge_prices_freeze_last
2021-10-26,62526.01,0.0367763202621207,1183995634127.629,89.2785843493616,76.0,0.0550365,13461865.226146957,11063964792.746157,107.01368418163165,4.672956715832695,1,1,canonical_v2_cambridge_prices_freeze_last
2021-10-27,62088.98,-0.006989571220041,1175780824568.191,89.9368591144126,73.0,0.0550365,13561123.14150786,11077525915.887665,106.14110348248941,4.664769373826669,1,1,canonical_v2_cambridge_prices_freeze_last
2021-10-28,58908.09,-0.0512311524524965,1115601887282.1978,90.3482809455996,66.0,0.0550365,13623159.354143815,11091149075.241808,100.58487896195513,4.611001937838907,1,1,canonical_v2_cambridge_prices_freeze_last
2021-10-29,61401.75,0.0423313673894367,1162886922720.145,91.4179775418377,70.0,0.0550365,13784453.482140688,11104933528.72395,104.7180444360364,4.651271447210667,1,1,canonical_v2_cambridge_prices_freeze_last
2021-10-30,62379.71,0.0159272333443265,1181469504154.0908,92.2408212042118,73.0,0.0550365,13908525.90741261,11118842054.631363,106.25832243583045,4.665873133544801,1,1,canonical_v2_cambridge_prices_freeze_last
2021-10-31,61669.21,-0.0113899214985129,1168072945789.5266,91.2374422609442,74.0,0.0550365,13757231.482176593,11132599286.113539,104.92364952419915,4.653232938269054,1,1,canonical_v2_cambridge_prices_freeze_last
2021-11-01,60658.38,-0.0163911618131641,1148986143359.9656,89.3029217168018,74.0,0.055508,13580894.73604448,11146180180.849583,103.0833993993795,4.635538363503679,1,1,canonical_v2_cambridge_prices_freeze_last
2021-11-02,60733.0,0.0012301680328423,1150458904369.5198,90.8826661307523,73.0,0.055508,13821137.072837805,11160001317.92242,103.08770327131938,4.635580113990384,1,1,canonical_v2_cambridge_prices_freeze_last
2021-11-03,63124.31,0.039374145851514,1195818862273.142,92.1507696638946,76.0,0.055508,14013986.089050578,11174015304.01147,107.01782928862136,4.6729954494464785,1,1,canonical_v2_cambridge_prices_freeze_last
2021-11-04,62764.38,-0.0057019237121166,1189061635119.0403,92.1619143606724,73.0,0.055508,14015680.937896447,11188030984.949368,106.27979460537948,4.666075188309575,1,1,canonical_v2_cambridge_prices_freeze_last
2021-11-05,61349.36,-0.0225449530450232,1162314128083.0957,91.7493392024325,73.0,0.055508,13952937.864242803,11201983922.81361,103.75966758137932,4.642077336276952,1,1,canonical_v2_cambridge_prices_freeze_last
2021-11-06,60970.83,-0.0061700725158339,1155201999938.5574,92.5651955943935,71.0,0.055508,14077010.62206464,11216060933.435675,102.99533916536052,4.634683736384044,1,1,canonical_v2_cambridge_prices_freeze_last
2021-11-07,61211.75,0.0039513977421661,1159826303357.683,94.460884302245,73.0,0.055508,14365300.72835347,11230426234.164028,103.27535920492322,4.637398811416922,1,1,canonical_v2_cambridge_prices_freeze_last
2021-11-08,62485.41,0.0208074430154341,1184020175999.746,93.3153702051373,75.0,0.055508,14191094.710539073,11244617328.874567,105.29661805025164,4.656781301342598,1,1,canonical_v2_cambridge_prices_freeze_last
2021-11-09,66122.59,0.0582084681848129,1253004541269.0654,92.786672146534,84.0,0.055508,14110692.04797208,11258728020.922539,111.29183855765568,4.7121559272698965,1,1,canonical_v2_cambridge_prices_freeze_last
2021-11-10,67709.28,0.023996186477269,1283137749649.023,91.7292743925269,75.0,0.055508,13949886.473918859,11272677907.396458,113.82723432620253,4.734681810513826,1,1,canonical_v2_cambridge_prices_freeze_last
2021-11-11,64265.8,-0.0508568397123702,1217943916530.7517,93.0510211758357,77.0,0.055508,14150893.379255584,11286828800.775713,107.90842476914736,4.681282948633542,1,1,canonical_v2_cambridge_prices_freeze_last
2021-11-12,65085.5,0.0127548400548969,1233541861238.922,91.9055054419273,74.0,0.055508,13976687.112521922,11300805487.888235,109.15521575528261,4.692770867060713,1,1,canonical_v2_cambridge_prices_freeze_last
2021-11-13,64084.14,-0.0153853008734664,1214625710511.755,91.8173899172271,72.0,0.055508,13963286.793220388,11314768774.681456,107.3486992707856,4.676082407537694,1,1,canonical_v2_cambridge_prices_freeze_last
2021-11-14,64365.43,0.0043893855796457,1220019676654.069,92.6859205210297,74.0,0.055508,14095370.072003607,11328864144.75346,107.69126198932094,4.679268447995507,1,1,canonical_v2_cambridge_prices_freeze_last
2021-11-15,64189.1,-0.0027395140528075,1216739720353.7915,94.7191894452488,72.0,0.055508,14404582.925279098,11343268727.67874,107.26535265666604,4.675305695877286,1,1,canonical_v2_cambridge_prices_freeze_last
2021-11-16,63876.01,-0.0048776194089027,1210866898505.791,95.1622329088874,71.0,0.055508,14471959.518648006,11357740687.197388,106.61159924796469,4.669192316768778,1,1,canonical_v2_cambridge_prices_freeze_last
2021-11-17,60479.48,-0.053173797173618,1146539155967.377,95.7773818659581,52.0,0.055508,14565509.349631786,11372306196.54702,100.8185267044165,4.613322135419528,1,1,canonical_v2_cambridge_prices_freeze_last
2021-11-18,60115.67,-0.0060154287040828,1139700499286.5198,95.1382570533722,54.0,0.055508,14468313.349365985,11386774509.896385,100.08984531097829,4.606068235730466,1,1,canonical_v2_cambridge_prices_freeze_last
2021-11-19,57592.09,-0.0419787386549963,1091913105248.713,95.2632807953044,34.0,0.055508,14487326.549002074,11401261836.445387,95.77125066615808,4.56196254250807,1,1,canonical_v2_cambridge_prices_freeze_last
2021-11-20,57855.89,0.0045804901332804,1096970626791.8556,95.1569828708914,43.0,0.055508,14471161.110129973,11415732997.555517,96.0928769993791,4.565315192515114,1,1,canonical_v2_cambridge_prices_freeze_last
2021-11-21,59638.24,0.0308067164812433,1130822412738.643,92.9829695531634,49.0,0.055508,14140544.312210944,11429873541.867727,98.93568888548334,4.594470031831062,1,1,canonical_v2_cambridge_prices_freeze_last
2021-11-22,59516.81,-0.0020361097175235,1128577512227.8423,92.0605194632614,50.0,0.055508,14000261.135251272,11443873803.00298,98.61848633211011,4.591258732190157,1,1,canonical_v2_cambridge_prices_freeze_last
2021-11-23,56269.28,-0.0545649203981194,1067051180531.5648,90.4001096287979,33.0,0.055508,13747751.466507712,11457621554.469486,93.1302518117576,4.53399907040361,1,1,canonical_v2_cambridge_prices_freeze_last
2021-11-24,57707.97,0.0255679475550425,1094389264257.931,91.1380693733594,42.0,0.055508,13859977.958291601,11471481532.427778,95.4008652818115,4.5580876484530615,1,1,canonical_v2_cambridge_prices_freeze_last
2021-11-25,57325.62,-0.006625601281764,1087193656613.8772,89.8466394111766,32.0,0.055508,13663581.535439972,11485145113.963219,94.66085502847561,4.550300557064348,1,1,canonical_v2_cambridge_prices_freeze_last
2021-11-26,58843.86,0.0264844933207875,1116044248734.724,89.3854151846259,47.0,0.055508,13593440.071419766,11498738554.03464,97.05797235846624,4.575308453159912,1,1,canonical_v2_cambridge_prices_freeze_last
2021-11-27,54003.17,-0.0822632981588903,1024286888064.3082,89.2009256576857,21.0,0.055508,13565383.51070361,11512303937.545343,88.97323191092772,4.488335559447506,1,1,canonical_v2_cambridge_prices_freeze_last
2021-11-28,54612.21,0.011277856466574,1035891331481.2302,89.7213275923349,27.0,0.055508,13644524.52601459,11525948462.071358,89.8747148566607,4.498416643370372,1,1,canonical_v2_cambridge_prices_freeze_last
2021-11-29,53922.43,-0.0126305088184491,1022859489700.1064,89.7088960916086,33.0,0.055508,13642633.984254822,11539591096.055613,88.63914511231975,4.484573578461488,1,1,canonical_v2_cambridge_prices_freeze_last
2021-11-30,58324.25,0.0816324486860107,1106414224936.0105,89.7088584451943,40.0,0.055508,13642628.259111904,11553233724.314724,95.76662701867369,4.5619142633108565,1,1,canonical_v2_cambridge_prices_freeze_last
2021-12-01,57148.75,-0.0201545669254212,1084169976788.6248,87.7368384370758,34.0,0.056146,13496089.125720708,11566729813.440445,93.73176293344625,4.54043711721745,1,1,canonical_v2_cambridge_prices_freeze_last
2021-12-02,57019.46,-0.0022623416960125,1081772114630.5696,89.8991424186832,32.0,0.056146,13828704.795176402,11580558518.23562,93.41277563833641,4.537028120017064,1,1,canonical_v2_cambridge_prices_freeze_last
2021-12-03,56893.76,-0.0022045105302644,1079442090373.704,93.0640786653866,31.0,0.056146,14315550.029443277,11594874068.265064,93.09649108894725,4.533636493872932,1,1,canonical_v2_cambridge_prices_freeze_last
2021-12-04,53639.0,-0.0572076797174242,1017741309922.9644,94.0271970390811,25.0,0.056146,14463701.383441774,11609337769.648506,87.66575063254261,4.473531294396614,1,1,canonical_v2_cambridge_prices_freeze_last
2021-12-05,48753.67,-0.0910779470161636,925094396153.142,96.4890973564361,18.0,0.056146,14842402.356642362,11624180172.005148,79.58362503543034,4.376808356052677,1,1,canonical_v2_cambridge_prices_freeze_last
2021-12-06,49322.48,0.0116670191187659,935934889882.6392,99.2015289984782,16.0,0.056146,15259641.22506454,11639439813.230213,80.41064732503614,4.387146596832792,1,1,canonical_v2_cambridge_prices_freeze_last
2021-12-07,50104.35,0.0158522037010302,950819648671.073,101.088064106256,25.0,0.056146,15549836.841944791,11654989650.072159,81.58047988186641,4.401590016219089,1,1,canonical_v2_cambridge_prices_freeze_last
2021-12-08,50538.0,0.0086549371461759,959097454741.1832,103.359437837413,28.0,0.056146,15899230.1282723,11670888880.200432,82.1786124935423,4.408895079564159,1,1,canonical_v2_cambridge_prices_freeze_last
2021-12-09,50635.0,0.0019193478174839,960986888181.4132,103.547168652939,29.0,0.056146,15928107.756679215,11686816987.957111,82.22828244608256,4.409499311571213,1,1,canonical_v2_cambridge_prices_freeze_last
2021-12-10,47981.04,-0.0524135479411473,910664178959.8124,101.931867771174,24.0,0.056146,15679634.651726944,11702496622.608839,77.81793990868916,4.354371994688517,1,1,canonical_v2_cambridge_prices_freeze_last
2021-12-11,47922.47,-0.0012206905060831,909598484961.8848,101.77434088194,16.0,0.056146,15655403.13193809,11718152025.740778,77.62303159779866,4.3518641820937844,1,1,canonical_v2_cambridge_prices_freeze_last
2021-12-12,48795.42,0.0182158807757613,926214382367.9592,99.9594721101935,27.0,0.056146,15376231.564654587,11733528257.305433,78.9374143954771,4.368655315650607,1,1,canonical_v2_cambridge_prices_freeze_last
2021-12-13,50269.89,0.0302173851562299,954250309047.6482,97.6920128708118,28.0,0.056146,15027440.423683835,11748555697.729116,81.2227761095856,4.39719570179697,1,1,canonical_v2_cambridge_prices_freeze_last
2021-12-14,46820.25,-0.0686223900629183,888812196626.9376,97.7354499783306,21.0,0.056146,15034122.121872194,11763589819.850988,75.55620437624171,4.324876808129673,1,1,canonical_v2_cambridge_prices_freeze_last
2021-12-15,48294.04,0.0314776191925503,916836102018.3444,96.392716849703,28.0,0.056146,14827576.658201164,11778417396.50919,77.84034740440343,4.354659900925388,1,1,canonical_v2_cambridge_prices_freeze_last
2021-12-16,49170.22,0.0181426113864153,933516932760.4756,93.0117886884804,29.0,0.056146,14307506.541653207,11792724903.050842,79.16040952663703,4.371476294124685,1,1,canonical_v2_cambridge_prices_freeze_last
2021-12-17,48091.97,-0.021928923645247,913091887720.985,93.4874002313317,23.0,0.056146,14380667.324351646,11807105570.375195,77.33410040916316,4.348135002033013,1,1,canonical_v2_cambridge_prices_freeze_last
2021-12-18,46873.16,-0.0253433161502845,889995901374.8064,91.6907941429409,24.0,0.056146,14104305.008080987,11821209875.383276,75.28805517852717,4.3213214924555805,1,1,canonical_v2_cambridge_prices_freeze_last
2021-12-19,46965.2,0.0019635970777305,891788351417.501,92.5486075704731,29.0,0.056146,14236257.864799405,11835446133.248075,75.34894260659036,4.3221298918830025,1,1,canonical_v2_cambridge_prices_freeze_last
2021-12-20,47141.49,0.0037536303475764,895180798937.5825,92.8345453796505,25.0,0.056146,14280242.150372215,11849726375.398447,75.54442782713471,4.324720931228841,1,1,canonical_v2_cambridge_prices_freeze_last
2021-12-21,46972.18,-0.0035915283967477,892010552466.9167,94.073610540175,27.0,0.056146,14470840.92435251,11864197216.3228,75.18507457375084,4.319952734843857,1,1,canonical_v2_cambridge_prices_freeze_last
2021-12-22,49100.25,0.045304901752484,932469832065.9023,94.7407992898912,45.0,0.056146,14573471.005288305,11878770687.328089,78.4988494693843,4.363083968239992,1,1,canonical_v2_cambridge_prices_freeze_last
2021-12-23,49056.49,-0.0008912378246547,931685544899.8602,98.2673677162884,34.0,0.056146,15115944.185749942,11893886631.513838,78.33314489742001,4.360970819908305,1,1,canonical_v2_cambridge_prices_freeze_last
2021-12-24,50853.68,0.0366351118883556,965866404544.4824,98.4579931865578,41.0,0.056146,15145267.083431436,11909031898.59727,81.10368775301114,4.395728431764641,1,1,canonical_v2_cambridge_prices_freeze_last
2021-12-25,50892.41,0.0007615968008609,966650474662.4148,100.297767384279,39.0,0.056146,15428269.719336243,11924460168.316605,81.06450615104687,4.395245209971471,1,1,canonical_v2_cambridge_prices_freeze_last
2021-12-26,50819.8,-0.0014267353422642,965319697499.7604,98.9087462570814,37.0,0.056146,15214604.020137241,11939674772.336742,80.84974807993328,4.392592470123806,1,1,canonical_v2_cambridge_prices_freeze_last
2021-12-27,50269.73,-0.0108239308301094,954918974757.7356,99.3349158366252,40.0,0.056146,15280159.409762077,11954954931.746504,79.87641778740115,4.3804806626171775,1,1,canonical_v2_cambridge_prices_freeze_last
2021-12-28,50988.46,0.0142974708636787,968620392707.5284,96.8021418878116,41.0,0.056146,14890556.324474165,11969845488.070978,80.9217122871674,4.393482172322424,1,1,canonical_v2_cambridge_prices_freeze_last
2021-12-29,47573.75,-0.0669702517000905,903796863963.2354,96.5602113961696,27.0,0.056146,14853341.449450243,11984698829.520428,75.41256370473192,4.322973888516822,1,1,canonical_v2_cambridge_prices_freeze_last
2021-12-30,47218.65,-0.0074642003205549,897095607026.9312,93.4510107688278,22.0,0.056146,14375069.727744125,11999073899.248173,74.7637371483428,4.31433296994609,1,1,canonical_v2_cambridge_prices_freeze_last
2021-12-31,47294.88,0.0016144044778916,898588797201.6006,93.3056074472354,28.0,0.056146,14352703.111595832,12013426602.359768,74.79870872354546,4.314800621777218,1,1,canonical_v2_cambridge_prices_freeze_last
2022-01-01,47294.88,0.0,898633690897.0,95.654588703653,21.0,0.05574350000000001,14608552.233978307,12028035154.593746,74.71159498181163,4.313635300733343,1,1,canonical_v2_cambridge_prices_freeze_last
2022-01-02,47294.88,0.0,898678563288.3252,97.8968286536969,29.0,0.05574350000000001,14950991.419335216,12042986146.01308,74.6225688871891,4.312442993455991,1,1,canonical_v2_cambridge_prices_freeze_last
2022-01-03,47402.32,0.0022717046750093,900765048567.686,97.0853361737782,29.0,0.05574350000000001,14827058.731515085,12057813204.744596,74.70384830752283,4.313531607646134,1,1,canonical_v2_cambridge_prices_freeze_last
2022-01-04,45974.41,-0.0301232091593828,873674692774.2188,98.279456312225,23.0,0.05574350000000001,15009427.049152095,12072822631.793749,72.367061077614,4.281751238375591,1,1,canonical_v2_cambridge_prices_freeze_last
2022-01-05,46226.5,0.0054832677569978,878509081372.7844,98.7076495142674,24.0,0.05574350000000001,15074821.536160454,12087897453.329908,72.67674835633036,4.286021503346218,1,1,canonical_v2_cambridge_prices_freeze_last
2022-01-06,43575.39,-0.0573504375196045,828167466186.8575,101.240728873096,15.0,0.05574350000000001,15461678.273801174,12103359131.60371,68.42459660842306,4.225732359526436,1,1,canonical_v2_cambridge_prices_freeze_last
2022-01-07,43110.11,-0.0106775865918813,819365441366.2476,100.333620544597,18.0,0.05574350000000001,15323142.950212995,12118682274.553923,67.61176032205265,4.213781937179155,1,1,canonical_v2_cambridge_prices_freeze_last
2022-01-08,41865.27,-0.0288758251834663,795745196049.0983,97.7067108568893,10.0,0.05574350000000001,14921956.264797285,12133604230.81872,65.5819310496338,4.183300216692559,1,1,canonical_v2_cambridge_prices_freeze_last
2022-01-09,41767.65,-0.0023317656854953,793929201527.346,96.1419878533892,23.0,0.05574350000000001,14682988.766864112,12148287219.585585,65.35318001432874,4.179806100161424,1,1,canonical_v2_cambridge_prices_freeze_last
2022-01-10,42088.21,0.0076748392595704,800062261598.2263,96.3880448025513,23.0,0.05574350000000001,14720567.05603019,12163007786.641615,65.77832355553686,4.186290354810377,1,1,canonical_v2_cambridge_prices_freeze_last
2022-01-11,41718.17,-0.0087920108743042,793067518092.3239,97.4979054944771,21.0,0.05574350000000001,14890067.109401055,12177897853.751017,65.12351537322547,4.176285703241332,1,1,canonical_v2_cambridge_prices_freeze_last
2022-01-12,42680.03,0.0230561407655225,811392896592.358,96.5041018320414,22.0,0.05574350000000001,14738291.508149043,12192636145.259165,66.54778236024455,4.197920221374473,1,1,canonical_v2_cambridge_prices_freeze_last
2022-01-13,43791.18,0.0260344240620262,832558375130.0812,99.718405519568,21.0,0.05574350000000001,15229186.131726136,12207865331.39089,68.19852222560719,4.222422896368427,1,1,canonical_v2_cambridge_prices_freeze_last
2022-01-14,42815.49,-0.0222805140213167,814048938296.1112,101.590925562862,21.0,0.05574350000000001,15515160.983872326,12223380492.374762,66.59769274170385,4.198669933428283,1,1,canonical_v2_cambridge_prices_freeze_last
2022-01-15,43317.83,0.011732669648298,823640751793.4647,103.710999820824,23.0,0.05574350000000001,15838942.79044412,12239219435.165205,67.29520261945915,4.209088950595168,1,1,canonical_v2_cambridge_prices_freeze_last
2022-01-16,43316.94,-2.054581219790297e-05,823664655429.8478,106.963927588482,21.0,0.05574350000000001,16335736.157612456,12255555171.322817,67.20745359273224,4.207784157936833,1,1,canonical_v2_cambridge_prices_freeze_last
2022-01-17,43086.82,-0.0053124712872146,819329550444.3444,108.781739003207,22.0,0.05574350000000001,16613355.803082934,12272168527.1259,66.76322514911132,4.201152407229988,1,1,canonical_v2_cambridge_prices_freeze_last
2022-01-18,41730.45,-0.0314799282007816,793576408449.5293,106.676903528198,24.0,0.05574350000000001,16291901.292668784,12288460428.41857,64.57899368860616,4.167889182808694,1,1,canonical_v2_cambridge_prices_freeze_last
2022-01-19,42381.01,0.0155895754778585,805987814823.0967,109.929832085553,24.0,0.05574350000000001,16788694.780441165,12305249123.19901,65.49951218001534,4.182042694980119,1,1,canonical_v2_cambridge_prices_freeze_last
2022-01-20,41745.5,-0.0149951593886036,793941169374.0083,108.973089692891,24.0,0.05574350000000001,16642579.247385396,12321891702.446396,64.43338316440314,4.165631870919955,1,1,canonical_v2_cambridge_prices_freeze_last
2022-01-21,41314.47,-0.010325184750452,785782426502.4857,107.660099190871,19.0,0.05574350000000001,16442056.819852926,12338333759.266249,63.686267678757915,4.153968961296354,1,1,canonical_v2_cambridge_prices_freeze_last
2022-01-22,36684.13,-0.112075502844403,697749942212.9277,105.793299712625,13.0,0.05574350000000001,16156955.623371813,12354490714.88962,56.4774346685129,4.033841171978405,1,1,canonical_v2_cambridge_prices_freeze_last
2022-01-23,35379.09,-0.0355750565707841,672960682559.0653,103.797565615956,11.0,0.05574350000000001,15852163.284693273,12370342878.174313,54.40113416309644,3.9963850022308995,1,1,canonical_v2_cambridge_prices_freeze_last
2022-01-24,35336.92,-0.0011919469946796,672191727743.161,104.082587794351,13.0,0.05574350000000001,15895692.418395633,12386238570.592709,54.269237905611824,3.9939575453309035,1,1,canonical_v2_cambridge_prices_freeze_last
2022-01-25,36814.44,0.0418123594246471,700332199387.4811,106.968649186828,12.0,0.05574350000000001,16336457.249166982,12402575027.841875,56.466677106596244,4.03365067843642,1,1,canonical_v2_cambridge_prices_freeze_last
2022-01-26,36575.75,-0.0064835971971868,695825836729.9005,104.013765701049,23.0,0.05574350000000001,15885181.776318973,12418460209.618195,56.0315711436574,4.025915302298762,1,1,canonical_v2_cambridge_prices_freeze_last
2022-01-27,36332.97,-0.0066377312837057,691241197124.2648,101.245801823195,20.0,0.05574350000000001,15462453.024469236,12433922662.642664,55.59317167068101,4.018060382036166,1,1,canonical_v2_cambridge_prices_freeze_last
2022-01-28,36193.76,-0.0038315062049703,688626620882.1237,102.768421285228,24.0,0.05574350000000001,15694990.388803037,12449617653.031467,55.31307386893475,4.013009297745917,1,1,canonical_v2_cambridge_prices_freeze_last
2022-01-29,37792.4,0.0441689396183209,719077928559.0591,103.674421062708,24.0,0.05574350000000001,15833356.412353603,12465451009.44382,57.685672825980056,4.055008838105633,1,1,canonical_v2_cambridge_prices_freeze_last
2022-01-30,38391.0,0.0158391634296841,730503465069.8335,103.377451839295,29.0,0.05574350000000001,15788002.703023952,12481239012.146845,58.52812083471052,4.069507336768765,1,1,canonical_v2_cambridge_prices_freeze_last
2022-01-31,38001.55,-0.0101443046547367,723128577542.9552,101.719329776043,20.0,0.05574350000000001,15534771.121563982,12496773783.26841,57.86522106298606,4.058116531615669,1,1,canonical_v2_cambridge_prices_freeze_last
2022-02-01,38429.82,0.0112698034685425,731314040381.1595,100.953379126654,26.0,0.05574350000000001,15417793.669442844,12512191576.937853,58.44811725302373,4.068139476159314,1,1,canonical_v2_cambridge_prices_freeze_last
2022-02-02,38805.12,0.0097658537042328,738492226015.931,102.390164456067,28.0,0.05574350000000001,15637222.28042951,12527828799.218283,58.94814160152091,4.076658101491052,1,1,canonical_v2_cambridge_prices_freeze_last
2022-02-03,36905.15,-0.0489618380254976,702368776272.7845,103.433175989859,20.0,0.05574350000000001,15796513.002166316,12543625312.22045,55.9940813592791,4.025245995136693,1,1,canonical_v2_cambridge_prices_freeze_last
2022-02-04,36962.81,0.0015623835697726,703500670209.6229,100.805718234384,20.0,0.05574350000000001,15395242.614790097,12559020554.83524,56.01556802443278,4.025629652536487,1,1,canonical_v2_cambridge_prices_freeze_last
2022-02-05,40645.75,0.0996390696486551,773634768960.6748,97.5981253357418,33.0,0.05574350000000001,14905372.875761434,12573925927.711,61.52690682356436,4.119474588459423,1,1,canonical_v2_cambridge_prices_freeze_last
2022-02-06,41692.75,0.0257591507107139,793601849041.329,98.5033934354266,37.0,0.05574350000000001,15043627.1560759,12588969554.867077,63.0394605040975,4.143760887519627,1,1,canonical_v2_cambridge_prices_freeze_last
2022-02-07,41668.04,-0.0005926689892127,793170369798.0503,97.8598353744715,45.0,0.05574350000000001,14945341.734785898,12603914896.601862,62.93047646742654,4.142030568897857,1,1,canonical_v2_cambridge_prices_freeze_last
2022-02-08,44100.17,0.0583691961512948,839508199595.6833,97.8867228763095,48.0,0.05574350000000001,14949448.045631671,12618864344.647493,66.52803110224218,4.197623379181539,1,1,canonical_v2_cambridge_prices_freeze_last
2022-02-09,44225.82,0.0028491953659135,841941332942.2964,96.8050520023495,54.0,0.05574350000000001,14784253.195323206,12633648597.842817,66.64276961811784,4.199346557891083,1,1,canonical_v2_cambridge_prices_freeze_last
2022-02-10,44513.75,0.0065104502302049,847464209177.0521,97.0105272545344,50.0,0.05574350000000001,14815633.76989901,12648464231.612717,67.00135239019433,4.204712804115527,1,1,canonical_v2_cambridge_prices_freeze_last
2022-02-11,43773.5,-0.0166296930723652,833411889779.5417,98.3673407098517,50.0,0.05574350000000001,15022848.922903067,12663487080.53562,65.81219568348874,4.18680516589093,1,1,canonical_v2_cambridge_prices_freeze_last
2022-02-12,42556.96,-0.0277917004580396,810289555151.2489,105.28953578692,44.0,0.05574350000000001,16080019.830515549,12679567100.366135,63.90514350666207,4.157399851206101,1,1,canonical_v2_cambridge_prices_freeze_last
2022-02-13,41883.62,-0.0158220887958161,797508035797.3536,106.036453111847,44.0,0.05574350000000001,16194090.476822585,12695761190.842957,62.81687437320186,4.140223737590937,1,1,canonical_v2_cambridge_prices_freeze_last
2022-02-14,42275.8,0.0093635650404622,805014854188.1141,108.242461670046,46.0,0.05574350000000001,16530996.334532084,12712292187.177488,63.325704155864884,4.148291315539534,1,1,canonical_v2_cambridge_prices_freeze_last
2022-02-15,42245.68,-0.0007124643413016,804480563201.3591,111.338581404201,46.0,0.05574350000000001,17003841.67809611,12729296028.855585,63.199140107804155,4.146290695171076,1,1,canonical_v2_cambridge_prices_freeze_last
2022-02-16,44009.75,0.0417574057276388,838114457584.4746,113.659563697681,51.0,0.05574350000000001,17358306.545155294,12746654335.40074,65.7517208462157,4.185885843281397,1,1,canonical_v2_cambridge_prices_freeze_last
2022-02-17,44084.55,0.0016996233789103,839579859656.1006,115.801383760617,52.0,0.05574350000000001,17685409.412767,12764339744.813507,65.77542406744888,4.186246274149189,1,1,canonical_v2_cambridge_prices_freeze_last
2022-02-18,40686.07,-0.0770900462860572,774894359869.7253,116.296738137145,30.0,0.05574350000000001,17761060.883145053,12782100805.696651,60.623396079334235,4.104680892484317,1,1,canonical_v2_cambridge_prices_freeze_last
2022-02-19,39978.1,-0.0174007958989403,761447657235.2152,113.947095189487,25.0,0.05574350000000001,17402218.906014163,12799503024.602665,59.49040800815412,4.085815089608874,1,1,canonical_v2_cambridge_prices_freeze_last
2022-02-20,39928.77,-0.0012339255742519,760545100140.8401,113.584188810601,27.0,0.05574350000000001,17346795.147845857,12816849819.750511,59.33947193239755,4.083274715807197,1,1,canonical_v2_cambridge_prices_freeze_last
2022-02-21,38274.38,-0.0414335327634685,729068492058.4141,111.126334948741,25.0,0.05574350000000001,16971426.99237026,12833821246.742882,56.808372038331584,4.039683709906573,1,1,canonical_v2_cambridge_prices_freeze_last
2022-02-22,37064.7,-0.0316054760390631,706060260446.5741,108.7438041638,20.0,0.05574350000000001,16607562.321656946,12850428809.064539,54.944490253004446,4.006323407451256,1,1,canonical_v2_cambridge_prices_freeze_last
2022-02-23,37900.5,0.0225497575860591,722016830673.104,108.134380966428,25.0,0.05574350000000001,16514490.042197479,12866943299.106737,56.11409127164092,4.027386962300579,1,1,canonical_v2_cambridge_prices_freeze_last
2022-02-24,37535.15,-0.0096397145156396,715091522389.0918,104.957725440993,23.0,0.05574350000000001,16029345.11813697,12882972644.224874,55.506717443015766,4.016504048437536,1,1,canonical_v2_cambridge_prices_freeze_last
2022-02-25,38412.21,0.0233663645942536,731836134057.0153,104.132100499115,27.0,0.05574350000000001,15903254.09362306,12898875898.318497,56.73642725351112,4.038416460417432,1,1,canonical_v2_cambridge_prices_freeze_last
2022-02-26,38996.75,0.015217557125716,743008938122.4196,100.738663477071,26.0,0.05574350000000001,15385001.883655092,12914260900.202152,57.53398850032439,4.052375877523408,1,1,canonical_v2_cambridge_prices_freeze_last
2022-02-27,39477.3,0.0123228217736093,752201377602.7124,99.0262947992304,26.0,0.05574350000000001,15123485.65518055,12929384385.857332,58.17766377380657,4.063501497118269,1,1,canonical_v2_cambridge_prices_freeze_last
2022-02-28,38973.06,-0.0127729100014439,742629566913.0771,101.774989848995,20.0,0.05574350000000001,15543271.63465056,12944927657.491983,57.36838293439779,4.049493331610251,1,1,canonical_v2_cambridge_prices_freeze_last
2022-03-01,41642.63,0.0684978290131697,793536516792.2333,102.466310538216,51.0,0.05574350000000001,15648851.456128888,12960576508.948112,61.22694590355357,4.114587385159687,1,1,canonical_v2_cambridge_prices_freeze_last
2022-03-02,43890.01,0.0539682532059095,836402788384.9967,100.708118611784,52.0,0.05574350000000001,15380337.013249267,12975956845.96136,64.45788918027412,4.166012129656183,1,1,canonical_v2_cambridge_prices_freeze_last
2022-03-03,44035.83,0.0033223961443618,839222256961.7876,102.155564354212,39.0,0.05574350000000001,15601393.702956213,12991558239.664318,64.59750566329846,4.168175798019849,1,1,canonical_v2_cambridge_prices_freeze_last
2022-03-04,42067.27,-0.044703597048131,801744776834.8761,102.334808333244,33.0,0.05574350000000001,15628768.187189559,13007187007.851507,61.638598441839896,4.12128827239068,1,1,canonical_v2_cambridge_prices_freeze_last
2022-03-05,39377.66,-0.0639359292865925,750520756717.434,101.830793186263,22.0,0.05574350000000001,15551794.027338224,13022738801.878845,57.631560314267624,4.054070339770031,1,1,canonical_v2_cambridge_prices_freeze_last
2022-03-06,39361.66,-0.0004063217570571,750252049096.6073,100.997989088074,22.0,0.05574350000000001,15424606.588304255,13038163408.46715,57.54277083299815,4.052528511864899,1,1,canonical_v2_cambridge_prices_freeze_last
2022-03-07,39017.5,-0.0087435336822685,743728106365.3322,100.020894311257,23.0,0.05574350000000001,15275382.800108371,13053438791.267258,56.975645901284324,4.04262391164115,1,1,canonical_v2_cambridge_prices_freeze_last
2022-03-08,37826.79,-0.0305173319664252,721066307741.3512,98.3639414072711,21.0,0.05574350000000001,15022329.774893746,13068461121.04215,55.17606863292634,4.010529320019153,1,1,canonical_v2_cambridge_prices_freeze_last
2022-03-09,38492.87,0.0176086842156049,733798731501.87,98.358138803822,22.0,0.05574350000000001,15021443.590166721,13083482564.632317,56.085887520918774,4.026884221540381,1,1,canonical_v2_cambridge_prices_freeze_last
2022-03-10,41882.61,0.0880615033381506,798456644442.5889,97.9005450545643,28.0,0.05574350000000001,14951558.99520303,13098434123.62752,60.958175374741806,4.110187979413731,1,1,canonical_v2_cambridge_prices_freeze_last
2022-03-11,39326.89,-0.0610210299692401,749770125044.8904,97.7998239198664,22.0,0.05574350000000001,14936176.670348145,13113370300.297867,57.17600493809433,4.046134316284232,1,1,canonical_v2_cambridge_prices_freeze_last
2022-03-12,38849.26,-0.0121451251293961,740699744781.8555,101.123608127019,22.0,0.05574350000000001,15443791.368845163,13128814091.666712,56.41787137895432,4.032785976732994,1,1,canonical_v2_cambridge_prices_freeze_last
2022-03-13,39146.75,0.0076575461154213,746407615059.5323,103.138022731162,21.0,0.05574350000000001,15751436.630450768,13144565528.297163,56.78450257276987,4.039263446470248,1,1,canonical_v2_cambridge_prices_freeze_last
2022-03-14,38945.63,-0.0051375912432066,742608604112.6195,103.641626198338,23.0,0.05574350000000001,15828347.917772755,13160393876.214935,56.4275363714419,4.032957272893004,1,1,canonical_v2_cambridge_prices_freeze_last
2022-03-15,38724.25,-0.005684334802133,738422874522.4879,102.735138927808,21.0,0.05574350000000001,15689907.443348674,13176083783.658283,56.04266689912228,4.026113309542798,1,1,canonical_v2_cambridge_prices_freeze_last
2022-03-16,39417.18,0.0178939553380632,751672305000.4401,104.447392334171,24.0,0.05574350000000001,15951406.06734209,13192035189.725626,56.979252570965414,4.042687211591054,1,1,canonical_v2_cambridge_prices_freeze_last
2022-03-17,41253.81,0.0465946574564695,786734008381.2141,105.838566143371,27.0,0.05574350000000001,16163868.799487678,13208199058.525114,59.56406357106071,4.087052432000586,1,1,canonical_v2_cambridge_prices_freeze_last
2022-03-18,40718.25,-0.0129820736557423,776557851056.4473,106.29113391139,25.0,0.05574350000000001,16232985.816957725,13224432044.342072,58.721451965015696,4.072805110925209,1,1,canonical_v2_cambridge_prices_freeze_last
2022-03-19,41744.29,0.025198528915167,796164169341.9946,106.135092417498,28.0,0.05574350000000001,16209154.86075288,13240641199.202824,60.13033337010364,4.0965144291921645,1,1,canonical_v2_cambridge_prices_freeze_last
2022-03-20,42203.61,0.0110031815129685,804963113056.9362,106.382290678806,31.0,0.05574350000000001,16246907.453298694,13256888106.656122,60.72036714655334,4.106279179619709,1,1,canonical_v2_cambridge_prices_freeze_last
2022-03-21,41042.68,-0.0275078364149418,782857844516.8805,106.327684429618,30.0,0.05574350000000001,16238567.882198388,13273126674.53832,58.98066549900614,4.077209686792549,1,1,canonical_v2_cambridge_prices_freeze_last
2022-03-22,41184.85,0.0034639550828552,785607266136.7389,107.281713334795,26.0,0.05574350000000001,16384269.006241497,13289510943.544561,59.11483646569786,4.079481932935506,1,1,canonical_v2_cambridge_prices_freeze_last
2022-03-23,42597.83,0.0343082468431961,812598984148.7449,106.222755120403,31.0,0.05574350000000001,16222542.876860783,13305733486.421423,61.07134078538449,4.112042701888168,1,1,canonical_v2_cambridge_prices_freeze_last
2022-03-24,42365.25,-0.0054599025349413,808200952090.3224,104.579102607213,40.0,0.05574350000000001,15971521.112836104,13321705007.53426,60.667981435802254,4.105416070192569,1,1,canonical_v2_cambridge_prices_freeze_last
2022-03-25,43897.03,0.0361565197892139,837462744489.6719,106.08213466707,47.0,0.05574350000000001,16201067.051544705,13337906074.585804,62.78817228180837,4.1397667162744,1,1,canonical_v2_cambridge_prices_freeze_last
2022-03-26,44572.23,0.0153814506357263,850384791893.3259,106.888976589262,51.0,0.05574350000000001,16324289.497269938,13354230364.083075,63.67905665162718,4.1538557275386365,1,1,canonical_v2_cambridge_prices_freeze_last
2022-03-27,44583.83,0.0002602517307299,850646752830.0033,104.747132854722,49.0,0.05574350000000001,15997183.01448547,13370227547.09756,63.62245891728773,4.152966535641499,1,1,canonical_v2_cambridge_prices_freeze_last
2022-03-28,44947.0,0.0081457784133842,857616891263.5692,105.924613082055,60.0,0.05574350000000001,16177010.052985026,13386404557.150545,64.06626122811002,4.159917879462679,1,1,canonical_v2_cambridge_prices_freeze_last
2022-03-29,47967.63,0.0672042627984068,915296092522.734,106.860967245605,56.0,0.05574350000000001,16320011.85659009,13402724569.007135,68.29179304626555,4.223789598980122,1,1,canonical_v2_cambridge_prices_freeze_last
2022-03-30,47410.42,-0.0116163754598673,904706831758.0586,106.515007512766,55.0,0.05574350000000001,16267176.2227065,13418991745.229841,67.4198813841332,4.210939950447102,1,1,canonical_v2_cambridge_prices_freeze_last
2022-03-31,47289.19,-0.0025570328210549,902436498201.3368,106.88262505187,52.0,0.05574350000000001,16323319.478298401,13435315064.70814,67.16898664861647,4.207211632796303,1,1,canonical_v2_cambridge_prices_freeze_last
2022-04-01,45773.92,-0.0320426296157748,873561692634.5789,106.14163317631,50.0,0.05574350000000001,16210153.777982568,13451525218.486122,64.9414604251764,4.173486255260395,1,1,canonical_v2_cambridge_prices_freeze_last
2022-04-02,46163.67,0.0085146738579522,881041753004.6653,104.249314444769,52.0,0.05574350000000001,15921155.23219721,13467446373.718319,65.42010478868626,4.1808296238926035,1,1,canonical_v2_cambridge_prices_freeze_last
2022-04-03,46185.61,0.0004752655064037,881502449242.8488,105.834814381339,48.0,0.05574350000000001,16163295.82319499,13483609669.541513,65.37585044708749,4.180152931051334,1,1,canonical_v2_cambridge_prices_freeze_last
2022-04-04,46609.75,0.0091833798449343,889639953856.7583,106.238000805641,52.0,0.05574350000000001,16224871.227148628,13499834540.768661,65.9000635281937,4.188139405517006,1,1,canonical_v2_cambridge_prices_freeze_last
2022-04-05,46304.29,-0.0065535644366253,883851676494.223,105.8902723642,53.0,0.05574350000000001,16171765.472695298,13516006306.241356,65.39296123930353,4.180414626360682,1,1,canonical_v2_cambridge_prices_freeze_last
2022-04-06,45876.42,-0.009240396516176,875726163755.2623,107.762272806284,48.0,0.05574350000000001,16457660.9703482,13532463967.211704,64.71298692367412,4.1699619066142235,1,1,canonical_v2_cambridge_prices_freeze_last
2022-04-07,43878.13,-0.0435581067572404,837620985141.4967,107.83511997138,34.0,0.05574350000000001,16468786.329108553,13548932753.540813,61.82191618912544,4.1242579324889705,1,1,canonical_v2_cambridge_prices_freeze_last
2022-04-08,43562.98,-0.0071823935979038,831644352084.4125,107.084776681615,37.0,0.05574350000000001,16354192.462881114,13565286946.003695,61.306801352212695,4.1158907886995735,1,1,canonical_v2_cambridge_prices_freeze_last
2022-04-09,42791.21,-0.0177161892965083,816949555829.5908,109.014232579414,30.0,0.05574350000000001,16648862.667919356,13581935808.671614,60.14971410098962,4.096836689308637,1,1,canonical_v2_cambridge_prices_freeze_last
2022-04-10,42417.68,-0.0087291291833065,809856713445.6139,109.12142415468,34.0,0.05574350000000001,16665233.170866864,13598601041.84248,59.55441379254451,4.086890412156967,1,1,canonical_v2_cambridge_prices_freeze_last
2022-04-11,43111.21,0.0163500219719701,823136913901.1908,106.870392776782,32.0,0.05574350000000001,16321451.341787804,13614922493.184267,60.45843553742295,4.101956113022856,1,1,canonical_v2_cambridge_prices_freeze_last
2022-04-12,39821.77,-0.0763012682780186,760366554007.1573,107.521032915405,20.0,0.05574350000000001,16420818.351561312,13631343311.535828,55.78075004271077,4.021428828554096,1,1,canonical_v2_cambridge_prices_freeze_last
2022-04-13,39530.62,-0.007311327447273,754843015349.2721,105.904807163275,25.0,0.05574350000000001,16173985.25508499,13647517296.790913,55.30991453857812,4.012952178870302,1,1,canonical_v2_cambridge_prices_freeze_last
2022-04-14,41264.0,0.0438490466377707,787979462035.0742,105.24426898611,28.0,0.05574350000000001,16073106.597882804,13663590403.388796,57.67001489152092,4.054737365846829,1,1,canonical_v2_cambridge_prices_freeze_last
2022-04-15,39907.21,-0.0328807192710353,762106187081.3804,106.99634203919,22.0,0.05574350000000001,16340686.554689283,13679931089.943485,55.70979722563272,4.020156024206188,1,1,canonical_v2_cambridge_prices_freeze_last
2022-04-16,40397.62,0.0122887568436882,771508007001.5242,104.2637979945,28.0,0.05574350000000001,15923367.1876888,13695854457.131174,56.33149866015219,4.031253857561631,1,1,canonical_v2_cambridge_prices_freeze_last
2022-04-17,40309.5,-0.0021813166221179,769861489205.6174,106.08670965581,28.0,0.05574350000000001,16201765.752599029,13712056222.883774,56.14486089408029,4.027935152402415,1,1,canonical_v2_cambridge_prices_freeze_last
2022-04-18,40120.67,-0.0046845036529851,766291268057.6173,105.069236849784,24.0,0.05574350000000001,16046375.35434503,13728102598.23812,55.81916820434923,4.0221173266060575,1,1,canonical_v2_cambridge_prices_freeze_last
2022-04-19,40659.22,0.0134232553942894,776614057750.0352,101.523602241685,27.0,0.05574350000000001,15504879.237148955,13743607477.475267,56.50729322871356,4.034369713515857,1,1,canonical_v2_cambridge_prices_freeze_last
2022-04-20,41289.91,0.0155116108966182,788697810209.1609,103.380827458692,27.0,0.05574350000000001,15788518.23409205,13759395995.70936,57.32067094043251,4.048661308063004,1,1,canonical_v2_cambridge_prices_freeze_last
2022-04-21,41428.5,0.0033565101013781,791382406954.4354,106.486656502923,27.0,0.05574350000000001,16262846.402111476,13775658842.111471,57.4478807892092,4.0508781156981,1,1,canonical_v2_cambridge_prices_freeze_last
2022-04-22,40607.75,-0.0198112410538638,775740707095.3392,104.140685703448,26.0,0.05574350000000001,15904565.242493574,13791563407.353964,56.247481462594536,4.029761266083825,1,1,canonical_v2_cambridge_prices_freeze_last
2022-04-23,39624.5,-0.024213358287519,756993084825.6802,107.098649454306,24.0,0.05574350000000001,16356311.139331803,13807919718.493296,54.82310878530241,4.004111798228849,1,1,canonical_v2_cambridge_prices_freeze_last
2022-04-24,39801.6,0.0044694570278489,760412240702.6731,107.71064240569,24.0,0.05574350000000001,16449775.876552278,13824369494.369848,55.005202299631875,4.007427768025412,1,1,canonical_v2_cambridge_prices_freeze_last
2022-04-25,39670.5,-0.0032938374336709,757943239331.6471,110.566607331318,23.0,0.05574350000000001,16885944.317187194,13841255438.687035,54.75971762020633,4.00295484372701,1,1,canonical_v2_cambridge_prices_freeze_last
2022-04-26,40171.04,0.0126174361301218,767542645635.5392,112.198587081121,27.0,0.05574350000000001,17135183.394401286,13858390622.081436,55.38468834992757,4.014303171976945,1,1,canonical_v2_cambridge_prices_freeze_last
2022-04-27,38122.08,-0.0510058987768302,728427691163.341,113.581322067752,21.0,0.05574350000000001,17346357.333380096,13875736979.414816,52.49650467171518,3.9607465896995704,1,1,canonical_v2_cambridge_prices_freeze_last
2022-04-28,39109.25,0.0258949669063177,747325420315.8689,110.555538170364,24.0,0.05574350000000001,16884253.813697774,13892621233.228514,53.79297454165153,3.9851428739131443,1,1,canonical_v2_cambridge_prices_freeze_last
2022-04-29,39872.33,0.0195114966408203,761942644158.4135,112.935710183772,23.0,0.05574350000000001,17247758.248298895,13909868991.476812,54.777125839595556,4.00327269512725,1,1,canonical_v2_cambridge_prices_freeze_last
2022-04-30,38549.99,-0.0331643523215222,736707893020.8916,112.459917271553,20.0,0.05574350000000001,17175094.242265247,13927044085.719078,52.897649241759694,3.9683589001029476,1,1,canonical_v2_cambridge_prices_freeze_last
2022-05-01,38338.5,-0.0054861233427038,732700599765.6532,112.753027822068,22.0,0.05574350000000001,17219858.64766972,13944263944.366747,52.544946272452925,3.9616689228116213,1,1,canonical_v2_cambridge_prices_freeze_last
2022-05-02,37930.02,-0.0106545639500763,724927989069.7843,113.220747416191,28.0,0.05574350000000001,17291289.68108067,13961555234.047827,51.92315447077942,3.9497648269211854,1,1,canonical_v2_cambridge_prices_freeze_last
2022-05-03,38308.87,0.0099881307734612,732202982576.9238,114.87046949488,27.0,0.05574350000000001,17543238.400788616,13979098472.448616,52.378412243108635,3.9584945263465356,1,1,canonical_v2_cambridge_prices_freeze_last
2022-05-04,37762.56,-0.0142606660024168,721795092897.3845,112.672694610688,21.0,0.05574350000000001,17207590.005564075,13996306062.45418,51.57039933798229,3.9429478516431686,1,1,canonical_v2_cambridge_prices_freeze_last
2022-05-05,39800.04,0.0539550284726459,760775187630.2068,115.133617219375,27.0,0.05574350000000001,17583426.82594036,14013889489.28012,54.28722612749011,3.994288952994245,1,1,canonical_v2_cambridge_prices_freeze_last
2022-05-06,36408.95,-0.0852031807003209,695987291394.7701,114.063586105874,22.0,0.05574350000000001,17420009.62217202,14031309498.902292,49.602447401592784,3.9040401752876153,1,1,canonical_v2_cambridge_prices_freeze_last
2022-05-07,36062.57,-0.0095135948715905,689398194655.0415,113.099751367725,23.0,0.05574350000000001,17272810.932511725,14048582309.834805,49.07243873087633,3.893297547886142,1,1,canonical_v2_cambridge_prices_freeze_last
2022-05-08,35766.75,-0.0082029650133087,683775050094.9591,111.825387693303,18.0,0.05574350000000001,17078187.668168865,14065660497.502974,48.61307794371599,3.883892588199387,1,1,canonical_v2_cambridge_prices_freeze_last
2022-05-09,34497.78,-0.0354790412883474,659546182863.7911,111.143748066968,11.0,0.05574350000000001,16974086.35718091,14082634583.860155,46.834005308898995,3.8466095482354747,1,1,canonical_v2_cambridge_prices_freeze_last
2022-05-10,30940.5,-0.1031162005207291,591563911677.2163,111.354785895951,10.0,0.05574350000000001,17006316.459153276,14099640900.31931,41.95595588989925,3.736620398756905,1,1,canonical_v2_cambridge_prices_freeze_last
2022-05-11,30985.71,0.0014611916420226,592455952416.1863,111.853622416735,12.0,0.05574350000000001,17082499.72928019,14116723400.04859,41.96837577862771,3.7369163770166587,1,1,canonical_v2_cambridge_prices_freeze_last
2022-05-12,28410.42,-0.0831121830030682,543240987082.2296,109.957141141715,12.0,0.05574350000000001,16792865.471871756,14133516265.520462,38.43636479957205,3.649004011460939,1,1,canonical_v2_cambridge_prices_freeze_last
2022-05-13,28528.46,0.0041548136211995,545523487555.624,111.514350896125,10.0,0.05574350000000001,17030685.531994916,14150546951.052458,38.5514064892771,3.6519925841499346,1,1,canonical_v2_cambridge_prices_freeze_last
2022-05-14,29765.83,0.0433731789237836,569211101430.4492,111.761358569667,9.0,0.05574350000000001,17068409.017611597,14167615360.07007,40.176916648563925,3.6932926179794228,1,1,canonical_v2_cambridge_prices_freeze_last
2022-05-15,29342.02,-0.0142381381604342,561132731077.757,108.654355645599,10.0,0.05574350000000001,16593901.57241219,14184209261.642483,39.560381599501284,3.6778281528025607,1,1,canonical_v2_cambridge_prices_freeze_last
2022-05-16,30260.8,0.031312772603931,578730294236.6194,110.295121705955,14.0,0.05574350000000001,16844482.51182439,14201053744.154306,40.75263037961861,3.707520386796757,1,1,canonical_v2_cambridge_prices_freeze_last
2022-05-17,29889.1,-0.0122832178924549,571648221924.6844,110.244442301188,8.0,0.05574350000000001,16836742.655934997,14217890486.810242,40.206261432031376,3.6940227405118167,1,1,canonical_v2_cambridge_prices_freeze_last
2022-05-18,30081.0,0.0064204007480987,575345188656.3124,108.907836023295,12.0,0.05574350000000001,16632613.581820672,14234523100.392063,40.41899996217405,3.6992999705059746,1,1,canonical_v2_cambridge_prices_freeze_last
2022-05-19,29204.75,-0.0291296831887237,558611529923.8878,107.484920189504,13.0,0.05574350000000001,16415303.146804431,14250938403.538868,39.19822780127731,3.6686315366233635,1,1,canonical_v2_cambridge_prices_freeze_last
2022-05-20,30232.98,0.0352076288959843,578305783091.4626,104.857997241057,13.0,0.05574350000000001,16014114.436183183,14266952517.975052,40.534639921374264,3.702156915246749,1,1,canonical_v2_cambridge_prices_freeze_last
2022-05-21,29099.22,-0.0375007690277305,556644717461.1017,104.20126615166,13.0,0.05574350000000001,15913817.204726191,14282866335.179777,38.97289972461926,3.6628665257335173,1,1,canonical_v2_cambridge_prices_freeze_last
2022-05-22,29384.67,0.0098095412866736,562131233919.508,104.122537119348,14.0,0.05574350000000001,15901793.555924319,14298768128.7357,39.313263132773926,3.6715619462347022,1,1,canonical_v2_cambridge_prices_freeze_last
2022-05-23,29991.79,0.0206611134309149,573772104580.7126,103.581465676216,10.0,0.05574350000000001,15819160.087457938,14314587288.823158,40.08303508887849,3.6909531796799793,1,1,canonical_v2_cambridge_prices_freeze_last
2022-05-24,29307.99,-0.0227995728164274,560716340059.2358,100.548739851029,12.0,0.05574350000000001,15355996.383248864,14329943285.206408,39.128999249989654,3.6668638608886215,1,1,canonical_v2_cambridge_prices_freeze_last
2022-05-25,29426.75,0.0040521373181852,563014526969.8812,101.253428343859,11.0,0.05574350000000001,15463617.761331247,14345406902.96774,39.247023857748246,3.669875616073236,1,1,canonical_v2_cambridge_prices_freeze_last
2022-05-26,29747.25,0.0108914508058144,569172930911.6687,102.577514321406,12.0,0.05574350000000001,15665834.711165197,14361072737.678904,39.63303726039485,3.6796630446995002,1,1,canonical_v2_cambridge_prices_freeze_last
2022-05-27,29456.75,-0.0097656085856675,563640699971.9479,102.93258069842,12.0,0.05574350000000001,15720061.12921199,14376792798.808115,39.20489832883142,3.668801696358044,1,1,canonical_v2_cambridge_prices_freeze_last
2022-05-28,28737.43,-0.0244195303283627,549902298763.5842,103.562425921991,13.0,0.05574350000000001,15816252.299678098,14392609051.107794,38.207269912695814,3.6430258093562022,1,1,canonical_v2_cambridge_prices_freeze_last
2022-05-29,28993.14,0.0088981512960621,554821066763.7142,105.798012651759,14.0,0.05574350000000001,16157675.392474873,14408766726.500269,38.505798400032404,3.650808837746573,1,1,canonical_v2_cambridge_prices_freeze_last
2022-05-30,29147.0,0.0053067725675797,557791154030.4878,104.419310189466,10.0,0.05574350000000001,15947117.308346573,14424713843.808615,38.669131330456395,3.655041641711771,1,1,canonical_v2_cambridge_prices_freeze_last
2022-05-31,31254.5,0.0723058976910144,598150372984.2053,106.560227888803,16.0,0.05574350000000001,16274082.365258878,14440987926.173874,41.4203222135568,3.723771635115278,1,1,canonical_v2_cambridge_prices_freeze_last
2022-06-01,31767.75,0.016421635284519,608001049476.3486,104.667656726205,17.0,0.05574350000000001,15985045.267718382,14456972971.441593,42.05590275899375,3.7389997513353257,1,1,canonical_v2_cambridge_prices_freeze_last
2022-06-02,29627.0,-0.0673875235104783,567055529744.2294,102.45393893057,13.0,0.05574350000000001,15646962.040482823,14472619933.482077,39.18126312654417,3.668198651061152,1,1,canonical_v2_cambridge_prices_freeze_last
2022-06-03,30212.22,0.0197529280723665,578283206299.2722,102.347312336926,10.0,0.05574350000000001,15630677.82261215,14488250611.30469,39.913942808806574,3.6867257066842813,1,1,canonical_v2_cambridge_prices_freeze_last
2022-06-04,29638.0,-0.019006216689803,567318380534.3317,100.800876386646,14.0,0.05574350000000001,15394503.158517815,14503645114.463207,39.115572399699374,3.666520658794496,1,1,canonical_v2_cambridge_prices_freeze_last
2022-06-05,29726.58,0.0029887306835818,569040158256.9296,99.8483219234046,10.0,0.05574350000000001,15249027.214074807,14518894141.677282,39.19307852954645,3.6685001630826153,1,1,canonical_v2_cambridge_prices_freeze_last
2022-06-06,29975.22,0.008364231606865,573826164536.4877,98.7741293166583,13.0,0.05574350000000001,15084974.459077105,14533979116.13636,39.4816973349987,3.675837205915676,1,1,canonical_v2_cambridge_prices_freeze_last
2022-06-07,31429.27,0.0485084012727845,601689245560.1873,99.7292414994465,15.0,0.05574350000000001,15230841.023354514,14549209957.159714,41.35545829167817,3.7222044149753004,1,1,canonical_v2_cambridge_prices_freeze_last
2022-06-08,31310.78,-0.0037700525656498,599448419161.4359,104.129993001849,17.0,0.05574350000000001,15902932.232598824,14565112889.392313,41.15645540914487,3.717380789889821,1,1,canonical_v2_cambridge_prices_freeze_last
2022-06-09,30181.77,-0.0360581882661498,577859962022.3995,106.41182434081,11.0,0.05574350000000001,16251417.890799845,14581364307.283113,39.63003391484907,3.6795872629892363,1,1,canonical_v2_cambridge_prices_freeze_last
2022-06-10,30153.17,-0.0009475918741678,577338915663.2146,106.999852459549,13.0,0.05574350000000001,16341222.672818825,14597705529.955933,39.549976842487894,3.677565108688533,1,1,canonical_v2_cambridge_prices_freeze_last
2022-06-11,29162.79,-0.0328449711920835,558401881133.9651,108.693711365268,12.0,0.05574350000000001,16599912.05339676,14614305442.009329,38.20926580122101,3.643078046440938,1,1,canonical_v2_cambridge_prices_freeze_last
2022-06-12,28384.75,-0.0266792031900926,543529113361.832,106.962643812685,14.0,0.05574350000000001,16335540.096910704,14630640982.10624,37.15005473967861,3.6149652446398997,1,1,canonical_v2_cambridge_prices_freeze_last
2022-06-13,27861.85,-0.0184218638529493,533540772274.3405,105.357877849376,11.0,0.05574350000000001,16090457.161360798,14646731439.267601,36.427292634309396,3.595318291330735,1,1,canonical_v2_cambridge_prices_freeze_last
2022-06-14,23206.48,-0.1670876126316091,444413096946.7288,103.861652395269,8.0,0.05574350000000001,15861950.740536107,14662593390.008137,30.309310578684894,3.411454945139131,1,1,canonical_v2_cambridge_prices_freeze_last
2022-06-15,21956.13,-0.0538793474925968,420487680686.7551,102.444746895269,7.0,0.05574350000000001,15645558.215223093,14678238948.22336,28.647011550227592,3.355049128827618,1,1,canonical_v2_cambridge_prices_freeze_last
2022-06-16,21635.49,-0.0146036664931388,414365999809.2103,98.9378071189755,7.0,0.05574350000000001,15109971.646949619,14693348919.87031,28.200922884833236,3.3393547038210967,1,1,canonical_v2_cambridge_prices_freeze_last
2022-06-17,20671.31,-0.0445647406183081,395918012994.1711,94.08705957061,9.0,0.05574350000000001,14369156.178559724,14707718076.04887,26.919064599076936,3.292834756738829,1,1,canonical_v2_cambridge_prices_freeze_last
2022-06-18,20632.75,-0.001865387341199,395197556633.3764,92.5828848889314,6.0,0.05574350000000001,14139435.7364552,14721857511.785326,26.844272627758276,3.290052488247933,1,1,canonical_v2_cambridge_prices_freeze_last
2022-06-19,17780.08,-0.1382593207400855,340573387294.8579,91.7342532425187,6.0,0.05574350000000001,14009831.083902309,14735867342.869228,23.11186571991389,3.140346153174483,1,1,canonical_v2_cambridge_prices_freeze_last
2022-06-20,20213.0,0.1368340299931156,387193115764.9869,90.2704145764776,9.0,0.05574350000000001,13786270.835462684,14749653613.70469,26.250997203434327,3.2677039770183405,1,1,canonical_v2_cambridge_prices_freeze_last
2022-06-21,20431.25,0.0107975065551872,391391717968.0622,88.9568275725259,9.0,0.05574350000000001,13585657.309011228,14763239271.013702,26.51123583267561,3.277568636818125,1,1,canonical_v2_cambridge_prices_freeze_last
2022-06-22,20840.5,0.020030590394616,399249756683.1854,83.9042583447722,11.0,0.05574350000000001,12814019.24668989,14776053290.260393,27.020053923759882,3.2965793282280584,1,1,canonical_v2_cambridge_prices_freeze_last
2022-06-23,19844.51,-0.0477910798685252,380186531660.06177,85.6444614425079,11.0,0.05574350000000001,13079786.401151892,14789133076.661545,25.70715468508611,3.246769345572998,1,1,canonical_v2_cambridge_prices_freeze_last
2022-06-24,20792.73,0.0477824849290811,398370961358.61847,86.6635488296884,11.0,0.05574350000000001,13235423.381336262,14802368500.042881,26.912649915279736,3.2925964331451842,1,1,canonical_v2_cambridge_prices_freeze_last
2022-06-25,21318.97,0.0253088459283605,408471894203.8125,85.5076143296031,14.0,0.05574350000000001,13058886.847622551,14815427386.890503,27.570712847963513,3.3167540806304823,1,1,canonical_v2_cambridge_prices_freeze_last
2022-06-26,21396.91,0.0036558989482136,409983908949.87695,85.3130403979427,14.0,0.05574350000000001,13029171.14362389,14828456558.034126,27.648454668584222,3.319569837386032,1,1,canonical_v2_cambridge_prices_freeze_last
2022-06-27,21162.87,-0.0109380279675898,405517963143.6044,84.9258206119756,12.0,0.05574350000000001,12970034.195297707,14841426592.229424,27.323381659005936,3.3077428066547485,1,1,canonical_v2_cambridge_prices_freeze_last
2022-06-28,20897.75,-0.0125276014075594,400456025358.4486,83.9289261079789,10.0,0.05574350000000001,12817786.554794855,14854244378.784218,26.9590303718448,3.294318319961311,1,1,canonical_v2_cambridge_prices_freeze_last
2022-06-29,20240.53,-0.0314493187065594,387879604121.837,85.2878704808626,13.0,0.05574350000000001,13025327.145616341,14867269705.929834,26.089498058081947,3.261532860101243,1,1,canonical_v2_cambridge_prices_freeze_last
2022-06-30,20189.66,-0.0025132741089288,386922351580.48303,86.7695079317393,11.0,0.05574350000000001,13251605.658610713,14880521311.588446,26.001935246661084,3.258170967815404,1,1,canonical_v2_cambridge_prices_freeze_last
2022-07-01,18723.73,-0.0726079587273882,358845019374.44696,86.9712775218321,11.0,0.05574350000000001,13282420.297365066,14893803731.88581,24.09357782835581,3.1819453248332534,1,1,canonical_v2_cambridge_prices_freeze_last
2022-07-02,19403.06,0.0362817665069941,371881444240.2131,85.6293408149528,14.0,0.05574350000000001,13077477.149913212,14906881209.035725,24.946965030807327,3.2167521727467228,1,1,canonical_v2_cambridge_prices_freeze_last
2022-07-03,19231.69,-0.0088321120483059,368613682163.92346,86.8204792145737,11.0,0.05574350000000001,13259390.090678329,14920140599.126404,24.705778053157644,3.207037145554382,1,1,canonical_v2_cambridge_prices_freeze_last
2022-07-04,19204.68,-0.001404452754802,368112686733.77167,87.2898323425748,14.0,0.05574350000000001,13331070.600515943,14933471669.72692,24.65017478018915,3.204783990937767,1,1,canonical_v2_cambridge_prices_freeze_last
2022-07-05,19750.75,0.0284342149934286,378596853924.2629,84.8208423428949,19.0,0.05574350000000001,12954001.712715516,14946425671.439634,25.33026037440539,3.2319997432503453,1,1,canonical_v2_cambridge_prices_freeze_last
2022-07-06,20430.55,0.0344189461159702,391645513163.1196,82.6776701133279,18.0,0.05574350000000001,12626692.339622725,14959052363.779257,26.181171349558287,3.2650405016335764,1,1,canonical_v2_cambridge_prices_freeze_last
2022-07-07,20370.45,-0.0029416731316581,390511113975.3342,81.1736590137972,18.0,0.05574350000000001,12396996.88009755,14971449360.659355,26.083721393166158,3.2613114183347522,1,1,canonical_v2_cambridge_prices_freeze_last
2022-07-08,21615.0,0.061095852079851,414388489239.8054,82.1707054855538,20.0,0.05574350000000001,12549267.729408134,14983998628.388763,27.65540090578377,3.3198210400251225,1,1,canonical_v2_cambridge_prices_freeze_last
2022-07-09,21496.69,-0.0054735137635901,412138982577.39233,81.6775545630806,24.0,0.05574350000000001,12473952.774759136,14996472581.163523,27.482394966337875,3.3135456166256043,1,1,canonical_v2_cambridge_prices_freeze_last
2022-07-10,21286.89,-0.009759642065825,408135117236.3789,81.3293706831033,24.0,0.05574350000000001,12420777.464859094,15008893358.628382,27.19288541028565,3.3029553732893304,1,1,canonical_v2_cambridge_prices_freeze_last
2022-07-11,20827.46,-0.0215827676095474,399344488389.567,79.509892731292,22.0,0.05574350000000001,12142903.3026487,15021036261.93103,26.585681668425003,3.280372787719356,1,1,canonical_v2_cambridge_prices_freeze_last
2022-07-12,20411.5,-0.0199717104246028,391386583432.0524,82.0938410858847,16.0,0.05574350000000001,12537528.850879492,15033573790.78191,26.034167848501713,3.25940982330403,1,1,canonical_v2_cambridge_prices_freeze_last
2022-07-13,19446.0,-0.0473017661612326,372890149660.536,80.5455715691077,15.0,0.05574350000000001,12301074.160993304,15045874864.942904,24.783547185373397,3.210180013065926,1,1,canonical_v2_cambridge_prices_freeze_last
2022-07-14,19653.76,0.0106839452843772,376891102363.5003,77.8222072967883,18.0,0.05574350000000001,11885156.7464343,15057760021.689339,25.029692452305177,3.220062818204998,1,1,canonical_v2_cambridge_prices_freeze_last
2022-07-15,20670.25,0.0517198744667688,396401749121.0035,77.4423305030923,15.0,0.05574350000000001,11827141.233970208,15069587162.92331,26.304751738408378,3.2697495973282504,1,1,canonical_v2_cambridge_prices_freeze_last
2022-07-16,20921.11,0.01213628282193,401230687596.8793,78.717848730458,21.0,0.05574350000000001,12021940.82385284,15081609103.747162,26.603970759140672,3.2810604813064255,1,1,canonical_v2_cambridge_prices_freeze_last
2022-07-17,21199.59,0.0133109572102052,406589779005.5504,76.4252568776899,24.0,0.05574350000000001,11671811.799346598,15093280915.546509,26.93846230522029,3.2935550908535602,1,1,canonical_v2_cambridge_prices_freeze_last
2022-07-18,20971.25,-0.0107709630233414,402228536423.2962,77.1918172969021,20.0,0.05574350000000001,11788882.376684556,15105069797.923193,26.62871087683414,3.281989989973447,1,1,canonical_v2_cambridge_prices_freeze_last
2022-07-19,21488.0,0.024640877391667,412158359069.4514,76.2310100149136,30.0,0.05574350000000001,11642146.045935167,15116711943.969128,27.26507990607598,3.3056067590935534,1,1,canonical_v2_cambridge_prices_freeze_last
2022-07-20,23299.47,0.0843014705882354,446924028418.6337,77.6537209557808,31.0,0.05574350000000001,11859425.189311143,15128571369.15844,29.541720596945886,3.38580352174909,1,1,canonical_v2_cambridge_prices_freeze_last
2022-07-21,23255.75,-0.0018764375326992,446105469693.111,78.8541832469034,34.0,0.05574350000000001,12042762.092667835,15140614131.251108,29.464159500130407,3.3831745925183645,1,1,canonical_v2_cambridge_prices_freeze_last
2022-07-22,23136.89,-0.0051109940552336,443845381552.762,77.469794342626,33.0,0.05574350000000001,11831335.564214174,15152445466.815323,29.29199663016821,3.377314326156082,1,1,canonical_v2_cambridge_prices_freeze_last
2022-07-23,23023.46,-0.0049025603700411,441689249788.2445,77.3269786904614,31.0,0.05574350000000001,11809524.483922563,15164254991.299246,29.126999647636588,3.3716655669586335,1,1,canonical_v2_cambridge_prices_freeze_last
2022-07-24,22328.75,-0.0301740051234696,428380955117.6629,79.6380089858344,30.0,0.05574350000000001,12162469.462744823,15176417460.761992,28.226750893300373,3.3402701415324723,1,1,canonical_v2_cambridge_prices_freeze_last
2022-07-25,22707.62,0.0169678105581367,435669198185.6047,80.1575576237272,30.0,0.05574350000000001,12241815.92711846,15188659276.68911,28.68384827449851,3.35633418645462,1,1,canonical_v2_cambridge_prices_freeze_last
2022-07-26,22164.54,-0.0239162008171704,425268725558.9964,81.5434788156683,26.0,0.05574350000000001,12453476.469482757,15201112753.158592,27.97615756587498,3.331352631925475,1,1,canonical_v2_cambridge_prices_freeze_last
2022-07-27,20978.45,-0.0535129535735909,402529389833.9607,84.3321613609194,28.0,0.05574350000000001,12879369.415951813,15213992122.574545,26.45784134702469,3.2755525736137394,1,1,canonical_v2_cambridge_prices_freeze_last
2022-07-28,22787.5,0.0862337303280269,437260597729.2351,84.2547402013475,32.0,0.05574350000000001,12867545.507983055,15226859668.082527,28.716400312389432,3.3574683990123004,1,1,canonical_v2_cambridge_prices_freeze_last
2022-07-29,24029.84,0.0545184860120679,461120039147.8381,85.7112991049338,39.0,0.05574350000000001,13089993.977139393,15239949662.059666,30.257320356891395,3.409738150469855,1,1,canonical_v2_cambridge_prices_freeze_last
2022-07-30,24318.57,0.0120154774230705,466681510472.7621,84.0399208269483,42.0,0.05574350000000001,12834737.881142449,15252784399.940807,30.59647984498969,3.420884964595551,1,1,canonical_v2_cambridge_prices_freeze_last
2022-07-31,23775.67,-0.0223245034555897,456283495244.9648,83.7904391180929,39.0,0.05574350000000001,12796636.556107981,15265581036.496916,29.889690680890773,3.3975136276605253,1,1,canonical_v2_cambridge_prices_freeze_last
2022-08-01,23746.76,-0.0012159489091159,455749061087.7614,83.4573587030404,33.0,0.05574350000000001,12745767.876336804,15278326804.373253,29.829775663478298,3.3955070779981535,1,1,canonical_v2_cambridge_prices_freeze_last
2022-08-02,23119.82,-0.0264010753466998,443736631490.47015,83.2257987073094,31.0,0.05574350000000001,12710403.5897011,15291037207.962954,29.019393874693474,3.3679643607697383,1,1,canonical_v2_cambridge_prices_freeze_last
2022-08-03,23027.2,-0.0040060865525769,441978731003.07605,81.7750814400391,34.0,0.05574350000000001,12488847.266446084,15303526055.229399,28.880842846805663,3.3631784980449475,1,1,canonical_v2_cambridge_prices_freeze_last
2022-08-04,23324.31,0.0129025673985547,447701383527.0509,81.2897713026736,30.0,0.05574350000000001,12414729.771535853,15315940785.000935,29.231073024615615,3.3752322881522647,1,1,canonical_v2_cambridge_prices_freeze_last
2022-08-05,22513.08,-0.0347804500969159,432149415563.9689,81.8435885690841,31.0,0.05574350000000001,12499309.806577371,15328440094.807512,28.192654496549775,3.3390614651678083,1,1,canonical_v2_cambridge_prices_freeze_last
2022-08-06,22962.23,0.0199506242593194,440790729308.26,84.6974732699731,31.0,0.05574350000000001,12935160.551300673,15341375255.358812,28.732152233502653,3.3580167825941283,1,1,canonical_v2_cambridge_prices_freeze_last
2022-08-07,23170.75,0.0090809995370659,444813381992.6464,85.5095955704979,30.0,0.05574350000000001,13059189.426531645,15354434444.785343,28.96970146260994,3.366250506675001,1,1,canonical_v2_cambridge_prices_freeze_last
2022-08-08,23211.75,0.0017694722872587,445620324885.3831,86.367433125646,30.0,0.05574350000000001,13190200.023121776,15367624644.808464,28.997345730716027,3.3672042992706324,1,1,canonical_v2_cambridge_prices_freeze_last
2022-08-09,24068.84,0.0369248333279481,462095362529.31177,85.5909457324028,42.0,0.05574350000000001,13071613.37927177,15380696258.187737,30.043852031946905,3.4026580487666003,1,1,canonical_v2_cambridge_prices_freeze_last
2022-08-10,23146.0,-0.0383416899194144,444397628327.2478,86.0462434252168,31.0,0.05574350000000001,13141147.31609198,15393837405.503828,28.868541132463847,3.3627524600968264,1,1,canonical_v2_cambridge_prices_freeze_last
2022-08-11,23910.5,0.0330294651343645,459096270919.80646,86.804586380797,41.0,0.05574350000000001,13256962.906624544,15407094368.410452,29.797719150802564,3.394431852018461,1,1,canonical_v2_cambridge_prices_freeze_last
2022-08-12,24211.0,0.0125677003826769,464886728821.9524,87.1368532447024,42.0,0.05574350000000001,13307707.339304298,15420402075.749756,30.147510197093816,3.406102339235667,1,1,canonical_v2_cambridge_prices_freeze_last
2022-08-13,24230.0,0.0007847672545537,465272236631.9196,85.3093887552237,46.0,0.05574350000000001,13028613.457744693,15433430689.2075,30.147038983191308,3.4060867088375986,1,1,canonical_v2_cambridge_prices_freeze_last
2022-08-14,24498.25,0.01107098638052,470444158180.01904,83.1496574018394,47.0,0.05574350000000001,12698775.143505301,15446129464.351006,30.457090189861717,3.416318814008952,1,1,canonical_v2_cambridge_prices_freeze_last
2022-08-15,24288.0,-0.0085822456706091,466427400601.0015,83.232723969543,45.0,0.05574350000000001,12711461.229030741,15458840925.580036,30.172210377635448,3.406921314578618,1,1,canonical_v2_cambridge_prices_freeze_last
2022-08-16,24080.5,-0.0085433135704874,462463088146.85547,83.6480568080609,44.0,0.05574350000000001,12774891.656657929,15471615817.236694,29.891065911269095,3.3975596367931282,1,1,canonical_v2_cambridge_prices_freeze_last
2022-08-17,23978.0,-0.0042565561346317,460515014083.6756,82.0697914286017,41.0,0.05574350000000001,12533855.941096602,15484149673.177792,29.741059328649897,3.3925285600563493,1,1,canonical_v2_cambridge_prices_freeze_last
2022-08-18,23405.0,-0.0238969054967053,449530058763.63214,82.4474422206739,30.0,0.05574350000000001,12591531.494323662,15496741204.672115,29.00803806597114,3.3675729662693263,1,1,canonical_v2_cambridge_prices_freeze_last
2022-08-19,23420.25,0.0006515701773124,449842891116.7338,84.5338959758452,33.0,0.05574350000000001,12910178.713231582,15509651383.385347,29.00406205123516,3.3674358909097317,1,1,canonical_v2_cambridge_prices_freeze_last
2022-08-20,21198.24,-0.0948755884330866,407181814473.70654,85.4422898071108,29.0,0.05574350000000001,13048910.361267619,15522700293.746614,26.231377709311406,3.2669563166821045,1,1,canonical_v2_cambridge_prices_freeze_last
2022-08-21,20813.0,-0.0181732068322654,399799711387.7009,86.5983181739327,27.0,0.05574350000000001,13225461.230489364,15535925754.977104,25.733884011361262,3.247808567538887,1,1,canonical_v2_cambridge_prices_freeze_last
2022-08-22,21481.25,0.0321073367606783,412654471116.8739,86.6739586473017,29.0,0.05574350000000001,13237013.1886462,15549162768.16575,26.538693900723278,3.27860381521092,1,1,canonical_v2_cambridge_prices_freeze_last
2022-08-23,21118.0,-0.0169100960139656,405694382925.2047,88.7572826604553,28.0,0.05574350000000001,13555182.427350935,15562717950.593102,26.068350285159767,3.260721945742128,1,1,canonical_v2_cambridge_prices_freeze_last
2022-08-24,21486.75,0.0174614073302397,412796620903.3535,90.2455772980915,25.0,0.05574350000000001,13782477.638674425,15576500428.231775,26.50124286936598,3.2771916326231634,1,1,canonical_v2_cambridge_prices_freeze_last
2022-08-25,21689.0,0.0094127776420351,416700589793.2437,91.5291356833133,25.0,0.05574350000000001,13978505.136884317,15590478933.36866,26.727888961856706,3.285707550670516,1,1,canonical_v2_cambridge_prices_freeze_last
2022-08-26,21651.25,-0.0017405136244179,415993682069.994,91.1758276353581,27.0,0.05574350000000001,13924547.254223522,15604403480.622883,26.65873659230636,3.283116923991718,1,1,canonical_v2_cambridge_prices_freeze_last
2022-08-27,20651.43,-0.0461783961665031,396801269952.9591,90.6881265831183,28.0,0.05574350000000001,13850064.61420837,15618253545.237091,25.406251012871202,3.2349952466150924,1,1,canonical_v2_cambridge_prices_freeze_last
2022-08-28,20019.75,-0.0305877123279114,384680992179.70514,91.7716827576696,28.0,0.05574350000000001,14015547.391238784,15632269092.62833,24.6081352553679,3.2030770897063685,1,1,canonical_v2_cambridge_prices_freeze_last
2022-08-29,20010.0,-0.0004870190686696,384510594215.2531,92.608704338612,24.0,0.05574350000000001,14143378.932327176,15646412471.560658,24.575000493828856,3.201729686127995,1,1,canonical_v2_cambridge_prices_freeze_last
2022-08-30,20186.75,0.0088330834582708,387924098996.5827,91.3672406730505,27.0,0.05574350000000001,13953780.220433401,15660366251.781092,24.77107449210922,3.2096766213294807,1,1,canonical_v2_cambridge_prices_freeze_last
2022-08-31,19977.0,-0.0103904789032409,383910286836.2998,91.8501985827171,23.0,0.05574350000000001,14027538.478618333,15674393790.25971,24.492831555301812,3.198380485158481,1,1,canonical_v2_cambridge_prices_freeze_last
2022-09-01,20188.0,0.0105621464684386,387982278969.24255,90.5930014238518,20.0,0.05574350000000001,13835536.91745338,15688229327.177164,24.73078834315163,3.2080489590337895,1,1,canonical_v2_cambridge_prices_freeze_last
2022-09-02,20063.0,-0.0061917971071924,385596933088.6816,87.3161535093697,25.0,0.05574350000000001,13335090.41958781,15701564417.596752,24.55786715472395,3.2010322572735697,1,1,canonical_v2_cambridge_prices_freeze_last
2022-09-03,19919.04,-0.0071753974978816,382846953793.7504,88.1673227536779,21.0,0.05574350000000001,13465082.61895793,15715029500.21571,24.361834878419753,3.193017763421276,1,1,canonical_v2_cambridge_prices_freeze_last
2022-09-04,19750.0,-0.0084863527559561,379614660704.44666,89.3802882574415,20.0,0.05574350000000001,13650329.036927924,15728679829.252638,24.135189019387926,3.183670900836001,1,1,canonical_v2_cambridge_prices_freeze_last
2022-09-05,19844.0,0.0047594936708861,381438186932.0416,89.6286985229031,23.0,0.05574350000000001,13688266.729072465,15742368095.98171,24.23003861975537,3.1875931287089374,1,1,canonical_v2_cambridge_prices_freeze_last
2022-09-06,19737.0,-0.0053920580528119,379398104498.8463,88.7492784729293,22.0,0.05574350000000001,13553960.012481466,15755922055.994192,24.079714481356415,3.1813697632837967,1,1,canonical_v2_cambridge_prices_freeze_last
2022-09-07,18979.0,-0.0384050260931245,364843317597.2297,88.6639793501836,24.0,0.05574350000000001,13540932.966868382,15769462988.96106,23.13606480148546,3.141392646866513,1,1,canonical_v2_cambridge_prices_freeze_last
2022-09-08,19384.0,0.0213393750987933,372645187030.5099,87.5922606975694,20.0,0.05574350000000001,13377258.038890302,15782840246.99995,23.61078115210242,3.161703436196119,1,1,canonical_v2_cambridge_prices_freeze_last
2022-09-09,19333.45,-0.0026078208832025,371689685807.7321,89.031563060198,22.0,0.05574350000000001,13597071.056016844,15796437318.055967,23.5299693420665,3.1582748998088217,1,1,canonical_v2_cambridge_prices_freeze_last
2022-09-10,21173.0,0.0951485637586668,407073257822.6271,89.7644199498264,28.0,0.05574350000000001,13708994.36567986,15810146312.421648,25.74759586524506,3.2483412582945106,1,1,canonical_v2_cambridge_prices_freeze_last
2022-09-11,21460.75,0.0135904217635667,412623621102.0277,91.0590988627472,26.0,0.05574350000000001,13906720.212206984,15824053032.633856,26.075722841112597,3.2610047221176557,1,1,canonical_v2_cambridge_prices_freeze_last
2022-09-12,21556.0,0.0044383351001247,414473120591.4775,91.0590988627472,25.0,0.05574350000000001,13906720.212206984,15837959752.846064,26.16960309657291,3.2645985500752257,1,1,canonical_v2_cambridge_prices_freeze_last
2022-09-13,22398.0,0.0390610502876229,430681713116.5059,90.6989790581008,34.0,0.05574350000000001,13851722.025000665,15851811474.871065,27.169242695021957,3.302085550212921,1,1,canonical_v2_cambridge_prices_freeze_last
2022-09-14,20234.0,-0.0966157692651129,389088077175.9526,89.4370861565565,27.0,0.05574350000000001,13659003.321008243,15865470478.192074,24.524206685882696,3.1996606577674997,1,1,canonical_v2_cambridge_prices_freeze_last
2022-09-15,19949.0,-0.0140852031234556,383624454122.3909,91.6008928434377,28.0,0.05574350000000001,13989464.027994987,15879459942.220068,24.158532816498123,3.184637643428655,1,1,canonical_v2_cambridge_prices_freeze_last
2022-09-16,19858.25,-0.0045491002055241,381895985417.7987,90.3419773800899,20.0,0.05574350000000001,13797200.044074088,15893257142.264143,24.028805549382437,3.179253341870533,1,1,canonical_v2_cambridge_prices_freeze_last
2022-09-17,19750.0,-0.0054511349187365,379830797473.1983,91.9700632306442,22.0,0.05574350000000001,14045844.437527165,15907302986.70167,23.8777621694094,3.1729475726344356,1,1,canonical_v2_cambridge_prices_freeze_last
2022-09-18,20079.0,0.0166582278481013,386174952209.76855,89.925420772519,27.0,0.05574350000000001,13733582.720090175,15921036569.42176,24.25564130362362,3.1886492214063415,1,1,canonical_v2_cambridge_prices_freeze_last
2022-09-19,19645.75,-0.0215772697843518,377858826521.1976,88.3272101960378,21.0,0.05574350000000001,13489500.935788585,15934526070.35755,23.713213989094747,3.1660324450490407,1,1,canonical_v2_cambridge_prices_freeze_last
2022-09-20,19520.0,-0.0064008755074252,375456561426.9452,90.0028997454996,23.0,0.05574350000000001,13745415.457433583,15948271485.814983,23.54214760896759,3.1587923299972904,1,1,canonical_v2_cambridge_prices_freeze_last
2022-09-21,18966.82,-0.0283391393442623,364832336593.0243,91.2529400664519,23.0,0.05574350000000001,13936324.01258702,15962207809.82757,22.85600719772645,3.1292139798447005,1,1,canonical_v2_cambridge_prices_freeze_last
2022-09-22,18921.0,-0.0024157976930239,363966820541.864,89.5564566536212,22.0,0.05574350000000001,13677233.812249683,15975885043.63982,22.782263364292504,3.1259823106028297,1,1,canonical_v2_cambridge_prices_freeze_last
2022-09-23,19246.0,0.0171766819935521,370234672457.7457,90.1814765338415,20.0,0.05574350000000001,13772688.047025193,15989657731.686846,23.15463399344993,3.1421949330036374,1,1,canonical_v2_cambridge_prices_freeze_last
2022-09-24,18631.0,-0.0319546918840278,358419524980.6001,87.926161858612,24.0,0.05574350000000001,13428252.06456312,16003085983.75141,22.396900531842306,3.1089225801729223,1,1,canonical_v2_cambridge_prices_freeze_last
2022-09-25,19127.0,0.0266222961730449,367977470513.5539,87.1879845822225,24.0,0.05574350000000001,13315516.215230467,16016401499.96664,22.975040336889677,3.1344084239263763,1,1,canonical_v2_cambridge_prices_freeze_last
2022-09-26,19011.0,-0.0060647252574894,365761678490.4759,88.5783868994268,21.0,0.05574350000000001,13527861.1236389,16029929361.090279,22.81742297494432,3.1275244097022803,1,1,canonical_v2_cambridge_prices_freeze_last
2022-09-27,19112.0,0.0053127136920729,367720832643.9456,86.1847315216163,20.0,0.05574350000000001,13162297.483767724,16043091658.574047,22.920821028122806,3.132045712676292,1,1,canonical_v2_cambridge_prices_freeze_last
2022-09-28,19071.0,-0.0021452490581833,366947905135.9647,86.1607976816384,20.0,0.05574350000000001,13158642.261825783,16056250300.835873,22.853897906465857,3.1291216895081844,1,1,canonical_v2_cambridge_prices_freeze_last
2022-09-29,19569.0,0.0261129463583451,376546329461.9266,86.6972778044854,22.0,0.05574350000000001,13240574.535052964,16069490875.370926,23.43237457753215,3.154118595123684,1,1,canonical_v2_cambridge_prices_freeze_last
2022-09-30,19507.0,-0.0031682763554601,375369600517.432,88.7842692125619,21.0,0.05574350000000001,13559303.865343682,16083050179.236269,23.33945342047407,3.150145208438274,1,1,canonical_v2_cambridge_prices_freeze_last
2022-10-01,19682.76,0.0090100989388424,378768130481.6699,90.8661210856942,20.0,0.05574350000000001,13877248.276001085,16096927427.51227,23.530461461501872,3.1582958141705046,1,1,canonical_v2_cambridge_prices_freeze_last
2022-10-02,19274.25,-0.0207547112295226,370922971767.22687,90.8697607957877,24.0,0.05574350000000001,13877804.13950683,16110805231.651777,23.023242254738474,3.136504238499298,1,1,canonical_v2_cambridge_prices_freeze_last
2022-10-03,19196.0,-0.0040598207452948,369433082637.01886,90.6390349698617,24.0,0.05574350000000001,13842567.248883523,16124647798.900661,22.911079190343983,3.1316206010017114,1,1,canonical_v2_cambridge_prices_freeze_last
2022-10-04,19599.0,0.0209939570743904,377205264541.0861,93.169859705406,20.0,0.05574350000000001,14229079.656132327,16138876878.556793,23.37246063524201,3.1515584333479656,1,1,canonical_v2_cambridge_prices_freeze_last
2022-10-05,20343.0,0.0379611204653298,391541330126.6948,95.6618713132874,25.0,0.05574350000000001,14609664.448088322,16153486543.00488,24.238812412683018,3.1879551671248105,1,1,canonical_v2_cambridge_prices_freeze_last
2022-10-06,19986.0,-0.017549034065772,384686784066.36505,97.3775100396222,26.0,0.05574350000000001,14871680.084640222,16168358223.089521,23.792569335642625,3.1693733191407447,1,1,canonical_v2_cambridge_prices_freeze_last
2022-10-07,20050.0,0.0032022415690984,385935315483.2449,97.9501505902213,23.0,0.05574350000000001,14959134.847742472,16183317357.937263,23.847725836876034,3.1716888600364586,1,1,canonical_v2_cambridge_prices_freeze_last
2022-10-08,19551.0,-0.0248877805486283,376346490822.6664,98.0023215636346,24.0,0.05574350000000001,14967102.498856071,16198284460.43612,23.233725259108933,3.1456048980712485,1,1,canonical_v2_cambridge_prices_freeze_last
2022-10-09,19459.62,-0.0046739297222648,374603638930.0972,98.5814303622421,22.0,0.05574350000000001,15055545.105199024,16213340005.541319,23.104655721897338,3.1400341436224823,1,1,canonical_v2_cambridge_prices_freeze_last
2022-10-10,19488.5,0.0014840988672955,375175769231.28845,101.424179790785,22.0,0.05574350000000001,15489695.249774314,16228829700.791094,23.1178573038449,3.1406053623400445,1,1,canonical_v2_cambridge_prices_freeze_last
2022-10-11,19240.0,-0.0127511096287554,370407829420.18616,103.054965518991,24.0,0.05574350000000001,15738751.973720208,16244568452.764814,22.80194949451815,3.1268460364506567,1,1,canonical_v2_cambridge_prices_freeze_last
2022-10-12,19006.46,-0.0121382536382537,365927491485.96106,101.081116327231,20.0,0.05574350000000001,15437301.939690419,16260005754.704504,22.50475780920848,3.113726745043287,1,1,canonical_v2_cambridge_prices_freeze_last
2022-10-13,19168.0,0.0084992155298777,369053480808.6447,100.862033046529,20.0,0.05574350000000001,15403843.120901892,16275409597.825405,22.675526449297767,3.1212862129002756,1,1,canonical_v2_cambridge_prices_freeze_last
2022-10-14,19384.0,0.0112687813021703,373228327941.5386,100.691045354855,24.0,0.05574350000000001,15377729.552707838,16290787327.378113,22.9103922628893,3.131590618225823,1,1,canonical_v2_cambridge_prices_freeze_last
2022-10-15,19175.0,-0.0107820883202641,369220030568.642,99.8029924962369,24.0,0.05574350000000001,15242104.417024607,16306029431.795137,22.643159827045306,3.1198578119286187,1,1,canonical_v2_cambridge_prices_freeze_last
2022-10-16,19096.0,-0.0041199478487614,367714673775.3583,99.6319206095387,24.0,0.05574350000000001,15215977.99040499,16321245409.785542,22.529817090728372,3.114839635934872,1,1,canonical_v2_cambridge_prices_freeze_last
2022-10-17,19132.0,0.0018852115626308,368423726496.6548,98.0052507338071,20.0,0.05574350000000001,14967549.847342402,16336212959.632883,22.552578581525434,3.115849408924603,1,1,canonical_v2_cambridge_prices_freeze_last
2022-10-18,19536.5,0.0211425883336817,376229317518.33545,95.9029284065001,22.0,0.05574350000000001,14646479.149665037,16350859438.782549,23.009757922935744,3.1359183834763207,1,1,canonical_v2_cambridge_prices_freeze_last
2022-10-19,19366.0,-0.0087272541140941,372961879866.50745,96.6469338639557,23.0,0.05574350000000001,14760105.089987436,16365619543.872536,22.78935293996544,3.1262934505756936,1,1,canonical_v2_cambridge_prices_freeze_last
2022-10-20,19195.0,-0.0088299080863368,369684523046.4696,96.4634293624893,23.0,0.05574350000000001,14732079.930597048,16380351623.803133,22.568778225081687,3.1165674566695643,1,1,canonical_v2_cambridge_prices_freeze_last
2022-10-21,19030.0,-0.0085959885386819,366522437607.5175,96.2066288809743,23.0,0.05574350000000001,14692860.868566005,16395044484.6717,22.355684240454007,3.1070806171555314,1,1,canonical_v2_cambridge_prices_freeze_last
2022-10-22,19179.0,0.0078297425118234,369408047957.0272,94.4912026904624,20.0,0.05574350000000001,14430877.69089258,16409475362.362593,22.511874377429262,3.1140429201072304,1,1,canonical_v2_cambridge_prices_freeze_last
2022-10-23,19212.25,0.0017336670316492,370064332473.1944,95.283537026583,23.0,0.05574350000000001,14551884.51025022,16424027246.872843,22.531887393431788,3.114931523391353,1,1,canonical_v2_cambridge_prices_freeze_last
2022-10-24,19470.0,0.0134159195305079,375045144812.0947,94.182937975918,22.0,0.05574350000000001,14383798.912494756,16438411045.785337,22.81517013825086,3.1274256716494286,1,1,canonical_v2_cambridge_prices_freeze_last
2022-10-25,19374.75,-0.0048921417565485,373226343685.3793,92.5019566499899,20.0,0.05574350000000001,14127076.220599215,16452538122.005938,22.685031386505276,3.1217052966946603,1,1,canonical_v2_cambridge_prices_freeze_last
2022-10-26,20191.0,0.0421295758654949,388966849165.2431,93.356490895278,33.0,0.05574350000000001,14257582.329372412,16466795704.33531,23.621283469426753,3.162148147541328,1,1,canonical_v2_cambridge_prices_freeze_last
2022-10-27,20752.0,0.0277846565301371,399791251553.51965,92.865969227278,32.0,0.05574350000000001,14182668.919508964,16480978373.25482,24.257737768911657,3.188735649741346,1,1,canonical_v2_cambridge_prices_freeze_last
2022-10-28,20408.5,-0.0165526214340786,393190459501.0324,93.6415275663438,30.0,0.05574350000000001,14301113.67642325,16495279486.931244,23.836544255739735,3.1712198759744386,1,1,canonical_v2_cambridge_prices_freeze_last
2022-10-29,20937.0,0.0258960727148001,403389776323.55023,94.7329915995459,34.0,0.05574350000000001,14467804.156792568,16509747291.088036,24.43343130644405,3.1959523300299923,1,1,canonical_v2_cambridge_prices_freeze_last
2022-10-30,20906.0,-0.0014806323733104,402809698782.3066,93.3046640237749,34.0,0.05574350000000001,14249667.230162458,16523996958.318197,24.37725568446875,3.1936505535035478,1,1,canonical_v2_cambridge_prices_freeze_last
2022-10-31,20668.75,-0.0113484167224719,398255437684.9371,96.8095107208916,31.0,0.05574350000000001,14784934.139369924,16538781892.457567,24.080094911134875,3.1813855619251648,1,1,canonical_v2_cambridge_prices_freeze_last
2022-11-01,20399.0,-0.0130511037193831,393074526173.07153,98.8934724054983,30.0,0.05574350000000001,15103200.764481906,16553885093.22205,23.745152510090517,3.167378404810129,1,1,canonical_v2_cambridge_prices_freeze_last
2022-11-02,20473.37,0.0036457669493601,394524398926.8758,95.767530137244,30.0,0.05574350000000001,14625800.866316332,16568510894.088366,23.811699279966184,3.1701770262833864,1,1,canonical_v2_cambridge_prices_freeze_last
2022-11-03,20178.5,-0.0144026117830137,388858781768.7762,98.5145721151294,30.0,0.05574350000000001,15045334.385478675,16583556228.473845,23.44845559127472,3.154804633076313,1,1,canonical_v2_cambridge_prices_freeze_last
2022-11-04,20237.0,0.0028991253066381,390002736841.6936,95.6728062286031,30.0,0.05574350000000001,14611334.449326403,16598167562.92317,23.49673452585682,3.156861455148267,1,1,canonical_v2_cambridge_prices_freeze_last
2022-11-05,21383.0,0.056628946978307,412105717868.5939,96.430609913211,38.0,0.05574350000000001,14727067.681361858,16612894630.604532,24.806376434207095,3.211100734405268,1,1,canonical_v2_cambridge_prices_freeze_last
2022-11-06,21307.4,-0.0035355188701303,410666176753.5314,96.620060834363,40.0,0.05574350000000001,14756000.989370726,16627650631.593903,24.69778718908322,3.2067136521342237,1,1,canonical_v2_cambridge_prices_freeze_last
2022-11-07,21247.0,-0.0028346959272366,409519471664.66754,93.8465640540441,33.0,0.05574350000000001,14332427.242045501,16641983058.835949,24.607612579393653,3.2030558495140617,1,1,canonical_v2_cambridge_prices_freeze_last
2022-11-08,20682.75,-0.0265566903562856,398660928152.7129,95.6155475843717,31.0,0.05574350000000001,14602589.799368288,16656585648.635317,23.934132514449345,3.175305578797205,1,1,canonical_v2_cambridge_prices_freeze_last
2022-11-09,18700.0,-0.0958649115809068,360458640761.22815,98.1449808485934,29.0,0.05574350000000001,14988889.698448127,16671574538.333765,21.621151615428285,3.073672077000992,1,1,canonical_v2_cambridge_prices_freeze_last
2022-11-10,15810.0,-0.1545454545454545,304764331711.38336,96.5068673465108,22.0,0.05574350000000001,14738713.862822536,16686313252.196589,18.264329999394214,2.9049499773622394,1,1,canonical_v2_cambridge_prices_freeze_last
2022-11-11,17796.0,0.1256166982922202,343062374246.2922,96.9551737941783,25.0,0.05574350000000001,14807180.083276108,16701120432.279865,20.54127899007437,3.022436470822505,1,1,canonical_v2_cambridge_prices_freeze_last
2022-11-12,16722.0,-0.0603506405933917,322372008826.9621,98.3104846935629,21.0,0.05574350000000001,15014165.763056504,16716134598.042921,19.285080945968485,2.9593317890052058,1,1,canonical_v2_cambridge_prices_freeze_last
2022-11-13,16747.0,0.0014950364788901,322867649308.8795,97.4288571108757,22.0,0.05574350000000001,14879521.907835891,16731014119.950756,19.297554051064886,2.959978354774075,1,1,canonical_v2_cambridge_prices_freeze_last
2022-11-14,16524.75,-0.0132710336179614,318596356461.04,95.1227371333221,24.0,0.05574350000000001,14527326.842168057,16745541446.792925,19.025742313161032,2.9457929207611375,1,1,canonical_v2_cambridge_prices_freeze_last
2022-11-15,16382.52,-0.008607089365951,315867541231.87946,93.7911293022194,22.0,0.05574350000000001,14323961.140433611,16759865407.93336,18.846663355802495,2.936335887923592,1,1,canonical_v2_cambridge_prices_freeze_last
2022-11-16,16889.5,0.0309463989667035,325656283541.81226,93.3289083155813,23.0,0.05574350000000001,14253369.864903033,16774118777.798262,19.414211134169474,2.966005330587315,1,1,canonical_v2_cambridge_prices_freeze_last
2022-11-17,16529.0,-0.0213446223985316,318718751981.6885,91.9658615300586,20.0,0.05574350000000001,14045202.74575568,16788163980.544018,18.984729500560935,2.9436349455212096,1,1,canonical_v2_cambridge_prices_freeze_last
2022-11-18,16683.89,0.0093708028313872,321719001260.29224,91.5744428349624,23.0,0.05574350000000001,13985424.531974595,16802149405.075993,19.14749080633099,2.9521716786516587,1,1,canonical_v2_cambridge_prices_freeze_last
2022-11-19,16642.0,-0.002510805333768,320924785590.406,88.8986186805915,23.0,0.05574350000000001,13576767.535401514,16815726172.611395,19.084800876046142,2.948892252610992,1,1,canonical_v2_cambridge_prices_freeze_last
2022-11-20,16667.63,0.0015400793173898,321432607766.313,89.5915072468185,24.0,0.05574350000000001,13682586.80606309,16829408759.417458,19.099459307294122,2.949660026133258,1,1,canonical_v2_cambridge_prices_freeze_last
2022-11-21,16526.0,-0.0084973088555482,318714746456.84485,89.3098454022122,21.0,0.05574350000000001,13639570.868981415,16843048330.28644,18.92262850565748,2.940358481334552,1,1,canonical_v2_cambridge_prices_freeze_last
2022-11-22,15629.75,-0.054232724192182,301442692838.9567,86.0018091678453,22.0,0.05574350000000001,13134361.231089821,16856182691.51753,17.883212252478167,2.883862409787998,1,1,canonical_v2_cambridge_prices_freeze_last
2022-11-23,16125.0,0.0316863673443272,311007428737.4011,84.4300194538346,22.0,0.05574350000000001,12894314.491574876,16869077006.009106,18.4365409338409,2.9143346155994876,1,1,canonical_v2_cambridge_prices_freeze_last
2022-11-24,16472.0,0.0215193798449613,317713503536.8667,82.9224308014567,20.0,0.05574350000000001,12664072.661317812,16881741078.670424,18.819948846288625,2.9349174161029885,1,1,canonical_v2_cambridge_prices_freeze_last
2022-11-25,16542.0,0.0042496357455075,319077108517.37305,81.1593410811168,20.0,0.05574350000000001,12394810.21795955,16894135888.888384,18.8868558070044,2.938466220174289,1,1,canonical_v2_cambridge_prices_freeze_last
2022-11-26,16649.0,0.0064683835086447,321154540449.0046,77.4930445269239,22.0,0.05574350000000001,11834886.376949541,16905970775.265333,18.99651577056297,2.9442555818534952,1,1,canonical_v2_cambridge_prices_freeze_last
2022-11-27,16449.0,-0.0120127334975073,317309946631.72284,76.3289492038774,26.0,0.05574350000000001,11657103.506702302,16917627878.772036,18.756172490936404,2.9315228977587564,1,1,canonical_v2_cambridge_prices_freeze_last
2022-11-28,16519.0,0.0042555778466775,318673684349.9508,77.1836966581691,28.0,0.05574350000000001,11787642.177163424,16929415520.9492,18.82366724093989,2.935114973885681,1,1,canonical_v2_cambridge_prices_freeze_last
2022-11-29,16195.0,-0.0196137780737333,312436420896.3589,77.6110706179856,26.0,0.05574350000000001,11852911.547927896,16941268432.497128,18.44232751173674,2.91464843097329,1,1,canonical_v2_cambridge_prices_freeze_last
2022-11-30,16458.0,0.01623958011732,317523595571.1387,77.3546457767546,29.0,0.05574350000000001,11813749.854401426,16953082182.351528,18.729549715843802,2.9301024753684968,1,1,canonical_v2_cambridge_prices_freeze_last
2022-12-01,17103.0,0.0391906671527524,329981411666.89874,79.2719501765467,27.0,0.05574350000000001,12106564.259359812,16965188746.610888,19.45050046866226,2.9678728007700377,1,1,canonical_v2_cambridge_prices_freeze_last
2022-12-02,16929.25,-0.0101590364263579,326642825777.6626,79.3333497461242,27.0,0.05574350000000001,12115941.319378288,16977304687.930265,19.239969581855,2.9569898642516432,1,1,canonical_v2_cambridge_prices_freeze_last
2022-12-03,17015.5,0.0050947324896259,328320754183.68427,81.0989858208482,27.0,0.05574350000000001,12385592.646861514,16989690280.577127,19.324705086532717,2.961384333634282,1,1,canonical_v2_cambridge_prices_freeze_last
2022-12-04,16947.0,-0.0040257412359319,327012728428.70013,81.3181885099612,26.0,0.05574350000000001,12419069.70193157,17002109350.279058,19.23365634766564,2.9566616792109306,1,1,canonical_v2_cambridge_prices_freeze_last
2022-12-05,17053.0,0.0062547943588835,329071913640.19525,81.7885576368682,26.0,0.05574350000000001,12490905.377070585,17014600255.65613,19.340560970911,2.9622044953392885,1,1,canonical_v2_cambridge_prices_freeze_last
2022-12-06,16974.0,-0.0046326159620008,327561167296.4374,81.2128873666927,25.0,0.05574350000000001,12402987.909384206,17027003243.565514,19.237746220564233,2.956874298072785,1,1,canonical_v2_cambridge_prices_freeze_last
2022-12-07,16995.0,0.0012371862849063,327980149389.54834,83.01183416048,29.0,0.05574350000000001,12677726.51376635,17039680970.07928,19.24802171856756,2.957408287586194,1,1,canonical_v2_cambridge_prices_freeze_last
2022-12-08,16826.5,-0.0099146807884672,324741916255.1008,83.267562049924,25.0,0.05574350000000001,12716781.767479284,17052397751.84676,19.043768564449042,2.9467399385829944,1,1,canonical_v2_cambridge_prices_freeze_last
2022-12-09,17184.0,0.0212462484771045,331655331104.4183,84.8504742728714,26.0,0.05574350000000001,12958527.157889884,17065356279.00465,19.434421742044186,2.9670458104292927,1,1,canonical_v2_cambridge_prices_freeze_last
2022-12-10,17114.0,-0.0040735567970204,330318118638.19604,86.2727912574585,27.0,0.05574350000000001,13175746.13550723,17078532025.140158,19.341130616610197,2.962233948327297,1,1,canonical_v2_cambridge_prices_freeze_last
2022-12-11,17134.0,0.0011686338670093,330717953514.3897,86.3653283697666,26.0,0.05574350000000001,13189878.580767358,17091721903.720924,19.34959832469491,2.9626716608466324,1,1,canonical_v2_cambridge_prices_freeze_last
2022-12-12,17175.86,0.002443095599393,331539770204.545,85.6254776997866,27.0,0.05574350000000001,13076887.167556316,17104798790.888481,19.382851225420563,2.9643887176959565,1,1,canonical_v2_cambridge_prices_freeze_last
2022-12-13,17176.0,8.150974681875311e-06,331556307234.6372,88.4018492416133,27.0,0.05574350000000001,13500899.953972252,17118299690.842453,19.368530357720367,2.963649602455824,1,1,canonical_v2_cambridge_prices_freeze_last
2022-12-14,17763.25,0.0341901490451792,342906567673.0604,87.1446182956469,30.0,0.05574350000000001,13308893.23277642,17131608584.07523,20.016016942612787,2.9965328001776736,1,1,canonical_v2_cambridge_prices_freeze_last
2022-12-15,17831.0,0.0038140542974962,344228780550.3653,85.5323372445326,31.0,0.05574350000000001,13062662.578604393,17144671246.653833,20.077887502074397,2.999619085209231,1,1,canonical_v2_cambridge_prices_freeze_last
2022-12-16,17393.5,-0.0245359205877404,335796800437.66907,84.2113886839205,29.0,0.05574350000000001,12860924.781101707,17157532171.434935,19.57139273191789,2.9740689455552607,1,1,canonical_v2_cambridge_prices_freeze_last
2022-12-17,16721.5,-0.0386351223158076,322836693006.1378,83.2103218811316,28.0,0.05574350000000001,12708039.939125646,17170240211.37406,18.80210696133893,2.933968935967905,1,1,canonical_v2_cambridge_prices_freeze_last
2022-12-18,16716.0,-0.0003289178602398,322743938479.6292,83.361168281901,26.0,0.05574350000000001,12731077.490745615,17182971288.864807,18.78277819673592,2.932940396637496,1,1,canonical_v2_cambridge_prices_freeze_last
2022-12-19,16711.5,-0.0002692031586504,322670477031.2397,83.2201358106279,29.0,0.05574350000000001,12709538.741259553,17195680827.606068,18.76462352762574,2.931973369909084,1,1,canonical_v2_cambridge_prices_freeze_last
2022-12-20,16586.08,-0.0075050115190137,320262146567.84625,81.8741977728745,29.0,0.05574350000000001,12503984.502882821,17208184812.10895,18.611035972979913,2.9237547366480308,1,1,canonical_v2_cambridge_prices_freeze_last
2022-12-21,16880.0,0.0177208840184057,325951019632.4315,81.8471786420268,26.0,0.05574350000000001,12499858.089402253,17220684670.198353,18.927878064947873,2.9406358651689937,1,1,canonical_v2_cambridge_prices_freeze_last
2022-12-22,16791.0,-0.0052725118483412,324245905920.88513,81.8817130440272,28.0,0.05574350000000001,12505132.249506112,17233189802.44786,18.815199602503544,2.934665032679192,1,1,canonical_v2_cambridge_prices_freeze_last
2022-12-23,16790.0,-5.955571437077367e-05,324240054933.471,82.4082276425393,27.0,0.05574350000000001,12585542.568744905,17245775345.016605,18.801129461956286,2.9339169457949392,1,1,canonical_v2_cambridge_prices_freeze_last
2022-12-24,16813.0,0.0013698630136986,324697691143.4005,78.5661935193525,29.0,0.05574350000000001,11998779.749167195,17257774124.765774,18.81457532101101,2.934631852491755,1,1,canonical_v2_cambridge_prices_freeze_last
2022-12-25,16830.0,0.0010111223458038,325039479207.83673,78.6170820955033,29.0,0.05574350000000001,12006551.550111478,17269780676.315884,18.821285880810418,2.934988457052205,1,1,canonical_v2_cambridge_prices_freeze_last
2022-12-26,16798.43,-0.001875816993464,324443211934.01544,78.251622103408,28.0,0.05574350000000001,11950737.799236504,17281731414.11512,18.77376775275083,2.9324605631528042,1,1,canonical_v2_cambridge_prices_freeze_last
2022-12-27,16832.25,0.002013283384221,325109876045.58685,75.8429280778761,27.0,0.05574350000000001,11582877.428244075,17293314291.543365,18.79974367924195,2.9338432356600834,1,1,canonical_v2_cambridge_prices_freeze_last
2022-12-28,16691.0,-0.0083916291642531,322395023156.1804,77.6202637686301,28.0,0.05574350000000001,11854315.543525022,17305168607.08689,18.62998451365286,2.924772353354583,1,1,canonical_v2_cambridge_prices_freeze_last
2022-12-29,16516.0,-0.0104846923491702,319028012927.1229,77.8222125277077,28.0,0.05574350000000001,11885157.545310343,17317053764.632202,18.42276505364299,2.913587131051406,1,1,canonical_v2_cambridge_prices_freeze_last
2022-12-30,16597.0,0.0049043351901185,320605894094.3468,79.7079432548677,28.0,0.05574350000000001,12173149.958432106,17329226914.590633,18.50087691011809,2.9178181315078326,1,1,canonical_v2_cambridge_prices_freeze_last
2022-12-31,16585.7,-0.0006808459360124,320400856413.89484,85.1276371623385,25.0,0.05574350000000001,13000856.005914567,17342227770.596546,18.47518442567852,2.916428449229828,1,1,canonical_v2_cambridge_prices_freeze_last
2023-01-01,16542.0,-0.0026347998577087,319569868654.2217,85.7583296264058,26.0,0.05574350000000001,13097176.568574116,17355324947.16512,18.41336129557294,2.913076558458339,1,1,canonical_v2_cambridge_prices_freeze_last
2023-01-02,16574.75,0.0019798089711038,320215780181.9537,87.5044269568781,27.0,0.05574350000000001,13363843.90156366,17368688791.066685,18.43638193037644,2.914325991196966,1,1,canonical_v2_cambridge_prices_freeze_last
2023-01-03,16751.75,0.0106788941009667,323648689700.5464,90.1183841420358,26.0,0.05574350000000001,13763052.455949515,17382451843.522633,18.619277223606996,2.9241974538885853,1,1,canonical_v2_cambridge_prices_freeze_last
2023-01-04,16663.25,-0.0052830301311803,321952126150.91125,87.3878062780373,29.0,0.05574350000000001,13346033.367834996,17395797876.89047,18.507465333257873,2.9181741822147815,1,1,canonical_v2_cambridge_prices_freeze_last
2023-01-05,16820.0,0.0094069284203262,324994107569.0346,88.033170777313,29.0,0.05574350000000001,13444594.671849722,17409242471.562317,18.66790632044482,2.9268058098858214,1,1,canonical_v2_cambridge_prices_freeze_last
2023-01-06,16843.36,0.0013888228299643,325458879861.1156,89.0796542167675,26.0,0.05574350000000001,13604415.629677752,17422846887.191994,18.680005740070484,2.9274537400849363,1,1,canonical_v2_cambridge_prices_freeze_last
2023-01-07,16926.25,0.0049212271185796,327074009594.82886,88.2289425614944,25.0,0.05574350000000001,13474493.314182641,17436321380.506176,18.758200336941364,2.9316310081097536,1,1,canonical_v2_cambridge_prices_freeze_last
2023-01-08,16943.75,0.0010338970533934,327425650647.1046,87.6113723779761,25.0,0.05574350000000001,13380176.81137455,17449701557.31755,18.7639685166878,2.93193846260762,1,1,canonical_v2_cambridge_prices_freeze_last
2023-01-09,16925.0,-0.00110660272962,327076779418.7614,86.8320037998411,25.0,0.05574350000000001,13261150.147442311,17462962707.464993,18.729741619326944,2.930112721343597,1,1,canonical_v2_cambridge_prices_freeze_last
2023-01-10,17179.0,0.0150073855243721,331999001134.0388,87.9966583314168,26.0,0.05574350000000001,13439018.421088582,17476401725.88608,18.99698841565774,2.944280462164218,1,1,canonical_v2_cambridge_prices_freeze_last
2023-01-11,17471.75,0.0170411548984223,337670528025.4968,88.3143356900472,26.0,0.05574350000000001,13487534.716542866,17489889260.602623,19.306613266335926,2.9604476935044173,1,1,canonical_v2_cambridge_prices_freeze_last
2023-01-12,17558.75,0.0049794668536351,339365890211.972,88.109492240266,30.0,0.05574350000000001,13456250.63204183,17503345511.234665,19.388630018995354,2.964686812761304,1,1,canonical_v2_cambridge_prices_freeze_last
2023-01-13,18831.0,0.0724567523314587,363970186620.9317,86.7277519904789,31.0,0.05574350000000001,13245228.611181537,17516590739.845848,20.77859738955885,3.0339234852966808,1,1,canonical_v2_cambridge_prices_freeze_last
2023-01-14,19812.31,0.0521114120333492,382952904538.7809,88.5464358033927,46.0,0.05574350000000001,13522981.490976498,17530113721.336826,21.84543184524061,3.0839918308159504,1,1,canonical_v2_cambridge_prices_freeze_last
2023-01-15,20902.0,0.0550006536340283,404032138761.33417,90.2319406604367,52.0,0.05574350000000001,13780395.025219327,17543894116.362045,23.029786664325552,3.1367884504082535,1,1,canonical_v2_cambridge_prices_freeze_last
2023-01-16,20929.5,0.0013156635728639,404580297220.92847,91.68033365894,45.0,0.05574350000000001,14001596.381690748,17557895712.743736,23.04264154657663,3.137346479714884,1,1,canonical_v2_cambridge_prices_freeze_last
2023-01-17,21133.0,0.0097231180869108,408530820658.4525,92.6063622058275,51.0,0.05574350000000001,14143021.237316564,17572038733.981052,23.24891418936096,3.146258429409953,1,1,canonical_v2_cambridge_prices_freeze_last
2023-01-18,21314.0,0.0085648038612595,412046683815.1559,93.9109195798882,52.0,0.05574350000000001,14342255.74137397,17586380989.722427,23.429873608217523,3.1540118580628804,1,1,canonical_v2_cambridge_prices_freeze_last
2023-01-19,20777.0,-0.0251947077038565,401681731849.3443,95.0896691781336,45.0,0.05574350000000001,14522276.640633676,17600903266.36306,22.82165442139523,3.127709840552527,1,1,canonical_v2_cambridge_prices_freeze_last
2023-01-20,20944.0,0.0080377340328248,404926910873.846,94.4134594767714,51.0,0.05574350000000001,14419004.598201115,17615322270.96126,22.98719856754283,3.134937476958889,1,1,canonical_v2_cambridge_prices_freeze_last
2023-01-21,22318.0,0.0656035141329258,431509185839.566,93.1579801193598,53.0,0.05574350000000001,14227265.382968586,17629549536.34423,24.476472580878337,3.197712353343231,1,1,canonical_v2_cambridge_prices_freeze_last
2023-01-22,23206.0,0.0397885115153686,448696634121.1708,93.5640244427439,53.0,0.05574350000000001,14289277.250750946,17643838813.594982,25.430782884699656,3.235960364831158,1,1,canonical_v2_cambridge_prices_freeze_last
2023-01-23,22925.0,-0.0121089373437903,443281504087.48566,94.9468571610915,50.0,0.05574350000000001,14500466.115504945,17658339279.710487,25.103238592590536,3.2229968654076426,1,1,canonical_v2_cambridge_prices_freeze_last
2023-01-24,22994.0,0.003009814612868,444633854517.6959,92.7665705025083,52.0,0.05574350000000001,14167488.555634445,17672506768.26612,25.159636963110906,3.2252410025990015,1,1,canonical_v2_cambridge_prices_freeze_last
2023-01-25,22901.0,-0.0040445333565277,442853591332.9585,96.2938213136647,51.0,0.05574350000000001,14706177.064104844,17687212945.330227,25.038065222699803,3.220397275782548,1,1,canonical_v2_cambridge_prices_freeze_last
2023-01-26,23591.0,0.0301296886598838,456215241140.08185,97.4710771331563,54.0,0.05574350000000001,14885969.830608489,17702098915.160835,25.771816287240355,3.249281502865158,1,1,canonical_v2_cambridge_prices_freeze_last
2023-01-27,23080.0,-0.0216608028485438,446351449998.6706,99.7592207121415,55.0,0.05574350000000001,15235419.506211674,17717334334.667046,25.192923583617564,3.226563144908912,1,1,canonical_v2_cambridge_prices_freeze_last
2023-01-28,23090.0,0.0004332755632583,446563039673.27466,102.811630425508,52.0,0.05574350000000001,15701589.37157344,17733035924.03862,25.18254863894574,3.226151240291019,1,1,canonical_v2_cambridge_prices_freeze_last
2023-01-29,23007.0,-0.003594629709831,444975933388.5568,104.289366875222,55.0,0.05574350000000001,15927272.116188873,17748963196.154808,25.07053107670863,3.221693095699664,1,1,canonical_v2_cambridge_prices_freeze_last
2023-01-30,23596.0,0.0256009040726734,456386297190.79095,103.012522655637,61.0,0.05574350000000001,15732270.018231511,17764695466.17304,25.690634441768342,3.246126506876341,1,1,canonical_v2_cambridge_prices_freeze_last
2023-01-31,22747.5,-0.0359594846584166,439992782215.1247,102.200012774257,51.0,0.05574350000000001,15608181.95090903,17780303648.123947,24.74607807170659,3.2086670147090812,1,1,canonical_v2_cambridge_prices_freeze_last
2023-02-01,22950.0,0.0089020771513352,443927683771.1893,98.8683724414999,56.0,0.05574350000000001,15099367.44984315,17795403015.57379,24.94620005979535,3.2167215083857568,1,1,canonical_v2_cambridge_prices_freeze_last
2023-02-02,23683.0,0.0319389978213506,458124908677.1325,98.3265110028155,60.0,0.05574350000000001,15016613.33174095,17810419628.905533,25.72229729689332,3.2473582148555287,1,1,canonical_v2_cambridge_prices_freeze_last
2023-02-03,23452.0,-0.0097538318625174,453674864565.0944,96.7138860297229,60.0,0.05574350000000001,14770330.15314482,17825189959.058678,25.451334073135023,3.236768160999306,1,1,canonical_v2_cambridge_prices_freeze_last
2023-02-04,23383.0,-0.002942179771448,452358437833.1492,93.9463381005379,58.0,0.05574350000000001,14347664.925773522,17839537623.98445,25.357071879765186,3.233057660748388,1,1,canonical_v2_cambridge_prices_freeze_last
2023-02-05,23412.25,0.0012509087798828,452942677500.0933,92.8432017454106,58.0,0.05574350000000001,14179191.826014511,17853716815.810467,25.369657319700917,3.2335538662161,1,1,canonical_v2_cambridge_prices_freeze_last
2023-02-06,22856.0,-0.0237589296201774,442199179612.0388,93.4497220016867,56.0,0.05574350000000001,14271820.762742529,17867988636.573208,24.748122948036837,3.2087496456553044,1,1,canonical_v2_cambridge_prices_freeze_last
2023-02-07,22915.0,0.0025813790689535,443358636391.9935,95.7502645798601,54.0,0.05574350000000001,14623164.037280638,17882611800.61049,24.792722748522554,3.2105501725501373,1,1,canonical_v2_cambridge_prices_freeze_last
2023-02-08,23222.02,0.0133982107789658,449317054090.1654,95.7830603673162,58.0,0.05574350000000001,14628172.672836961,17897239973.283325,25.105382436671675,3.2230822628568654,1,1,canonical_v2_cambridge_prices_freeze_last
2023-02-09,22957.0,-0.0114124438786978,444207237356.8818,97.2095057877111,55.0,0.05574350000000001,14846022.15308842,17912085995.436413,24.79930240788569,3.2108155240610303,1,1,canonical_v2_cambridge_prices_freeze_last
2023-02-10,21858.0,-0.0478721087250075,422959219828.0425,98.3654273790329,48.0,0.05574350000000001,15022556.715351017,17927108552.151764,23.593275993036553,3.1609617558861194,1,1,canonical_v2_cambridge_prices_freeze_last
2023-02-11,21531.67,-0.0149295452465917,416661487061.3987,99.451463166225,49.0,0.05574350000000001,15188418.183579354,17942296970.335342,23.222304688763117,3.1451132258130423,1,1,canonical_v2_cambridge_prices_freeze_last
2023-02-12,21826.0,0.0136696317563849,422374174507.44977,100.287636880351,50.0,0.05574350000000001,15316120.236821499,17957613090.572163,23.52061893622145,3.1578774379997223,1,1,canonical_v2_cambridge_prices_freeze_last
2023-02-13,21988.75,0.0074567030147529,425540890822.0207,100.911521666544,48.0,0.05574350000000001,15411401.117860265,17973024491.69002,23.67664335063768,3.1644890495728997,1,1,canonical_v2_cambridge_prices_freeze_last
2023-02-14,21631.25,-0.0162583139105224,418639223340.21344,101.921936038549,50.0,0.05574350000000001,15565713.538533857,17988590205.228554,23.272486535300136,3.1472718274413682,1,1,canonical_v2_cambridge_prices_freeze_last
2023-02-15,22255.0,0.0288355966483675,430728324379.819,104.237495446395,53.0,0.05574350000000001,15919350.212098962,18004509555.44065,23.923357815079186,3.1748552961150995,1,1,canonical_v2_cambridge_prices_freeze_last
2023-02-16,24176.0,0.0863176814199055,467926675952.1759,105.779825253474,62.0,0.05574350000000001,16154897.778128847,18020664453.21878,25.96611668603577,3.256792483728926,1,1,canonical_v2_cambridge_prices_freeze_last
2023-02-17,24539.0,0.0150148908007941,474971699590.34045,107.424487717711,61.0,0.05574350000000001,16406073.783814311,18037070527.002594,26.333084348662876,3.270826108640144,1,1,canonical_v2_cambridge_prices_freeze_last
2023-02-18,24482.0,-0.0023228330412812,473887521764.21625,109.259144403597,60.0,0.05574350000000001,16686266.071402494,18053756793.073997,26.248693122199075,3.26761620197729,1,1,canonical_v2_cambridge_prices_freeze_last
2023-02-19,24621.25,0.0056878522996486,476602125659.7388,109.233594998575,60.0,0.05574350000000001,16682364.117268674,18070439157.191265,26.374684174184633,3.272404617286039,1,1,canonical_v2_cambridge_prices_freeze_last
2023-02-20,24356.0,-0.010773214195055,471486574661.73193,108.376486339066,58.0,0.05574350000000001,16551464.83901843,18086990622.030285,26.067718202244915,3.2606976983090847,1,1,canonical_v2_cambridge_prices_freeze_last
2023-02-21,24774.25,0.0171723599934308,479602414507.8904,109.614529679893,60.0,0.05574350000000001,16740541.192359222,18103731163.222645,26.49190988221217,3.2768393989187805,1,1,canonical_v2_cambridge_prices_freeze_last
2023-02-22,24202.0,-0.0230985801790165,468543127524.033,107.488114301618,59.0,0.05574350000000001,16415790.957732175,18120146954.180378,25.857578788340817,3.252603741285998,1,1,canonical_v2_cambridge_prices_freeze_last
2023-02-23,23804.0,-0.0164449219072804,460856501475.064,106.804375976863,56.0,0.05574350000000001,16311369.129496614,18136458323.309875,25.410501502531417,3.235162533561217,1,1,canonical_v2_cambridge_prices_freeze_last
2023-02-24,23879.0,0.0031507309695848,462327114979.7501,104.133174401468,53.0,0.05574350000000001,15903418.102049952,18152361741.411926,25.469254170107202,3.2374720058813162,1,1,canonical_v2_cambridge_prices_freeze_last
2023-02-25,23097.03,-0.0327471837179111,447205165734.4364,99.3823934511893,52.0,0.05574350000000001,15177869.724236634,18167539611.13616,24.6156152845437,3.2033810092229165,1,1,canonical_v2_cambridge_prices_freeze_last
2023-02-26,22935.0,-0.0070151876669857,444085764829.1293,101.630702861769,51.0,0.05574350000000001,15521235.849246634,18183060846.98541,24.423047833706985,3.1955272698096837,1,1,canonical_v2_cambridge_prices_freeze_last
2023-02-27,23235.25,0.0130913451057335,449917496903.218,102.361485508764,50.0,0.05574350000000001,15632842.376596676,18198693689.362007,24.722516054337238,3.2077144095434234,1,1,canonical_v2_cambridge_prices_freeze_last
2023-02-28,23384.0,0.0064019108897042,452815987642.6626,100.871937464448,53.0,0.05574350000000001,15405355.742601255,18214099045.104607,24.860740381466506,3.2132898676771626,1,1,canonical_v2_cambridge_prices_freeze_last
2023-03-01,23147.0,-0.010135135135135,448244602859.0878,104.964687182021,50.0,0.05574350000000001,16030408.32857805,18230129453.433186,24.588119574470287,3.202263382156018,1,1,canonical_v2_cambridge_prices_freeze_last
2023-03-02,23557.0,0.0177128785587765,456202581077.204,103.416147192862,51.0,0.05574350000000001,15793912.33163097,18245923365.764816,25.002986800502836,3.2189952897521006,1,1,canonical_v2_cambridge_prices_freeze_last
2023-03-03,23424.25,-0.0056352676486819,453649921819.7815,107.65745573878,50.0,0.05574350000000001,16441653.106779955,18262365018.871597,24.840699512412428,3.2124834173939103,1,1,canonical_v2_cambridge_prices_freeze_last
2023-03-04,22244.0,-0.0503858181158415,430809640346.571,112.046570539383,50.0,0.05574350000000001,17111967.136608485,18279476986.008205,23.56794128608432,3.159887368461414,1,1,canonical_v2_cambridge_prices_freeze_last
2023-03-05,22216.75,-0.0012250494515374,430299088916.1716,110.316637047561,47.0,0.05574350000000001,16847768.37605676,18296324754.384262,23.518334676097233,3.1577803159359603,1,1,canonical_v2_cambridge_prices_freeze_last
2023-03-06,22435.75,0.009857427391495,434558104039.7021,108.943214307037,48.0,0.05574350000000001,16638016.621162515,18312962771.005424,23.72953571050392,3.166720504748634,1,1,canonical_v2_cambridge_prices_freeze_last
2023-03-07,22412.0,-0.0010585783849437,434115436695.3027,111.224634591118,49.0,0.05574350000000001,16986439.50227394,18329949210.507698,23.68339550261518,3.1647741908940112,1,1,canonical_v2_cambridge_prices_freeze_last
2023-03-08,22054.0,-0.015973585579154,427198117902.0197,107.193100455404,50.0,0.05574350000000001,16370735.877358392,18346319946.385056,23.28522118607195,3.1478188754689733,1,1,canonical_v2_cambridge_prices_freeze_last
2023-03-09,22007.47,-0.0021098213476012,426313823403.6863,106.03880806122,44.0,0.05574350000000001,16194450.129207171,18362514396.514263,23.216527660537217,3.1448644241975217,1,1,canonical_v2_cambridge_prices_freeze_last
2023-03-10,20222.0,-0.0811301798889195,391742535402.66736,102.49348111965,34.0,0.05574350000000001,15653000.999433452,18378167397.513695,21.315647361861803,3.05944142094349,1,1,canonical_v2_cambridge_prices_freeze_last
2023-03-11,20099.0,-0.0060824844229057,389375294278.2614,103.680723591858,33.0,0.05574350000000001,15834318.94669243,18394001716.46039,21.168601606132178,3.0525190275154266,1,1,canonical_v2_cambridge_prices_freeze_last
2023-03-12,20527.0,0.0212945917707347,397682732071.1536,104.151453147475,33.0,0.05574350000000001,15906209.667195268,18409907926.127583,21.601560076612717,3.072765537851071,1,1,canonical_v2_cambridge_prices_freeze_last
2023-03-13,21027.0,0.0243581624202269,407385780874.9696,106.803836092272,49.0,0.05574350000000001,16311286.677286478,18426219212.80487,22.109027151476976,3.0959859935158267,1,1,canonical_v2_cambridge_prices_freeze_last
2023-03-14,24234.0,0.1525181908974175,469538217619.5048,104.995361210672,56.0,0.05574350000000001,16035092.925060537,18442254305.72993,25.45991448960886,3.237105234506529,1,1,canonical_v2_cambridge_prices_freeze_last
2023-03-15,24641.0,0.0167945861186762,477442917044.6521,106.526863325211,50.0,0.05574350000000001,16268986.865120275,18458523292.59505,25.86571577132535,3.2529183764275116,1,1,canonical_v2_cambridge_prices_freeze_last
2023-03-16,24375.25,-0.0107848707438821,472312542465.2408,106.530390291206,52.0,0.05574350000000001,16269525.510131076,18474792818.105183,25.565241630335223,3.241233680094385,1,1,canonical_v2_cambridge_prices_freeze_last
2023-03-17,24752.0,0.0154562517307514,479631790887.76575,107.838580930077,51.0,0.05574350000000001,16469314.893358214,18491262132.99854,25.938293851334244,3.2557204038390544,1,1,canonical_v2_cambridge_prices_freeze_last
2023-03-18,26826.0,0.0837912087912087,519841373121.4332,107.59564192542,64.0,0.05574350000000001,16432212.782656578,18507694345.781197,28.08785164749224,3.335337157147976,1,1,canonical_v2_cambridge_prices_freeze_last
2023-03-19,27405.0,0.0215835383583091,531082479827.3097,106.32756686888,63.0,0.05574350000000001,16238549.928097023,18523932895.709293,28.6700714593025,3.3558537723687154,1,1,canonical_v2_cambridge_prices_freeze_last
2023-03-20,27980.0,0.0209815727057105,542246948272.6596,106.081516946493,66.0,0.05574350000000001,16200972.712073518,18540133868.421368,29.247197033255844,3.3757837411631995,1,1,canonical_v2_cambridge_prices_freeze_last
2023-03-21,28103.0,0.0043959971408149,544652271444.6693,106.28404003407,68.0,0.05574350000000001,16231902.42640872,18556365770.847775,29.3512360216742,3.37933465856196,1,1,canonical_v2_cambridge_prices_freeze_last
2023-03-22,28153.0,0.001779169483685,545642935453.9912,107.841561783162,62.0,0.05574350000000001,16469770.134958062,18572835540.98273,29.378547731711624,3.3802647390172513,1,1,canonical_v2_cambridge_prices_freeze_last
2023-03-23,27400.0,-0.0267467055020779,531069831193.3112,113.356056708346,57.0,0.05574350000000001,17311954.375675853,18590147495.358406,28.56727367687152,3.3522617856085226,1,1,canonical_v2_cambridge_prices_freeze_last
2023-03-24,28333.0,0.034051094890511,549175093385.5389,116.525853444275,61.0,0.05574350000000001,17796051.81224916,18607943547.170654,29.51293849282132,3.384828760168982,1,1,canonical_v2_cambridge_prices_freeze_last
2023-03-25,27629.03,-0.0248462923093213,535551330915.9584,116.621705377425,64.0,0.05574350000000001,17810690.503305458,18625754237.67396,28.75326948278469,3.358751481917938,1,1,canonical_v2_cambridge_prices_freeze_last
2023-03-26,27380.75,-0.008986200384161,530759761269.6467,118.035548078268,64.0,0.05574350000000001,18026615.27205735,18643780852.94602,28.468461706133933,3.348796867730895,1,1,canonical_v2_cambridge_prices_freeze_last
2023-03-27,27860.75,0.0175305643563452,540085639386.24506,119.295320825449,64.0,0.05574350000000001,18219010.18200936,18661999863.12803,28.940394563678808,3.3652383549624645,1,1,canonical_v2_cambridge_prices_freeze_last
2023-03-28,27044.25,-0.0293064615992031,524278364475.0274,119.617909767062,59.0,0.05574350000000001,18268276.583836224,18680268139.711864,28.065890733146308,3.3345549861105876,1,1,canonical_v2_cambridge_prices_freeze_last
2023-03-29,27310.0,0.009826488070477,529451097423.2249,119.978784231111,57.0,0.05574350000000001,18323390.0240738,18698591529.73594,28.31502557726078,3.343392602876707,1,1,canonical_v2_cambridge_prices_freeze_last
2023-03-30,28392.0,0.0396191871109483,550449255800.8423,118.628441438609,60.0,0.05574350000000001,18117163.08310439,18716708692.819042,29.409511300030584,3.3813181356318753,1,1,canonical_v2_cambridge_prices_freeze_last
2023-03-31,28154.5,-0.0083650324034939,545866274169.0316,116.629787068987,63.0,0.05574350000000001,17811924.75473994,18734520617.573784,29.136922439156816,3.3720061822574587,1,1,canonical_v2_cambridge_prices_freeze_last
2023-04-01,28392.5,0.0084533555914685,550502391930.3182,116.04945916033,61.0,0.05574350000000001,17723295.963572208,18752243913.537357,29.35661430539026,3.3795178805229464,1,1,canonical_v2_cambridge_prices_freeze_last
2023-04-02,28467.25,0.0026327375187109,551973483112.3062,116.61899321362,63.0,0.05574350000000001,17810276.296447746,18770054189.833805,29.407133167003046,3.381237269644011,1,1,canonical_v2_cambridge_prices_freeze_last
2023-04-03,28172.0,-0.0103715673273674,546270179914.3647,114.658769055966,63.0,0.05574350000000001,17510907.103756826,18787565096.93756,29.076156335096805,3.3699184683824837,1,1,canonical_v2_cambridge_prices_freeze_last
2023-04-04,27592.0,-0.0205878176913246,535044742787.1519,117.873266196194,62.0,0.05574350000000001,18001831.271801483,18805566928.209362,28.4514019082592,3.3481974355712842,1,1,canonical_v2_cambridge_prices_freeze_last
2023-04-05,28260.5,0.0242280371122063,548029400751.9572,116.732469348347,62.0,0.05574350000000001,17827606.589368716,18823394534.79873,29.11427052856049,3.3712284501430054,1,1,canonical_v2_cambridge_prices_freeze_last
2023-04-06,28154.0,-0.0037685108189876,545985628604.52594,117.200268763932,63.0,0.05574350000000001,17899049.813266423,18841293584.611996,28.978139221313427,3.3665417257666372,1,1,canonical_v2_cambridge_prices_freeze_last
2023-04-07,27997.0,-0.0055764722597144,542962307536.2341,117.448994497399,64.0,0.05574350000000001,17937035.68428976,18859230620.296284,28.790268196407684,3.360037420190548,1,1,canonical_v2_cambridge_prices_freeze_last
2023-04-08,27889.0,-0.0038575561667321,540889060119.59534,118.397776301029,61.0,0.05574350000000001,18081935.460921675,18877312555.757206,28.652863511264737,3.3552533862034397,1,1,canonical_v2_cambridge_prices_freeze_last
2023-04-09,27944.75,0.0019989960199362,541991587769.0414,118.040831097454,61.0,0.05574350000000001,18027422.104879256,18895339977.862083,28.683875939995925,3.356335150951567,1,1,canonical_v2_cambridge_prices_freeze_last
2023-04-10,28049.0,0.0037305755106058,544034890175.9351,117.241383553879,62.0,0.05574350000000001,17905328.94283741,18913245306.80492,28.76475619867275,3.359150894655238,1,1,canonical_v2_cambridge_prices_freeze_last
2023-04-11,29145.0,0.0390744768084423,565314954908.044,116.472282571841,68.0,0.05574350000000001,17787870.365872383,18931033177.17079,29.861812063684166,3.396580475590735,1,1,canonical_v2_cambridge_prices_freeze_last
2023-04-12,30194.0,0.0359924515354264,585684999680.278,119.512518246966,65.0,0.05574350000000001,18252180.98876644,18949285358.159557,30.908025743993672,3.4310158829943007,1,1,canonical_v2_cambridge_prices_freeze_last
2023-04-13,29969.0,-0.0074518116182022,581343377034.3641,117.908178474984,61.0,0.05574350000000001,18007163.141973346,18967292521.30153,30.64978179576642,3.422625543132292,1,1,canonical_v2_cambridge_prices_freeze_last
2023-04-14,30289.89,0.0107073976442324,587591076487.1039,117.898094501534,68.0,0.05574350000000001,18005623.098208934,18985298144.39974,30.94979452089515,3.432366360042174,1,1,canonical_v2_cambridge_prices_freeze_last
2023-04-15,30468.0,0.0058801798223764,591069366824.9915,119.424026197123,68.0,0.05574350000000001,18238666.313203637,19003536810.71294,31.103124261152562,3.4373082726975257,1,1,canonical_v2_cambridge_prices_freeze_last
2023-04-16,30313.0,-0.0050873047131416,588085437299.2849,117.224290449792,68.0,0.05574350000000001,17902718.45119995,19021439529.16414,30.916978517720377,3.4313054995950982,1,1,canonical_v2_cambridge_prices_freeze_last
2023-04-17,30468.25,0.0051215650051132,591120482465.4541,121.180653420337,69.0,0.05574350000000001,18506941.791607004,19039946470.955746,31.04633111060326,3.4354806407088576,1,1,canonical_v2_cambridge_prices_freeze_last
2023-04-18,29460.0,-0.033091825096617,571581578280.4672,122.835224490321,58.0,0.05574350000000001,18759631.058564957,19058706102.01431,29.990576234346616,3.40088320679262,1,1,canonical_v2_cambridge_prices_freeze_last
2023-04-19,30420.0,0.0325865580448065,590230523394.0671,120.36676573788,63.0,0.05574350000000001,18382643.303861685,19077088745.318172,30.939234558989998,3.4320251053104505,1,1,canonical_v2_cambridge_prices_freeze_last
2023-04-20,29247.0,-0.038560157790927,567493310051.5774,119.452572304223,52.0,0.05574350000000001,18243025.929425903,19095331771.247597,29.718955232088128,3.3917850655334068,1,1,canonical_v2_cambridge_prices_freeze_last
2023-04-21,28203.0,-0.0356959688173146,547257453844.1794,120.333806723276,50.0,0.05574350000000001,18377609.739942294,19113709380.987537,28.63167179828202,3.3545135106389465,1,1,canonical_v2_cambridge_prices_freeze_last
2023-04-22,27259.0,-0.0334716164946991,528960504519.3218,119.577496884731,53.0,0.05574350000000001,18262104.650942475,19131971485.63848,27.64798729270472,3.319552933011612,1,1,canonical_v2_cambridge_prices_freeze_last
2023-04-23,27638.0,0.0139036648446384,536335913455.9367,122.578601123017,56.0,0.05574350000000001,18720439.045755886,19150691924.68424,28.006085397083112,3.332421822171353,1,1,canonical_v2_cambridge_prices_freeze_last
2023-04-24,27461.54,-0.0063846877487516,532932352058.3917,121.218370719777,53.0,0.05574350000000001,18512702.049912028,19169204626.73415,27.801484852174966,3.325089431218964,1,1,canonical_v2_cambridge_prices_freeze_last
2023-04-25,27452.75,-0.0003200840156816,532782528363.36536,116.450538127461,53.0,0.05574350000000001,17784549.512624994,19186989176.246777,27.7679068596621,3.3238809243210055,1,1,canonical_v2_cambridge_prices_freeze_last
2023-04-26,27979.0,0.0191692999790549,543016743809.1296,115.446229960197,56.0,0.05574350000000001,17631169.64324998,19204620345.890026,28.27531781565994,3.3419892621038216,1,1,canonical_v2_cambridge_prices_freeze_last
2023-04-27,28414.0,0.0155473748168268,551480694587.0851,114.86315704796,59.0,0.05574350000000001,17542121.629871123,19222162467.519897,28.68983630322207,3.356542924268459,1,1,canonical_v2_cambridge_prices_freeze_last
2023-04-28,29632.0,0.0428661927218976,575142947793.2954,114.706683163217,64.0,0.05574350000000001,17518224.638106268,19239680692.158005,29.893580719752833,3.3976437657000274,1,1,canonical_v2_cambridge_prices_freeze_last
2023-04-29,29404.0,-0.007694384449244,570739769607.4061,112.903145182175,64.0,0.05574350000000001,17242784.858801566,19256923477.016808,29.638159506038733,3.3890627035619514,1,1,canonical_v2_cambridge_prices_freeze_last
2023-04-30,29288.0,-0.0039450414909536,568510272262.1646,112.624410554799,60.0,0.05574350000000001,17200215.97194915,19274123692.988758,29.49603734612165,3.3842559270729473,1,1,canonical_v2_cambridge_prices_freeze_last
2023-05-01,29592.0,0.010379677683693,574433539116.8796,117.05756382926,63.0,0.05574350000000001,17877255.641962618,19292000948.630722,29.775736619878764,3.393693854477874,1,1,canonical_v2_cambridge_prices_freeze_last
2023-05-02,27668.0,-0.0650175723168423,537106117747.0358,117.404752228328,55.0,0.05574350000000001,17930278.920109045,19309931227.55083,27.815019712794676,3.3255761522379412,1,1,canonical_v2_cambridge_prices_freeze_last
2023-05-03,28695.0,0.0371186930750324,557064411447.1329,118.718915779217,64.0,0.05574350000000001,18130980.49791448,19328062208.048744,28.821534484463516,3.3611228328897007,1,1,canonical_v2_cambridge_prices_freeze_last
2023-05-04,28529.0,-0.0057849799616658,553863286306.1824,120.909793582419,64.0,0.05574350000000001,18465575.557702947,19346527783.606445,28.628562835730467,3.354404920006216,1,1,canonical_v2_cambridge_prices_freeze_last
2023-05-05,28882.0,0.0123733744610747,560738180940.9113,117.76560911575,61.0,0.05574350000000001,17985389.67601044,19364513173.282455,28.956998604776242,3.3658119228087515,1,1,canonical_v2_cambridge_prices_freeze_last
2023-05-06,29526.0,0.0222976248182258,573263521447.5767,119.411773299286,60.0,0.05574350000000001,18236795.02714726,19382749968.3096,29.57596431800703,3.386962015182664,1,1,canonical_v2_cambridge_prices_freeze_last
2023-05-07,28851.0,-0.0228612070717333,560179718236.1635,118.587136760364,64.0,0.05574350000000001,18110854.953428358,19400860823.26303,28.873962002988424,3.3629402202473617,1,1,canonical_v2_cambridge_prices_freeze_last
2023-05-08,28908.55,0.0019947315517658,561318852210.5197,113.531003364974,60.0,0.05574350000000001,17338672.564590216,19418199495.82762,28.90684341414506,3.3640783634237583,1,1,canonical_v2_cambridge_prices_freeze_last
2023-05-09,27556.0,-0.0467871961755258,535077016453.3488,116.334625005794,51.0,0.05574350000000001,17766847.038384873,19435966342.866005,27.53025020799902,3.3152854076711167,1,1,canonical_v2_cambridge_prices_freeze_last
2023-05-10,27659.0,0.003737842938017,537097817310.7335,119.944416494338,52.0,0.05574350000000001,18318141.3174031,19454284484.183407,27.60820207740877,3.318112905292559,1,1,canonical_v2_cambridge_prices_freeze_last
2023-05-11,27875.0,0.0078093929643154,541313144482.432,120.553630780065,52.0,0.05574350000000001,18411181.691475492,19472695665.87488,27.798572615247185,3.324984674603122,1,1,canonical_v2_cambridge_prices_freeze_last
2023-05-12,27007.75,-0.0311121076233183,524492010469.0025,123.319296240674,49.0,0.05574350000000001,18833559.424635652,19491529225.29952,26.9087152889074,3.292450222570093,1,1,canonical_v2_cambridge_prices_freeze_last
2023-05-13,26792.0,-0.0079884477603651,520322220865.0268,122.940068999546,48.0,0.05574350000000001,18775643.11308546,19510304868.412605,26.669097401314016,3.2835054944009063,1,1,canonical_v2_cambridge_prices_freeze_last
2023-05-14,26860.0,0.0025380710659899,521662964487.9084,127.201838985991,48.0,0.05574350000000001,19426508.79867285,19529731377.211277,26.7112206723244,3.285083727025737,1,1,canonical_v2_cambridge_prices_freeze_last
2023-05-15,26931.0,0.0026433358153388,523062067364.60345,128.48311054128,50.0,0.05574350000000001,19622187.04782971,19549353564.259106,26.755977666744236,3.28675791255497,1,1,canonical_v2_cambridge_prices_freeze_last
2023-05-16,27351.67,0.0156202888864134,531252925819.1669,128.820196576399,54.0,0.05574350000000001,19673667.47357945,19569027231.732685,27.14764099043714,3.301290154591597,1,1,canonical_v2_cambridge_prices_freeze_last
2023-05-17,26956.0,-0.014466027120099,523587978633.1201,127.628520387896,50.0,0.05574350000000001,19491672.40066488,19588518904.13335,26.72932962392774,3.2857614502975254,1,1,canonical_v2_cambridge_prices_freeze_last
2023-05-18,27335.0,0.0140599495474105,530970045153.6423,126.869996637569,51.0,0.05574350000000001,19375829.19881186,19607894733.33216,27.079401046101463,3.2987733298563917,1,1,canonical_v2_cambridge_prices_freeze_last
2023-05-19,26723.0,-0.0223888787269068,519102199915.032,128.416233531368,48.0,0.05574350000000001,19611973.462618668,19627506706.79478,26.44768934076205,3.2751687949707406,1,1,canonical_v2_cambridge_prices_freeze_last
2023-05-20,26875.66,0.0057126819593609,522087748994.5662,127.161609868977,48.0,0.05574350000000001,19420364.93077074,19646927071.72555,26.573506741719292,3.2799147323094555,1,1,canonical_v2_cambridge_prices_freeze_last
2023-05-21,27167.0,0.0108402919221333,527767623984.8192,124.897640401353,52.0,0.05574350000000001,19074607.17181595,19666001678.89737,26.836549320095962,3.2897647390132767,1,1,canonical_v2_cambridge_prices_freeze_last
2023-05-22,26881.0,-0.0105274781904516,522231630070.9904,124.994916873127,49.0,0.05574350000000001,19089463.42114289,19685091142.318512,26.529297034765058,3.278249670805195,1,1,canonical_v2_cambridge_prices_freeze_last
2023-05-23,26896.0,0.0005580149548007,522543113037.52057,125.512081767377,50.0,0.05574350000000001,19168445.835615836,19704259588.15413,26.519297043349184,3.277872658305313,1,1,canonical_v2_cambridge_prices_freeze_last
2023-05-24,27217.0,0.0119348602022606,528799891842.1527,123.380134067578,50.0,0.05574350000000001,18842850.694235716,19723102438.848366,26.81119227979984,3.288819422717447,1,1,canonical_v2_cambridge_prices_freeze_last
2023-05-25,26400.0,-0.0300180034537237,512946055959.8901,124.113753203012,51.0,0.05574350000000001,18954890.41554,19742057329.263905,25.982401297130444,3.257419435652112,1,1,canonical_v2_cambridge_prices_freeze_last
2023-05-26,26489.75,0.0033996212121212,514709616886.75,123.88851918018,49.0,0.05574350000000001,18920492.243617438,19760977821.507523,26.046768613167945,3.2598937149453175,1,1,canonical_v2_cambridge_prices_freeze_last
2023-05-27,26757.0,0.0100888079351446,519922351666.159,125.039835258767,48.0,0.05574350000000001,19096323.443142682,19780074144.950665,26.285156863220433,3.2690044020382887,1,1,canonical_v2_cambridge_prices_freeze_last
2023-05-28,27121.0,0.01360391673207,527015521875.20526,125.521463703212,50.0,0.05574350000000001,19169878.662849315,19799244023.613514,26.6179618396875,3.2815862450352467,1,1,canonical_v2_cambridge_prices_freeze_last
2023-05-29,27595.0,0.0174772316654989,536246827186.0733,127.096280559965,52.0,0.05574350000000001,19410387.713409342,19818654411.326923,27.05768091296819,3.2979709174058978,1,1,canonical_v2_cambridge_prices_freeze_last
2023-05-30,27689.87,0.003437941656097,538111006248.7077,126.58856406385,51.0,0.05574350000000001,19332848.276419792,19837987259.603344,27.125282379048524,3.3004662220939402,1,1,canonical_v2_cambridge_prices_freeze_last
2023-05-31,27770.28,0.0029039500727161,539694297504.136,126.492798122136,51.0,0.05574350000000001,19318222.71814052,19857305482.321484,27.178626928241286,3.302430889722184,1,1,canonical_v2_cambridge_prices_freeze_last
2023-06-01,27116.28,-0.0235503567122837,527004452308.444,124.49062473629,52.0,0.05574350000000001,19012446.958869543,19876317929.280354,26.514189106026482,3.2776800276596822,1,1,canonical_v2_cambridge_prices_freeze_last
2023-06-02,26871.0,-0.0090454885404634,522257395877.03326,126.205064411662,50.0,0.05574350000000001,19274279.47405885,19895592208.754414,26.249904521426146,3.267662351752014,1,1,canonical_v2_cambridge_prices_freeze_last
2023-06-03,27071.0,0.0074429682557404,526164636392.07,124.754372775875,53.0,0.05574350000000001,19052727.06529312,19914644935.819706,26.42099008482335,3.274158773215004,1,1,canonical_v2_cambridge_prices_freeze_last
2023-06-04,27201.0,0.004802186842008,528711559501.3327,123.704203668428,52.0,0.05574350000000001,18892343.225180868,19933537279.044888,26.52371990480286,3.278039423384616,1,1,canonical_v2_cambridge_prices_freeze_last
2023-06-05,27201.0,0.0,528731732139.6159,121.207486659873,53.0,0.05574350000000001,18511039.815409947,19952048318.8603,26.50012287910388,3.277149369928742,1,1,canonical_v2_cambridge_prices_freeze_last
2023-06-06,25643.0,-0.0572773059813978,498466411115.1713,121.230939961958,44.0,0.05574350000000001,18514621.648683306,19970562940.50898,24.960058091505516,3.2172768708825537,1,1,canonical_v2_cambridge_prices_freeze_last
2023-06-07,26953.0,0.0510860663728893,523951069029.5185,120.721959817971,53.0,0.05574350000000001,18436889.224967305,19988999829.733948,26.21197025826841,3.266216186515704,1,1,canonical_v2_cambridge_prices_freeze_last
2023-06-08,26362.92,-0.0218929247208103,512499771003.9889,123.383165242225,50.0,0.05574350000000001,18843313.621041015,20007843143.35499,25.614943466517555,3.243175910342763,1,1,canonical_v2_cambridge_prices_freeze_last
2023-06-09,26654.56,0.0110625074915828,518189033455.6093,123.987984484119,50.0,0.05574350000000001,18935682.77559038,20026778826.130577,25.87480682512385,3.2532697858619684,1,1,canonical_v2_cambridge_prices_freeze_last
2023-06-10,25769.25,-0.033214204248729,500996862589.89417,126.562813393119,49.0,0.05574350000000001,19328915.584600903,20046107741.71518,24.99222637356872,3.2185648314575115,1,1,canonical_v2_cambridge_prices_freeze_last
2023-06-11,25983.82,0.0083265908010516,505187673616.3113,128.029780996221,47.0,0.05574350000000001,19552953.69030917,20065660695.405487,25.176727608674558,3.225920060229237,1,1,canonical_v2_cambridge_prices_freeze_last
2023-06-12,25983.82,0.0,505206879656.8759,129.993396071321,47.0,0.05574350000000001,19852840.75041557,20085513536.155903,25.152798744600368,3.2249691724458214,1,1,canonical_v2_cambridge_prices_freeze_last
2023-06-13,25895.0,-0.0034182810687574,503499071850.28455,129.196159441677,45.0,0.05574350000000001,19731085.243389376,20105244621.399292,25.04317064187214,3.2206011612938332,1,1,canonical_v2_cambridge_prices_freeze_last
2023-06-14,25847.0,-0.0018536396987834,502584852763.9647,127.454393804559,46.0,0.05574350000000001,19465079.454916265,20124709700.85421,24.973520623884184,3.2178160885012863,1,1,canonical_v2_cambridge_prices_freeze_last
2023-06-15,24922.0,-0.0357875188609896,484616982846.0457,126.722741682893,41.0,0.05574350000000001,19353340.139726978,20144063040.99394,24.05755888768972,3.1804492460346663,1,1,canonical_v2_cambridge_prices_freeze_last
2023-06-16,25541.0,0.0248374929780916,496672496673.28827,124.78125193811,47.0,0.05574350000000001,19056832.10249873,20163119873.096436,24.63272052139095,3.204075661631172,1,1,canonical_v2_cambridge_prices_freeze_last
2023-06-17,26594.0,0.041227829763909,517168836275.4737,123.410510237186,47.0,0.05574350000000001,18847489.801113915,20181967362.89755,25.625293460053598,3.24357988949265,1,1,canonical_v2_cambridge_prices_freeze_last
2023-06-18,26575.0,-0.0007144468677144,516818933771.2125,122.300446035968,49.0,0.05574350000000001,18677958.667413652,20200645321.56496,25.58427840022955,3.24197803784249,1,1,canonical_v2_cambridge_prices_freeze_last
2023-06-19,26615.0,0.0015051740357479,517616443535.5012,120.815055705854,47.0,0.05574350000000001,18451107.007504858,20219096428.572464,25.600374644043708,3.24260698591139,1,1,canonical_v2_cambridge_prices_freeze_last
2023-06-20,26718.0,0.0038699981213601,519639292063.3048,119.792440380192,49.0,0.05574350000000001,18294931.233789682,20237391359.806255,25.67718748056467,3.245602951038947,1,1,canonical_v2_cambridge_prices_freeze_last
2023-06-21,28164.0,0.054120817426454,547783324104.5872,119.835913323299,59.0,0.05574350000000001,18301570.50503375,20255692930.31129,27.04342556876275,3.2974439283861754,1,1,canonical_v2_cambridge_prices_freeze_last
2023-06-22,29996.0,0.0650475784689674,583437369532.0463,118.505747193742,65.0,0.05574350000000001,18098424.982724268,20273791355.294014,28.777911309602956,3.3596081244545863,1,1,canonical_v2_cambridge_prices_freeze_last
2023-06-23,30159.0,0.0054340578743832,586629978015.962,115.181928639188,65.0,0.05574350000000001,17590805.038626242,20291382160.33264,28.910301594080533,3.3641979881454254,1,1,canonical_v2_cambridge_prices_freeze_last
2023-06-24,30527.0,0.0122019960874033,593810470704.424,115.979958993595,62.0,0.05574350000000001,17712681.76482045,20309094842.09746,29.238647774373042,3.3754913880657345,1,1,canonical_v2_cambridge_prices_freeze_last
2023-06-25,30466.0,-0.0019982310741311,592646280703.7686,116.297768128495,64.0,0.05574350000000001,17761218.185399346,20326856060.28286,29.155826112320174,3.372654759457737,1,1,canonical_v2_cambridge_prices_freeze_last
2023-06-26,30465.0,-3.2823475349608167e-05,592649197172.4067,116.853949968981,55.0,0.05574350000000001,17846159.342728477,20344702219.625587,29.13039428027143,3.3717821060761537,1,1,canonical_v2_cambridge_prices_freeze_last
2023-06-27,30159.0,-0.0100443131462333,586718577037.7686,117.407154340485,59.0,0.05574350000000001,17930645.775284458,20362632865.40087,28.813492877666636,3.3608437801255358,1,1,canonical_v2_cambridge_prices_freeze_last
2023-06-28,30658.0,0.0165456414337346,596448701767.2351,116.079753091077,62.0,0.05574350000000001,17727922.51077384,20380360787.911644,29.265855888135757,3.376421508450353,1,1,canonical_v2_cambridge_prices_freeze_last
2023-06-29,30108.0,-0.0179398525670297,585770575585.3146,116.971128634945,54.0,0.05574350000000001,17864055.093320705,20398224843.004963,28.71674276039708,3.357480324113012,1,1,canonical_v2_cambridge_prices_freeze_last
2023-06-30,30403.72,0.0098219742261194,591546280919.851,120.686440273492,56.0,0.05574350000000001,18431464.6120148,20416656307.616978,28.973710092732414,3.3663888702963782,1,1,canonical_v2_cambridge_prices_freeze_last
2023-07-01,30420.0,0.0005354607922978,591885313950.4878,118.369714157911,59.0,0.05574350000000001,18077649.756606884,20434733957.373585,28.96466942927409,3.3660767917188865,1,1,canonical_v2_cambridge_prices_freeze_last
2023-07-02,30496.0,0.0024983563445102,593386382640.75,119.606099012251,63.0,0.05574350000000001,18266472.822710723,20453000430.196297,29.01219235123514,3.3677161675369267,1,1,canonical_v2_cambridge_prices_freeze_last
2023-07-03,30526.0,0.0009837355718782,593992457553.0724,117.830903025134,62.0,0.05574350000000001,17995361.487072762,20470995791.68337,29.01629523046408,3.3678575766760157,1,1,canonical_v2_cambridge_prices_freeze_last
2023-07-04,31124.0,0.0195898578261155,605651451787.3213,117.249988202265,64.0,0.05574350000000001,17906643.061240986,20488902434.74461,29.55997539235052,3.386421263615193,1,1,canonical_v2_cambridge_prices_freeze_last
2023-07-05,30804.0,-0.0102814548258578,599446995421.7987,122.110135916746,61.0,0.05574350000000001,18648894.14102776,20507551328.88564,29.23054955749181,3.375214380092218,1,1,canonical_v2_cambridge_prices_freeze_last
2023-07-06,30471.0,-0.0108102843786521,592989070569.8683,120.837247281545,56.0,0.05574350000000001,18454496.147503573,20526005825.033142,28.889647388030536,3.363483309074151,1,1,canonical_v2_cambridge_prices_freeze_last
2023-07-07,30316.0,-0.00508680384628,589994795339.0481,122.321279136109,55.0,0.05574350000000001,18681140.338421077,20544686965.371563,28.717633728539884,3.3575113497181404,1,1,canonical_v2_cambridge_prices_freeze_last
2023-07-08,30158.0,-0.0052117693627127,586941896532.5493,127.636832396895,58.0,0.05574350000000001,19492941.82662005,20564179907.19818,28.5419549518286,3.351375108365294,1,1,canonical_v2_cambridge_prices_freeze_last
2023-07-09,30266.0,0.003581139332847,589065903599.8809,127.501373705976,55.0,0.05574350000000001,19472254.315559108,20583652161.51374,28.618143125314084,3.3540408917060187,1,1,canonical_v2_cambridge_prices_freeze_last
2023-07-10,30266.0,0.0,589087979474.4766,129.657437040861,56.0,0.05574350000000001,19801532.44297873,20603453693.95672,28.59171031346382,3.353116826631828,1,1,canonical_v2_cambridge_prices_freeze_last
2023-07-11,30774.0,0.0167845106720412,598997968708.2572,129.113602707563,57.0,0.05574350000000001,19718477.020627502,20623172170.977345,29.044899773043515,3.368842900691202,1,1,canonical_v2_cambridge_prices_freeze_last
2023-07-12,30572.0,-0.0065639825826996,595088434385.3074,128.699668125155,64.0,0.05574350000000001,19655260.13735501,20642827431.1147,28.827854923029456,3.361342104547431,1,1,canonical_v2_cambridge_prices_freeze_last
2023-07-13,30348.24,-0.0073191155305507,590755017744.7756,127.388084413202,57.0,0.05574350000000001,19454952.557499524,20662282383.6722,28.590985583064317,3.3530914787398416,1,1,canonical_v2_cambridge_prices_freeze_last
2023-07-14,31395.0,0.0344916212604091,611153972000.1007,124.115704365995,60.0,0.05574350000000001,18955188.40089272,20681237572.073093,29.551131544727884,3.3861220356647492,1,1,canonical_v2_cambridge_prices_freeze_last
2023-07-15,30311.71,-0.0345051759834368,590088053449.198,120.41031804304,56.0,0.05574350000000001,18389294.69543069,20699626866.768524,28.507183112393864,3.3501560945494675,1,1,canonical_v2_cambridge_prices_freeze_last
2023-07-16,30290.0,-0.0007162248517157,589687448269.4738,119.849660293789,57.0,0.05574350000000001,18303669.968731035,20717930536.737255,28.462661713429036,3.348593113004953,1,1,canonical_v2_cambridge_prices_freeze_last
2023-07-17,30290.0,0.0,589709468363.8456,118.515553567491,54.0,0.05574350000000001,18099922.63092996,20736030459.368187,28.438879346718206,3.347757200034845,1,1,canonical_v2_cambridge_prices_freeze_last
2023-07-18,29935.0,-0.0117200396170352,582819801723.0193,122.622416544165,56.0,0.05574350000000001,18727130.620903187,20754757589.98909,28.08126277534257,3.3351025487783197,1,1,canonical_v2_cambridge_prices_freeze_last
2023-07-19,29783.0,-0.005077668281276,579882067075.4368,123.12603242497,50.0,0.05574350000000001,18804043.804058403,20773561633.793148,27.914426870937742,3.3291436473295506,1,1,canonical_v2_cambridge_prices_freeze_last
2023-07-20,29962.0,0.006010140012759,583388990141.3911,124.039977927024,56.0,0.05574350000000001,18943623.313904285,20792505257.10705,28.05765745529793,3.33426158777163,1,1,canonical_v2_cambridge_prices_freeze_last
2023-07-21,29734.0,-0.0076096388759094,578971185496.453,120.749459849668,50.0,0.05574350000000001,18441089.082547862,20810946346.189598,27.820512141316453,3.325773595431403,1,1,canonical_v2_cambridge_prices_freeze_last
2023-07-22,29964.0,0.0077352525728122,583471405312.6726,120.256100368573,52.0,0.05574350000000001,18365742.276426166,20829312088.466022,28.01203433097355,3.3326342153734694,1,1,canonical_v2_cambridge_prices_freeze_last
2023-07-23,29877.0,-0.0029034841810172,581798963401.7201,119.269382787083,54.0,0.05574350000000001,18215048.875045925,20847527137.34107,27.907336902304845,3.3288896256651754,1,1,canonical_v2_cambridge_prices_freeze_last
2023-07-24,30250.0,0.0124845198647789,589084362186.8048,120.996138209516,55.0,0.05574350000000001,18478762.274745636,20866005899.615814,28.231773968665994,3.3404480801304484,1,1,canonical_v2_cambridge_prices_freeze_last
2023-07-25,29143.32,-0.0365844628099173,567554133434.2898,117.73328403445,50.0,0.05574350000000001,17980452.927601,20883986352.543415,27.176522903883654,3.30235347205835,1,1,canonical_v2_cambridge_prices_freeze_last
2023-07-26,29228.0,0.0029056401261078,569224398967.9968,116.692858937568,51.0,0.05574350000000001,17821557.21146938,20901807909.754883,27.233261420527146,3.304439072577243,1,1,canonical_v2_cambridge_prices_freeze_last
2023-07-27,29579.0,0.0120090324346517,576081634627.6603,117.132695352533,51.0,0.05574350000000001,17888729.872284725,20919696639.627167,27.5377623562866,3.3155582393199947,1,1,canonical_v2_cambridge_prices_freeze_last
2023-07-28,29139.0,-0.0148754183711417,567533252327.0295,119.781144394961,52.0,0.05574350000000001,18293206.08926167,20937989845.716427,27.105431634505145,3.2997341371199163,1,1,canonical_v2_cambridge_prices_freeze_last
2023-07-29,29341.0,0.0069322900579977,571488766495.0425,118.775410131674,52.0,0.05574350000000001,18139608.42376704,20956129454.140194,27.27072132979864,3.305813647912089,1,1,canonical_v2_cambridge_prices_freeze_last
2023-07-30,29356.0,0.0005112300194267,571802138526.474,120.399470892395,52.0,0.05574350000000001,18387638.09778143,20974517092.237976,27.261754633582502,3.3054847907993854,1,1,canonical_v2_cambridge_prices_freeze_last
2023-07-31,29360.17,0.000142049325521,571904565399.2168,118.478604847816,50.0,0.05574350000000001,18094279.751600638,20992611371.98958,27.243135942692128,3.3048015973678337,1,1,canonical_v2_cambridge_prices_freeze_last
2023-08-01,29206.0,-0.0052509913941233,568922580868.3146,117.934103902538,53.0,0.05574350000000001,18011122.522989392,21010622494.51257,27.077854595545773,3.298716220221208,1,1,canonical_v2_cambridge_prices_freeze_last
2023-08-02,29213.63,0.000261247688831,569092287498.7373,118.639285500862,53.0,0.05574350000000001,18118819.2090885,21028741313.721657,27.062593952182656,3.298152477430868,1,1,canonical_v2_cambridge_prices_freeze_last
2023-08-03,29117.0,-0.0033077026032026,567230896693.9136,119.981926754001,52.0,0.05574350000000001,18323869.956196316,21047065183.677853,26.95059343161084,3.2940053168383954,1,1,canonical_v2_cambridge_prices_freeze_last
2023-08-04,29279.0,0.0055637600027476,570407937309.2728,117.598672186765,54.0,0.05574350000000001,17959894.748062838,21065025078.425915,27.078436184415718,3.298737698386038,1,1,canonical_v2_cambridge_prices_freeze_last
2023-08-05,29062.0,-0.007411455309266,566201322061.626,119.995918834161,50.0,0.05574350000000001,18326006.853512477,21083351085.279427,26.855376062914047,3.290466026719217,1,1,canonical_v2_cambridge_prices_freeze_last
2023-08-06,29032.87,-0.0010023398252013,565654702702.621,119.323528836962,49.0,0.05574350000000001,18223318.16362518,21101574403.44305,26.806279564160178,3.2886361721655484,1,1,canonical_v2_cambridge_prices_freeze_last
2023-08-07,29049.51,0.0005731434749647,565999812835.4293,119.731615680045,49.0,0.05574350000000001,18285641.96893312,21119860045.411983,26.799411152271603,3.2883799153452604,1,1,canonical_v2_cambridge_prices_freeze_last
2023-08-08,29159.0,0.00376908250776,568154090507.7859,118.102613786659,54.0,0.05574350000000001,18036857.675661992,21137896903.087646,26.878458775375837,3.291325176785506,1,1,canonical_v2_cambridge_prices_freeze_last
2023-08-09,29981.33,0.0282015844164753,584198495099.3856,119.045214400826,50.0,0.05574350000000001,18180813.44918478,21156077716.53683,27.61374310147962,3.318313587252294,1,1,canonical_v2_cambridge_prices_freeze_last
2023-08-10,29482.0,-0.016654698107122,574490035455.6909,116.47488527971,53.0,0.05574350000000001,17788267.856409628,21173865984.39324,27.13203322809042,3.3007150677657613,1,1,canonical_v2_cambridge_prices_freeze_last
2023-08-11,29415.0,-0.002272573095448,573205596595.9546,120.229845867669,51.0,0.05574350000000001,18361732.63869701,21192227717.03194,27.047916068553572,3.2976099623452235,1,1,canonical_v2_cambridge_prices_freeze_last
2023-08-12,29382.63,-0.0011004589495154,572595905834.1772,122.034734502536,54.0,0.05574350000000001,18637378.692444153,21210865095.724384,26.99540557398572,3.295666687598351,1,1,canonical_v2_cambridge_prices_freeze_last
2023-08-13,29401.0,0.0006251993099324,572974994038.6014,118.896619760211,54.0,0.05574350000000001,18158119.790694036,21229023215.51508,26.990172285451493,3.2954728103163755,1,1,canonical_v2_cambridge_prices_freeze_last
2023-08-14,29403.75,9.353423352953528e-05,573049680413.8407,122.104794669328,50.0,0.05574350000000001,18648078.41547859,21247671293.930557,26.969999323056808,3.2947251120517795,1,1,canonical_v2_cambridge_prices_freeze_last
2023-08-15,29366.0,-0.0012838498490839,572335027188.4427,127.481133819364,53.0,0.05574350000000001,19469163.2412595,21267140457.171818,26.911705799894545,3.292561351800587,1,1,canonical_v2_cambridge_prices_freeze_last
2023-08-16,29171.0,-0.0066403323571476,568555439160.3876,127.608535903652,52.0,0.05574350000000001,19488620.331904728,21286629077.503723,26.70951032642609,3.28501969398587,1,1,canonical_v2_cambridge_prices_freeze_last
2023-08-17,28939.5,-0.0079359637996641,564064134791.3673,130.782458550062,50.0,0.05574350000000001,19973347.885439403,21306602425.389164,26.47367813646453,3.276150961495551,1,1,canonical_v2_cambridge_prices_freeze_last
2023-08-18,27643.0,-0.0448003593704107,538813651705.0638,129.141359309956,37.0,0.05574350000000001,19722716.0621768,21326325141.45134,25.265189765759867,3.2294275497293143,1,1,canonical_v2_cambridge_prices_freeze_last
2023-08-19,25803.0,-0.0665629634988966,502967084895.382,125.727040474389,39.0,0.05574350000000001,19201274.741600286,21345526416.19294,23.563114588442566,3.159682548197193,1,1,canonical_v2_cambridge_prices_freeze_last
2023-08-20,26120.67,0.0123113591442853,509177978414.8337,128.655087176431,37.0,0.05574350000000001,19648451.649368174,21365174867.842308,23.832146545227697,3.1710353644868934,1,1,canonical_v2_cambridge_prices_freeze_last
2023-08-21,26120.5,-6.508255722348366e-06,509193340665.42377,127.680764185624,38.0,0.05574350000000001,19499651.173647486,21384674519.015957,23.81113353923775,3.1701532670613926,1,1,canonical_v2_cambridge_prices_freeze_last
2023-08-22,26106.0,-0.000555119542122,508929334377.1761,124.763795172055,37.0,0.05574350000000001,19054166.07170808,21403728685.087666,23.777601644322637,3.1687440301764385,1,1,canonical_v2_cambridge_prices_freeze_last
2023-08-23,25857.92,-0.0095027962920402,504111553409.4375,123.263619034017,37.0,0.05574350000000001,18825056.29485679,21422553741.382523,23.531814156947668,3.158353299510021,1,1,canonical_v2_cambridge_prices_freeze_last
2023-08-24,26595.5,0.0285243360641538,518509989449.33246,122.209439783675,41.0,0.05574350000000001,18664060.018030927,21441217801.400555,24.182860985417676,3.185644158510661,1,1,canonical_v2_cambridge_prices_freeze_last
2023-08-25,26013.0,-0.0219022015002537,507172043149.6994,122.445551635404,39.0,0.05574350000000001,18700119.47284423,21459917920.873398,23.633456801639902,3.162663369185235,1,1,canonical_v2_cambridge_prices_freeze_last
2023-08-26,26040.25,0.0010475531465037,507721907416.5792,122.808562274014,38.0,0.05574350000000001,18755559.153757535,21478673480.027157,23.63842012351022,3.1628733596578544,1,1,canonical_v2_cambridge_prices_freeze_last
2023-08-27,25992.5,-0.0018336997532665,506809429618.92926,117.885032860399,38.0,0.05574350000000001,18003628.299325075,21496677108.32648,23.576175381199853,3.160236684379554,1,1,canonical_v2_cambridge_prices_freeze_last
2023-08-28,26098.0,0.0040588631335962,508885097855.2312,112.852513721172,39.0,0.05574350000000001,17235052.32497576,21513912160.651455,23.653768503618444,3.163522447005793,1,1,canonical_v2_cambridge_prices_freeze_last
2023-08-29,25992.47,-0.0040436048739366,506845881726.49817,114.847976905593,39.0,0.05574350000000001,17539803.28941623,21531451963.940872,23.539791119304102,3.1586922283562324,1,1,canonical_v2_cambridge_prices_freeze_last
2023-08-30,27577.0,0.0609611168157546,537763406184.0991,112.160498533037,49.0,0.05574350000000001,17129366.438291367,21548581330.37916,24.955861267115573,3.217108715133696,1,1,canonical_v2_cambridge_prices_freeze_last
2023-08-31,27248.0,-0.0119302317148348,531367154157.1929,111.956983631945,52.0,0.05574350000000001,17098285.25229405,21565679615.631454,24.639481047100503,3.2043500770433826,1,1,canonical_v2_cambridge_prices_freeze_last
2023-09-01,25990.5,-0.0461501761597181,506862952774.5104,113.302943677798,40.0,0.05574350000000001,17303842.851789955,21582983458.483246,23.484378503532913,3.156335455578991,1,1,canonical_v2_cambridge_prices_freeze_last
2023-09-02,25759.76,-0.0088778592177911,502381408409.9431,114.523224729982,39.0,0.05574350000000001,17490206.51434453,21600473664.99759,23.257888516770134,3.146644365531052,1,1,canonical_v2_cambridge_prices_freeze_last
2023-09-03,25869.0,0.0042407227396528,504530251180.7625,119.173408199306,40.0,0.05574350000000001,18200391.451939765,21618674056.449528,23.3377056272443,3.1500703198518116,1,1,canonical_v2_cambridge_prices_freeze_last
2023-09-04,25929.0,0.0023193784065871,505718864151.452,122.523644927141,40.0,0.05574350000000001,18712046.030126262,21637386102.479652,23.372456439805198,3.151558253844521,1,1,canonical_v2_cambridge_prices_freeze_last
2023-09-05,25826.0,-0.0039723861313587,503728288088.0139,118.120976413877,40.0,0.05574350000000001,18039662.05130672,21655425764.53096,23.26106600559485,3.1467809760315366,1,1,canonical_v2_cambridge_prices_freeze_last
2023-09-06,25709.75,-0.00450127778208,501479110485.2709,118.818968416303,42.0,0.05574350000000001,18146260.72853202,21673572025.25949,23.137815487951013,3.1414683131584007,1,1,canonical_v2_cambridge_prices_freeze_last
2023-09-07,25680.5,-0.0011377006777584,500926791307.1143,118.635082045064,41.0,0.05574350000000001,18118177.249257606,21691690202.508747,23.093027174488217,3.139530718042425,1,1,canonical_v2_cambridge_prices_freeze_last
2023-09-08,25996.0,0.0122855863398299,507099399616.855,116.102047514361,46.0,0.05574350000000001,17731327.357854202,21709421529.8666,23.35849432557271,3.1509607006418037,1,1,canonical_v2_cambridge_prices_freeze_last
2023-09-09,25893.0,-0.0039621480227727,505108543969.50806,115.514141016656,41.0,0.05574350000000001,17641541.15003278,21727063071.016632,23.247897901272744,3.1462147150973934,1,1,canonical_v2_cambridge_prices_freeze_last
2023-09-10,25841.0,-0.0020082647819874,504112453970.5568,113.761527899489,40.0,0.05574350000000001,17373878.713603195,21744436949.730236,23.183513794171198,3.1434414137474462,1,1,canonical_v2_cambridge_prices_freeze_last
2023-09-11,25723.5,-0.0045470376533416,501838445497.8064,114.443590597069,40.0,0.05574350000000001,17478044.63684306,21761914994.36708,23.06039912515529,3.1381168228071434,1,1,canonical_v2_cambridge_prices_freeze_last
2023-09-12,25088.56,-0.0246832662740295,489469185451.66864,116.005717041402,30.0,0.05574350000000001,17716615.58328053,21779631609.95036,22.473712788973305,3.112346305701874,1,1,canonical_v2_cambridge_prices_freeze_last
2023-09-13,26069.0,0.0390791659624945,508615669891.43976,117.352922530362,41.0,0.05574350000000001,17922363.38923626,21797553973.339596,23.333612134348805,3.149894901924814,1,1,canonical_v2_cambridge_prices_freeze_last
2023-09-14,26217.0,0.0056772411676704,511521736491.0095,119.186563188869,45.0,0.05574350000000001,18202400.507174574,21815756373.84677,23.44735280891904,3.1547576019068546,1,1,canonical_v2_cambridge_prices_freeze_last
2023-09-15,26591.25,0.0142750886829157,518842543059.494,125.489699546537,45.0,0.05574350000000001,19165027.579924345,21834921401.426697,23.762052242862335,3.1680898646222797,1,1,canonical_v2_cambridge_prices_freeze_last
2023-09-16,26681.0,0.0033751704037983,520612567939.9645,125.948108859676,43.0,0.05574350000000001,19235036.729368083,21854156438.156063,23.82213055961317,3.1706150040755925,1,1,canonical_v2_cambridge_prices_freeze_last
2023-09-17,26549.57,-0.0049259772872081,518066783422.3908,126.177313090502,46.0,0.05574350000000001,19270041.23906959,21873426479.395134,23.68475665714341,3.16483166218924,1,1,canonical_v2_cambridge_prices_freeze_last
2023-09-18,26512.25,-0.0014056724835844,517357257142.8408,126.259138150941,46.0,0.05574350000000001,19282537.719224606,21892709017.114357,23.631486479740953,3.1625799956841454,1,1,canonical_v2_cambridge_prices_freeze_last
2023-09-19,26780.25,0.0101085347339437,522605867012.222,126.943263465381,46.0,0.05574350000000001,19387018.649267033,21912096035.763622,23.85010845878257,3.1717887648620637,1,1,canonical_v2_cambridge_prices_freeze_last
2023-09-20,27189.0,0.0152631136751897,530601624994.5345,128.166477455821,47.0,0.05574350000000001,19573830.235776875,21931669865.999397,24.193398324726957,3.1860797994480214,1,1,canonical_v2_cambridge_prices_freeze_last
2023-09-21,27082.75,-0.0039078303725771,528547205121.75085,126.680529591528,47.0,0.05574350000000001,19346893.428179022,21951016759.427578,24.078483967935064,3.1813186603164416,1,1,canonical_v2_cambridge_prices_freeze_last
2023-09-22,26602.42,-0.0177356435369377,519191814259.3912,121.10102777672,43.0,0.05574350000000001,18494781.2106071,21969511540.638184,23.632378594262974,3.1626177460678995,1,1,canonical_v2_cambridge_prices_freeze_last
2023-09-23,26556.7,-0.0017186406349496,518318202998.4249,122.64507855006,47.0,0.05574350000000001,18730591.605904855,21988242132.244087,23.572516615066316,3.1600814832070094,1,1,canonical_v2_cambridge_prices_freeze_last
2023-09-24,26600.0,0.0016304736657792,519182021660.445,123.639088309675,44.0,0.05574350000000001,18882398.68271334,22007124530.9268,23.59154286289579,3.160888294540561,1,1,canonical_v2_cambridge_prices_freeze_last
2023-09-25,26680.0,0.0030075187969924,520762233207.7703,123.281481751249,47.0,0.05574350000000001,18827784.323289726,22025952315.250088,23.643119977482684,3.1630721625723917,1,1,canonical_v2_cambridge_prices_freeze_last
2023-09-26,26284.0,-0.0148425787106446,513051253384.4224,123.270529839268,46.0,0.05574350000000001,18826111.72628832,22044778426.976376,23.273141759347304,3.147299981494551,1,1,canonical_v2_cambridge_prices_freeze_last
2023-09-27,26152.0,-0.005022066656521,510493048900.5432,124.180098507554,44.0,0.05574350000000001,18965022.797687225,22063743449.774063,23.13719111458263,3.1414413278194777,1,1,canonical_v2_cambridge_prices_freeze_last
2023-09-28,26239.0,0.0033267054144998,512209734373.2646,124.750028569472,46.0,0.05574350000000001,19052063.6097599,22082795513.383823,23.194967958781632,3.143935356818042,1,1,canonical_v2_cambridge_prices_freeze_last
2023-09-29,27100.48,0.032832043904112,529045648258.6705,126.554736861721,48.0,0.05574350000000001,19327682.121236563,22102123195.50506,23.9364174916129,3.1754010436358167,1,1,canonical_v2_cambridge_prices_freeze_last
2023-09-30,26938.0,-0.005995465762968,525892671571.3056,123.929786690889,47.0,0.05574350000000001,18926794.69699609,22121049990.202053,23.773404598978626,3.168567502035964,1,1,canonical_v2_cambridge_prices_freeze_last
2023-10-01,26986.2,0.0017892939342194,526852571353.00085,122.717958724583,48.0,0.05574350000000001,18741722.0059282,22139791712.20798,23.79663630992933,3.169544239173615,1,1,canonical_v2_cambridge_prices_freeze_last
2023-10-02,27071.25,0.0031516108233096,528531979463.9592,123.542855428305,50.0,0.05574350000000001,18867701.812514305,22158659414.020496,23.852164049669,3.1718749490532816,1,1,canonical_v2_cambridge_prices_freeze_last
2023-10-03,27841.0,0.0284342245001616,543579880514.9467,126.366253425398,50.0,0.05574350000000001,19298896.569366228,22177958310.589863,24.509915335867056,3.1990777432650654,1,1,canonical_v2_cambridge_prices_freeze_last
2023-10-04,27394.25,-0.0160464782155813,534876519816.20447,123.104546864253,49.0,0.05574350000000001,18800762.488020517,22196759073.077885,24.0970548022458,3.1820896256529867,1,1,canonical_v2_cambridge_prices_freeze_last
2023-10-05,27651.0,0.0093724047929766,539908951680.0936,122.372423391431,48.0,0.05574350000000001,18688951.187178724,22215448024.265064,24.30331142052018,3.190612613511646,1,1,canonical_v2_cambridge_prices_freeze_last
2023-10-06,27477.0,-0.0062927199739611,536530677535.22906,123.799069414759,50.0,0.05574350000000001,18906831.303894848,22234354855.56896,24.13070588377545,3.1834851325773013,1,1,canonical_v2_cambridge_prices_freeze_last
2023-10-07,27903.0,0.0155038759689922,544868493060.6536,127.63350585589,49.0,0.05574350000000001,19492433.790898096,22253847289.359856,24.484237982578836,3.198029562863936,1,1,canonical_v2_cambridge_prices_freeze_last
2023-10-08,27917.61,0.0005235996129449,545173297392.3167,128.532889916007,50.0,0.05574350000000001,19629789.44940531,22273477078.80926,24.476344464016737,3.197707119043375,1,1,canonical_v2_cambridge_prices_freeze_last
2023-10-09,27907.25,-0.0003710919380276,544990482880.2946,128.479170898169,50.0,0.05574350000000001,19621585.377978314,22293098664.18724,24.446600765993775,3.1964911782798815,1,1,canonical_v2_cambridge_prices_freeze_last
2023-10-10,27588.25,-0.0114307214075195,538780111417.9392,128.260731749102,50.0,0.05574350000000001,19588224.932208408,22312686889.11945,24.146805541410153,3.1841520956313714,1,1,canonical_v2_cambridge_prices_freeze_last
2023-10-11,27404.0,-0.0066785678685672,535200957066.0296,131.740208933764,47.0,0.05574350000000001,20119617.36081993,22332806506.48027,23.96478726982797,3.1765855558698375,1,1,canonical_v2_cambridge_prices_freeze_last
2023-10-12,26710.0,-0.0253247701065537,521665747869.0347,134.619775329748,45.0,0.05574350000000001,20559390.263270706,22353365896.74354,23.337234771656085,3.1500501439036817,1,1,canonical_v2_cambridge_prices_freeze_last
2023-10-13,26736.0,0.0009734181954323,522192188087.8556,131.980171817604,44.0,0.05574350000000001,20156264.95264277,22373522161.696186,23.339739908357238,3.1501574831955157,1,1,canonical_v2_cambridge_prices_freeze_last
2023-10-14,26848.0,0.0041891083183722,524398418221.86334,128.980621663826,47.0,0.05574350000000001,19698167.900595855,22393220329.596783,23.417731371524702,3.1534934863352344,1,1,canonical_v2_cambridge_prices_freeze_last
2023-10-15,26826.0,-0.0008194278903456,523987397823.8232,131.260278955404,45.0,0.05574350000000001,20046321.534111135,22413266651.130894,23.378448397542474,3.1518145893225586,1,1,canonical_v2_cambridge_prices_freeze_last
2023-10-16,26985.5,0.0059457242973235,527121670901.3891,130.104946584546,47.0,0.05574350000000001,19869876.95872779,22433136528.089622,23.497457443873458,3.1568922214190085,1,1,canonical_v2_cambridge_prices_freeze_last
2023-10-17,28395.25,0.0522410183246557,554678804392.4087,131.362685649123,52.0,0.05574350000000001,20061961.2807723,22453198489.370396,24.703776820705524,3.2069561396656088,1,1,canonical_v2_cambridge_prices_freeze_last
2023-10-18,28468.0,0.0025620482298975,556119720089.8403,130.68870983513,50.0,0.05574350000000001,19959030.401902933,22473157519.772297,24.745953905255902,3.2086619970751014,1,1,canonical_v2_cambridge_prices_freeze_last
2023-10-19,28258.32,-0.007365462975973,552043287552.3506,128.776096286924,52.0,0.05574350000000001,19666932.39279493,22492824452.165092,24.543084339024063,3.200430117571718,1,1,canonical_v2_cambridge_prices_freeze_last
2023-10-20,28724.0,0.0164793943872105,561160587566.1504,129.336520999502,53.0,0.05574350000000001,19752521.52968696,22512576973.69478,24.926537207261898,3.215932987256589,1,1,canonical_v2_cambridge_prices_freeze_last
2023-10-21,29835.0,0.0386784570394096,582886136424.3127,130.981022844624,63.0,0.05574350000000001,20003673.005313147,22532580646.700092,25.868592042948116,3.253029570400998,1,1,canonical_v2_cambridge_prices_freeze_last
2023-10-22,29938.0,0.0034523210993799,584919231386.4426,130.489139586871,53.0,0.05574350000000001,19928551.650851354,22552509198.350945,25.935882621398612,3.2556274392812985,1,1,canonical_v2_cambridge_prices_freeze_last
2023-10-23,29929.0,-0.0003006212839868,584764160962.1393,132.983373991494,53.0,0.05574350000000001,20309475.912588622,22572818674.263535,25.905677505346723,3.2544621533834213,1,1,canonical_v2_cambridge_prices_freeze_last
2023-10-24,31540.0,0.0538273914932005,616262366672.7219,128.384524909413,66.0,0.05574350000000001,19607130.861062642,22592425805.124596,27.277388094063646,3.3060580840389724,1,1,canonical_v2_cambridge_prices_freeze_last
2023-10-25,33642.5,0.0666613823715915,657366591456.2351,128.645280562508,72.0,0.05574350000000001,19646953.964482646,22612072759.089077,29.0714875394164,3.369757884208153,1,1,canonical_v2_cambridge_prices_freeze_last
2023-10-26,34686.5,0.0310321765623839,677790143474.0297,130.327428487873,71.0,0.05574350000000001,19903854.821681507,22631976613.91076,29.94834057302028,3.399473916449505,1,1,canonical_v2_cambridge_prices_freeze_last
2023-10-27,34186.0,-0.0144292448070575,668033821390.343,133.472416348824,70.0,0.05574350000000001,20384163.39928951,22652360777.310047,29.490693175763184,3.3840747280023833,1,1,canonical_v2_cambridge_prices_freeze_last
2023-10-28,34091.0,-0.002778915345463,666201012773.4679,135.362935946001,65.0,0.05574350000000001,20672887.177824404,22673033664.487873,29.382967565426394,3.3804151719562507,1,1,canonical_v2_cambridge_prices_freeze_last
2023-10-29,34193.0,0.0029919920213545,668217941089.2882,134.08014720218,72.0,0.05574350000000001,20476977.220725268,22693510641.7086,29.445331383023863,3.382535370638651,1,1,canonical_v2_cambridge_prices_freeze_last
2023-10-30,34577.5,0.0112449916649606,675755961172.8765,135.241583596596,68.0,0.05574350000000001,20654354.01429274,22714164995.722893,29.750420554756126,3.392843268186046,1,1,canonical_v2_cambridge_prices_freeze_last
2023-10-31,34434.0,-0.0041500976068252,672975312330.4858,140.292427387329,66.0,0.05574350000000001,21425728.564563222,22735590724.287457,29.600080353820548,3.3877770759824295,1,1,canonical_v2_cambridge_prices_freeze_last
2023-11-01,34648.0,0.0062147877098217,677181651958.0146,140.93713217615,66.0,0.05574350000000001,21524189.116332103,22757114913.40379,29.756920177924627,3.393061715964566,1,1,canonical_v2_cambridge_prices_freeze_last
2023-11-02,35329.84,0.0196790579542829,690532349410.1964,140.147206860802,72.0,0.05574350000000001,21403550.207246896,22778518463.61104,30.315068581537922,3.411644901818279,1,1,canonical_v2_cambridge_prices_freeze_last
2023-11-03,34908.0,-0.0119400484123335,682311457421.9269,137.617769962854,65.0,0.05574350000000001,21017249.753217403,22799535713.364254,29.9265505227802,3.3987460637284976,1,1,canonical_v2_cambridge_prices_freeze_last
2023-11-04,34611.0,-0.0085080783774492,676530179395.1068,138.471453721027,68.0,0.05574350000000001,21147625.97396731,22820683339.338223,29.645482974162576,3.389309768953169,1,1,canonical_v2_cambridge_prices_freeze_last
2023-11-05,34843.75,0.0067247406893762,681103699937.6163,141.670054642496,70.0,0.05574350000000001,21636122.4409972,22842319461.77922,29.81762430375204,3.395099638280713,1,1,canonical_v2_cambridge_prices_freeze_last
2023-11-06,35088.0,0.0070098654708519,685902332730.617,137.173610952688,74.0,0.05574350000000001,20949416.937373053,22863268878.716595,30.000186603636678,3.401203601764033,1,1,canonical_v2_cambridge_prices_freeze_last
2023-11-07,35029.75,-0.0016601117191062,684787794101.7074,133.537852940013,68.0,0.05574350000000001,20394157.00099073,22883663035.717587,29.924745572108264,3.3986857492227056,1,1,canonical_v2_cambridge_prices_freeze_last
2023-11-08,35499.0,0.0133957564641482,693985492204.211,133.726901593478,66.0,0.05574350000000001,20423028.873906963,22904086064.59149,30.29963694019977,3.4111357302719116,1,1,canonical_v2_cambridge_prices_freeze_last
2023-11-09,35594.0,0.0026761317220203,695867190170.046,133.777945783559,69.0,0.05574350000000001,20430824.440509103,22924516889.032,30.354715588487558,3.4129518790273043,1,1,canonical_v2_cambridge_prices_freeze_last
2023-11-10,36543.25,0.0266688205877394,714450290278.8176,136.320417277817,70.0,0.05574350000000001,20819115.56308491,22945336004.595085,31.13705940657135,3.438398730558725,1,1,canonical_v2_cambridge_prices_freeze_last
2023-11-11,37290.0,0.0204346904011001,729075505240.2272,135.595053315836,70.0,0.05574350000000001,20708336.587702207,22966044341.18279,31.7458023858661,3.4577605082792324,1,1,canonical_v2_cambridge_prices_freeze_last
2023-11-12,36987.0,-0.0081255028157682,723176824197.2709,135.851816846768,73.0,0.05574350000000001,20747550.006569352,22986791891.189358,31.460537321628532,3.448733977002032,1,1,canonical_v2_cambridge_prices_freeze_last
2023-11-13,37086.61,0.0026931083894341,725149898169.6696,135.807466744243,72.0,0.05574350000000001,20740776.773856737,23007532667.963215,31.51793408857799,3.4505567199665865,1,1,canonical_v2_cambridge_prices_freeze_last
2023-11-14,36500.0,-0.015817299019781,713705050864.8195,137.316156576345,69.0,0.05574350000000001,20971186.77839312,23028503854.741608,30.9922457562464,3.4337370363004176,1,1,canonical_v2_cambridge_prices_freeze_last
2023-11-15,35583.0,-0.0251232876712328,695798857705.3575,138.09649589105,60.0,0.05574350000000001,21090361.69507602,23049594216.436684,30.187032846295526,3.4074124562220955,1,1,canonical_v2_cambridge_prices_freeze_last
2023-11-16,37642.0,0.0578647106764467,736086882476.4125,139.783240193386,70.0,0.05574350000000001,21347964.519780863,23070942180.956463,31.9053672235373,3.4627742471596448,1,1,canonical_v2_cambridge_prices_freeze_last
2023-11-17,35974.0,-0.0443122044524733,703493919143.4161,140.298924682004,63.0,0.05574350000000001,21426720.843866557,23092368901.80033,30.464346128151895,3.4165570204191433,1,1,canonical_v2_cambridge_prices_freeze_last
2023-11-18,36411.0,0.0121476622004781,712064682554.4106,139.771249258761,69.0,0.05574350000000001,21346133.24124862,23113715035.04158,30.80702005172617,3.4277425877661987,1,1,canonical_v2_cambridge_prices_freeze_last
2023-11-19,36562.0,0.0041470984043283,715042733390.8739,141.617431773012,66.0,0.05574350000000001,21628085.775449026,23135343120.817028,30.90694309813297,3.430980854395853,1,1,canonical_v2_cambridge_prices_freeze_last
2023-11-20,36620.0,0.0015863464799519,716202115271.8031,147.950118085748,69.0,0.05574350000000001,22595225.77400793,23157938346.591038,30.926851283254738,3.4316247801328656,1,1,canonical_v2_cambridge_prices_freeze_last
2023-11-21,37430.0,0.0221190606226104,732069452137.7485,149.999239273377,71.0,0.05574350000000001,22908171.491604086,23180846518.08264,31.580790268667904,3.4525490328547312,1,1,canonical_v2_cambridge_prices_freeze_last
2023-11-22,36845.0,-0.0156291744589901,720653017445.4701,149.284008010662,62.0,0.05574350000000001,22798940.00148586,23203645458.08413,31.057749901724826,3.435848371494471,1,1,canonical_v2_cambridge_prices_freeze_last
2023-11-23,37624.0,0.0211426245080743,735915240802.0787,149.145396620155,66.0,0.05574350000000001,22777771.004097566,23226423229.088226,31.68439813326211,3.455824387274319,1,1,canonical_v2_cambridge_prices_freeze_last
2023-11-24,37256.0,-0.0097809908568998,728742724041.5989,151.64039475149,66.0,0.05574350000000001,23158811.90364297,23249582040.99187,31.34433654578116,3.445033598312139,1,1,canonical_v2_cambridge_prices_freeze_last
2023-11-25,37861.0,0.0162389950611983,740602638241.0094,153.047587055163,73.0,0.05574350000000001,23373721.010984875,23272955762.002857,31.822457182261818,3.4601722412438103,1,1,canonical_v2_cambridge_prices_freeze_last
2023-11-26,37821.0,-0.0010564961305828,739846019535.2689,150.746948373956,73.0,0.05574350000000001,23022363.05940717,23295978125.062263,31.758529973005437,3.4581613498230133,1,1,canonical_v2_cambridge_prices_freeze_last
2023-11-27,37292.0,-0.0139869384733348,729523290598.077,146.67053878594,66.0,0.05574350000000001,22399805.969353557,23318377931.031616,31.28533608794643,3.443149492174993,1,1,canonical_v2_cambridge_prices_freeze_last
2023-11-28,37028.5,-0.0070658586291966,724393842146.1592,147.010536765371,68.0,0.05574350000000001,22451731.112823177,23340829662.14444,31.03547957084939,3.4351310523271636,1,1,canonical_v2_cambridge_prices_freeze_last
2023-11-29,37968.0,0.0253723483262893,742799303634.6963,147.134619654199,72.0,0.05574350000000001,22470681.289572172,23363300343.434013,31.793423562414265,3.4592594621853894,1,1,canonical_v2_cambridge_prices_freeze_last
2023-11-30,37731.0,-0.0062420986093552,738188391926.8218,146.082913694124,74.0,0.05574350000000001,22310062.738379184,23385610406.172394,31.565923621646604,3.452078172333888,1,1,canonical_v2_cambridge_prices_freeze_last
2023-12-01,37751.37,0.0005398743738571,738612637388.4211,147.155857069846,71.0,0.05574350000000001,22473924.708419073,23408084330.880814,31.553741303555366,3.4516921652707344,1,1,canonical_v2_cambridge_prices_freeze_last
2023-12-02,38794.0,0.0276183354405414,759038303139.4723,143.40135362344,74.0,0.05574350000000001,21900529.74166638,23429984860.62248,32.396021920404536,3.478035635025746,1,1,canonical_v2_cambridge_prices_freeze_last
2023-12-03,39580.0,0.0202608650822291,774444012347.9413,145.921152998341,73.0,0.05574350000000001,22285358.334693216,23452270218.957172,33.02213410972619,3.497178067225008,1,1,canonical_v2_cambridge_prices_freeze_last
2023-12-04,39540.0,-0.0010106114199089,773688246949.2196,149.329774209658,74.0,0.05574350000000001,22805929.503167324,23475076148.46034,32.957858882172935,3.4952297418320852,1,1,canonical_v2_cambridge_prices_freeze_last
2023-12-05,42032.0,0.0630247850278198,822478360538.109,147.812168097013,75.0,0.05574350000000001,22574157.7871667,23497650306.247505,35.00257897358487,3.555421743734378,1,1,canonical_v2_cambridge_prices_freeze_last
2023-12-06,43890.0,0.044204415683289,858865363143.3739,147.608306718416,72.0,0.05574350000000001,22543023.68646034,23520193329.933964,36.5160843321089,3.5977528301565402,1,1,canonical_v2_cambridge_prices_freeze_last
2023-12-07,43824.0,-0.0015037593984962,857603604560.9097,144.860250587194,72.0,0.05574350000000001,22123335.28385548,23542316665.21782,36.42817386055982,3.595342482411868,1,1,canonical_v2_cambridge_prices_freeze_last
2023-12-08,43385.0,-0.0100173420956553,849042151967.0469,139.959505082207,72.0,0.05574350000000001,21374884.031643856,23563691549.249462,36.03179706339731,3.5844018003798426,1,1,canonical_v2_cambridge_prices_freeze_last
2023-12-09,44546.37,0.0267689293534632,871800331602.3726,144.283691539533,73.0,0.05574350000000001,22035282.080367014,23585726831.32983,36.96304709356366,3.6099186863829202,1,1,canonical_v2_cambridge_prices_freeze_last
2023-12-10,43987.75,-0.0125401912658652,860897625690.7946,140.518432187693,74.0,0.05574350000000001,21460244.45110868,23607187075.780937,36.467607213313684,3.5964243929427497,1,1,canonical_v2_cambridge_prices_freeze_last
2023-12-11,43828.0,-0.0036316929145046,857800824409.4546,140.732391223486,74.0,0.05574350000000001,21492920.685387377,23628679996.466324,36.30337473518364,3.5919107048609518,1,1,canonical_v2_cambridge_prices_freeze_last
2023-12-12,41166.0,-0.0607374281281373,805728104986.3109,141.398126323281,67.0,0.05574350000000001,21594593.026580315,23650274589.492905,34.068446095094025,3.5283716214485366,1,1,canonical_v2_cambridge_prices_freeze_last
2023-12-13,41085.0,-0.0019676432006996,804170547954.1573,143.065925265173,65.0,0.05574350000000001,21849302.47950458,23672123891.97241,33.97120392001938,3.525513222228012,1,1,canonical_v2_cambridge_prices_freeze_last
2023-12-14,42985.0,0.0462455884142631,841388989648.9315,147.332383794894,72.0,0.05574350000000001,22500884.208412807,23694624776.18082,35.50969882818079,3.569805865594918,1,1,canonical_v2_cambridge_prices_freeze_last
2023-12-15,42987.0,4.652785855530084e-05,841457226739.4569,151.142917693828,70.0,0.05574350000000001,23082836.25333124,23717707612.43415,35.478016699148355,3.5689132567568778,1,1,canonical_v2_cambridge_prices_freeze_last
2023-12-16,42235.28,-0.0174871472770837,826771107103.3275,150.38728587284,67.0,0.05574350000000001,22967434.712473035,23740675047.146626,34.82508839624156,3.5503380579610417,1,1,canonical_v2_cambridge_prices_freeze_last
2023-12-17,42264.0,0.0006800002272981,827361884319.2972,151.955977984322,73.0,0.05574350000000001,23207008.380189188,23763882055.526814,34.815939684689525,3.5500753188299066,1,1,canonical_v2_cambridge_prices_freeze_last
2023-12-18,42061.75,-0.0047853965549876,823431052057.8501,153.577220198069,65.0,0.05574350000000001,23454607.600304276,23787336663.127117,34.61636179447761,3.5443264545226225,1,1,canonical_v2_cambridge_prices_freeze_last
2023-12-19,42613.0,0.0131057314543499,834251499579.2909,156.333601151261,73.0,0.05574350000000001,23875567.385685805,23811212230.512802,35.03607844502104,3.5563783432816973,1,1,canonical_v2_cambridge_prices_freeze_last
2023-12-20,42496.0,-0.0027456410015722,831989633094.8422,155.929733870766,74.0,0.05574350000000001,23813888.000068616,23835026118.51287,34.906176689633604,3.552663796059816,1,1,canonical_v2_cambridge_prices_freeze_last
2023-12-21,43445.0,0.0223315135542168,850598536244.335,156.098046184594,70.0,0.05574350000000001,23839592.979427174,23858865711.4923,35.651256288961804,3.5737843857614777,1,1,canonical_v2_cambridge_prices_freeze_last
2023-12-22,44017.0,0.0131660720451145,861827265108.8596,157.005504506749,74.0,0.05574350000000001,23978181.754717708,23882843893.247017,36.08562150140525,3.5858944896378064,1,1,canonical_v2_cambridge_prices_freeze_last
2023-12-23,43739.0,-0.0063157416452733,856413672518.4506,159.282359592772,70.0,0.05574350000000001,24325907.430026542,23907169800.677044,35.82246161543543,3.578575116086948,1,1,canonical_v2_cambridge_prices_freeze_last
2023-12-24,43804.91,0.0015068931617092,857733712602.5212,164.022976344278,71.0,0.05574350000000001,25049903.511910304,23932219704.188953,35.84012361596315,3.579068037206896,1,1,canonical_v2_cambridge_prices_freeze_last
2023-12-25,43658.0,-0.0033537336339694,854886505429.7615,161.246516148443,73.0,0.05574350000000001,24625877.1860842,23956845581.37504,35.68443527032552,3.5747146068900877,1,1,canonical_v2_cambridge_prices_freeze_last
2023-12-26,43524.0,-0.0030693114663978,852291891546.371,159.333513474977,71.0,0.05574350000000001,24333719.749020223,23981179301.124058,35.54003249149728,3.570659736949421,1,1,canonical_v2_cambridge_prices_freeze_last
2023-12-27,42328.0,-0.027479091995221,828900164688.4731,158.327379164543,73.0,0.05574350000000001,24180060.987558093,24005359362.111614,34.52979612530822,3.5418226071072687,1,1,canonical_v2_cambridge_prices_freeze_last
2023-12-28,43398.0,0.0252787752787753,849882932210.5227,155.945659673798,73.0,0.05574350000000001,23816320.219250303,24029175682.330864,35.36879264799161,3.5658298677179467,1,1,canonical_v2_cambridge_prices_freeze_last
2023-12-29,42463.0,-0.021544771648463,831600942669.4219,155.016714050671,65.0,0.05574350000000001,23674449.862146795,24052850132.193012,34.57390446865936,3.5430991913990555,1,1,canonical_v2_cambridge_prices_freeze_last
2023-12-30,41927.0,-0.0126227539269481,821132019085.5598,153.189710666829,68.0,0.05574350000000001,23395426.40152434,24076245558.594536,34.10548447377997,3.529458206365118,1,1,canonical_v2_cambridge_prices_freeze_last
2023-12-31,42303.0,0.008967968135092,828524314492.2263,150.880318633777,67.0,0.05574350000000001,23042731.621265616,24099288290.2158,34.37961754366843,3.537463875508546,1,1,canonical_v2_cambridge_prices_freeze_last
2024-01-01,42596.0,0.0069262227265205,834291451249.9102,152.288276785907,65.0,0.05574350000000001,23257757.69045262,24122546047.906254,34.58554704768917,3.5434358794115983,1,1,canonical_v2_cambridge_prices_freeze_last
2024-01-02,43622.0,0.0240867687106771,854416104107.9045,150.164623611367,71.0,0.05574350000000001,22933429.304877363,24145479477.211132,35.38617259244387,3.566321139100605,1,1,canonical_v2_cambridge_prices_freeze_last
2024-01-03,45120.0,0.0343404704048415,883787413377.4642,153.36755979811,70.0,0.05574350000000001,23422587.861934096,24168902065.073067,36.567131224990234,3.5991497829532557,1,1,canonical_v2_cambridge_prices_freeze_last
2024-01-04,42939.0,-0.0483377659574467,841095886281.4307,159.553846836451,68.0,0.05574350000000001,24367369.48254166,24193269434.555607,34.76569748279168,3.548631196136773,1,1,canonical_v2_cambridge_prices_freeze_last
2024-01-05,44488.0,0.0360744311697989,871467748131.15,156.45021518635,72.0,0.05574350000000001,23893376.904767953,24217162811.460373,35.98554277046617,3.5831172680880945,1,1,canonical_v2_cambridge_prices_freeze_last
2024-01-06,43971.0,-0.0116211113109152,861369770258.0157,154.898029512733,70.0,0.05574350000000001,23656324.13189872,24240819135.59227,35.53385574307121,3.570485924918166,1,1,canonical_v2_cambridge_prices_freeze_last
2024-01-07,43924.5,-0.0010575151804598,860488259383.7424,148.390163599804,71.0,0.05574350000000001,22662430.368837465,24263481565.96111,35.46433585981779,3.568527567841676,1,1,canonical_v2_cambridge_prices_freeze_last
2024-01-08,44095.75,0.0038987353299411,863872576714.6816,143.83359236998,71.0,0.05574350000000001,21966542.071988992,24285448108.033096,35.57161362111871,3.5715479495959874,1,1,canonical_v2_cambridge_prices_freeze_last
2024-01-09,47111.0,0.0683796057443177,922975346610.7202,147.111891763873,76.0,0.05574350000000001,22467210.24257385,24307915318.27567,37.97015640896158,3.6368004935125926,1,1,canonical_v2_cambridge_prices_freeze_last
2024-01-10,45399.0,-0.0363397083483687,889465036147.6783,143.783820404105,73.0,0.05574350000000001,21958940.801907476,24329874259.077576,36.55855458504128,3.5989152103843076,1,1,canonical_v2_cambridge_prices_freeze_last
2024-01-11,45947.0,0.0120707504570585,900232242791.433,144.639604414752,76.0,0.05574350000000001,22089637.777243096,24351963896.85482,36.967541780386036,3.610040278457226,1,1,canonical_v2_cambridge_prices_freeze_last
2024-01-12,46153.0,0.0044834265566848,904299187080.018,149.424582381179,71.0,0.05574350000000001,22820408.7889459,24374784305.643764,37.099782124867275,3.6136110969510584,1,1,canonical_v2_cambridge_prices_freeze_last
2024-01-13,43421.0,-0.0591944185643403,850798703556.0215,152.246376018889,64.0,0.05574350000000001,23251358.524956003,24398035664.16872,34.87160668452976,3.5516729360393167,1,1,canonical_v2_cambridge_prices_freeze_last
2024-01-14,42951.0,-0.0108242555445521,841618094732.78,153.730259167919,60.0,0.05574350000000001,23477980.005279165,24421513644.174,34.46215934832346,3.539861891595177,1,1,canonical_v2_cambridge_prices_freeze_last
2024-01-15,42959.0,0.0001862587599823,841803498973.4912,152.394764537697,52.0,0.05574350000000001,23274020.70412908,24444787664.878128,34.436932343780626,3.539129603112104,1,1,canonical_v2_cambridge_prices_freeze_last
2024-01-16,42687.75,-0.0063141600130356,836516668099.4459,148.388281462647,64.0,0.05574350000000001,22662142.925241273,24467449807.803368,34.18896021736834,3.5319027912954666,1,1,canonical_v2_cambridge_prices_freeze_last
2024-01-17,43430.0,0.017387892311026,851090861927.6272,146.607622907238,60.0,0.05574350000000001,22390197.335697595,24489840005.139065,34.75281429968633,3.548260555772861,1,1,canonical_v2_cambridge_prices_freeze_last
2024-01-18,42635.0,-0.0183053189039834,835539761281.3385,142.007586164767,63.0,0.05574350000000001,21687670.902399153,24511527676.041466,34.08762490548592,3.528934412425673,1,1,canonical_v2_cambridge_prices_freeze_last
2024-01-19,41063.0,-0.0368711152808725,804759807709.8107,136.665606828261,51.0,0.05574350000000001,20871833.573236078,24532399509.6147,32.80395818576208,3.4905491845044727,1,1,canonical_v2_cambridge_prices_freeze_last
2024-01-20,41587.0,0.0127608796239924,815056915641.9418,133.97895363747,52.0,0.05574350000000001,20461522.745452903,24552861032.360153,33.196005735043016,3.502429559499261,1,1,canonical_v2_cambridge_prices_freeze_last
2024-01-21,41719.5,0.0031860918075359,817681501676.1084,134.949581458395,56.0,0.05574350000000001,20609758.88774258,24573470791.247894,33.27496993087905,3.504805460625742,1,1,canonical_v2_cambridge_prices_freeze_last
2024-01-22,41672.25,-0.0011325639089634,816783120424.7625,140.849690571522,55.0,0.05574350000000001,21510834.86677709,24594981626.11467,33.20934054114159,3.5028311779539667,1,1,canonical_v2_cambridge_prices_freeze_last
2024-01-23,39811.0,-0.044664015021987,780328752631.6382,144.261916509225,50.0,0.05574350000000001,22031956.555978037,24617013582.670647,31.69875785342854,3.456277495681074,1,1,canonical_v2_cambridge_prices_freeze_last
2024-01-24,39180.0,-0.0158498907337167,767986641419.9683,147.697285180155,48.0,0.05574350000000001,22556612.647780742,24639570195.318428,31.168832708205574,3.439418643870614,1,1,canonical_v2_cambridge_prices_freeze_last
2024-01-25,39767.0,0.0149821337417048,779519111466.6305,152.437173375099,52.0,0.05574350000000001,23280497.463109132,24662850692.781536,31.607015797844674,3.4533791148694486,1,1,canonical_v2_cambridge_prices_freeze_last
2024-01-26,39900.0,0.0033444816053511,782152665968.987,154.525475845289,49.0,0.05574350000000001,23599427.021320187,24686450119.802856,31.68348070189175,3.455795431551411,1,1,canonical_v2_cambridge_prices_freeze_last
2024-01-27,41997.0,0.0525563909774435,823287632257.8706,158.003392008563,55.0,0.05574350000000001,24130581.047751594,24710580700.85061,33.31721104512654,3.5060741116683687,1,1,canonical_v2_cambridge_prices_freeze_last
2024-01-28,42147.0,0.0035716836916923,826256086432.2938,160.855437299932,54.0,0.05574350000000001,24566150.874325372,24735146851.724934,33.40413102801829,3.508679575808086,1,1,canonical_v2_cambridge_prices_freeze_last
2024-01-29,42178.0,0.0007355209148931,826891753509.2537,160.285030036016,55.0,0.05574350000000001,24479037.183048382,24759625888.90798,33.396778982823456,3.50845945769223,1,1,canonical_v2_cambridge_prices_freeze_last
2024-01-30,43171.15,0.023546635686851,846390855112.07,158.859005963001,61.0,0.05574350000000001,24261252.05177684,24783887140.95976,34.15085173274774,3.530787526635435,1,1,canonical_v2_cambridge_prices_freeze_last
2024-01-31,43547.25,0.0087118364926577,853793291907.2795,156.14956197785,60.0,0.05574350000000001,23847460.570170637,24807734601.52993,34.41641510686852,3.53853363390279,1,1,canonical_v2_cambridge_prices_freeze_last
2024-02-01,42447.0,-0.025265659714448,832249717746.9103,152.027104401531,63.0,0.05574350000000001,23217870.943032175,24830952472.47296,33.516624812097874,3.5120415787809365,1,1,canonical_v2_cambridge_prices_freeze_last
2024-02-02,43092.25,0.0152013098687775,844929493489.2615,157.812410501206,63.0,0.05574350000000001,24101413.98568213,24855053886.458645,33.99427325118736,3.526192076640991,1,1,canonical_v2_cambridge_prices_freeze_last
2024-02-03,42972.0,-0.0027905249783893,842600093543.6096,156.402205989573,60.0,0.05574350000000001,23886044.848163735,24878939931.30681,33.86800626835834,3.522470800862048,1,1,canonical_v2_cambridge_prices_freeze_last
2024-02-04,43024.0,0.0012100902913525,843648133518.1176,157.169230617632,60.0,0.05574350000000001,24003186.320367042,24902943117.627174,33.877446915941185,3.522749510272059,1,1,canonical_v2_cambridge_prices_freeze_last
2024-02-05,42877.0,-0.0034166976571216,840793950164.3031,158.658812130399,60.0,0.05574350000000001,24230678.06572849,24927173795.6929,33.73001516560139,3.51838809869105,1,1,canonical_v2_cambridge_prices_freeze_last
2024-02-06,42328.0,-0.0128040674487487,830056299254.3441,163.989737735878,64.0,0.05574350000000001,25044827.247890186,24952218622.940792,33.26583145962017,3.5045307879098937,1,1,canonical_v2_cambridge_prices_freeze_last
2024-02-07,43152.0,0.0194670194670194,846243483160.0979,169.652985002556,62.0,0.05574350000000001,25909729.231479403,24978128352.17227,33.87937924045869,3.5228065473154873,1,1,canonical_v2_cambridge_prices_freeze_last
2024-02-08,44194.0,0.0241472005932517,866707029507.671,168.961251499582,66.0,0.05574350000000001,25804086.364293013,25003932438.536564,34.662828802556064,3.545667896726147,1,1,canonical_v2_cambridge_prices_freeze_last
2024-02-09,45329.5,0.0256935330587861,889005664836.8353,166.757449454627,72.0,0.05574350000000001,25467517.48951781,25029399956.02608,35.518456950574965,3.570052475473565,1,1,canonical_v2_cambridge_prices_freeze_last
2024-02-10,47530.46,0.0485546939630925,932202367885.9373,166.909599075419,74.0,0.05574350000000001,25490754.07139896,25054890710.09748,37.20640327958989,3.616480877638002,1,1,canonical_v2_cambridge_prices_freeze_last
2024-02-11,47953.0,0.0088898781960031,940521101762.4236,164.170882794136,71.0,0.05574350000000001,25072492.068588823,25079963202.16607,37.50089640008699,3.6243648366929886,1,1,canonical_v2_cambridge_prices_freeze_last
2024-02-12,48308.0,0.0074030821846391,947515643758.8524,167.670358124813,70.0,0.05574350000000001,25606938.652412366,25105570140.81848,37.74125177975193,3.6307537079052308,1,1,canonical_v2_cambridge_prices_freeze_last
2024-02-13,49844.0,0.03179597582181,977675610376.4824,162.345075183038,79.0,0.05574350000000001,24793651.228673093,25130363792.047153,38.90415667941429,3.6611011004276928,1,1,canonical_v2_cambridge_prices_freeze_last
2024-02-14,49563.0,-0.005637589278549,972196458674.41,159.149904769356,74.0,0.05574350000000001,24305678.675371498,25154669470.722527,38.64874709667514,3.6545143578631136,1,1,canonical_v2_cambridge_prices_freeze_last
2024-02-15,51765.5,0.0444383915420778,1015433319133.4836,162.755598226407,72.0,0.05574350000000001,24856347.095160875,25179525817.817688,40.32773795982038,3.6970395190360588,1,1,canonical_v2_cambridge_prices_freeze_last
2024-02-16,51368.0,-0.0076788594720421,1007669685742.8387,159.567230196389,72.0,0.05574350000000001,24369413.41493812,25203895231.232628,39.98071236600508,3.6883971469726706,1,1,canonical_v2_cambridge_prices_freeze_last
2024-02-17,52011.39,0.0125251129107615,1020325005045.6342,161.144046647575,76.0,0.05574350000000001,24610227.847394794,25228505459.08002,40.44333924974568,3.6999019636846007,1,1,canonical_v2_cambridge_prices_freeze_last
2024-02-18,51804.0,-0.0039873958377193,1016290555801.3552,160.227065465692,72.0,0.05574350000000001,24470184.72270357,25252975643.802723,40.24438823116518,3.6949705713161123,1,1,canonical_v2_cambridge_prices_freeze_last
2024-02-19,51849.75,0.0008831364373407,1017222083330.0286,155.390119079919,75.0,0.05574350000000001,23731476.994332783,25276707120.797054,40.24345728534723,3.6949474387347387,1,1,canonical_v2_cambridge_prices_freeze_last
2024-02-20,51909.0,0.0011427248925983,1018418515336.4288,158.071273331188,72.0,0.05574350000000001,24140948.013526242,25300848068.81058,40.25234697930446,3.695168312209439,1,1,canonical_v2_cambridge_prices_freeze_last
2024-02-21,52026.0,0.0022539444027047,1020748061570.4106,159.649750650424,78.0,0.05574350000000001,24382016.096936747,25325230084.907516,40.305578987759006,3.6964898957920194,1,1,canonical_v2_cambridge_prices_freeze_last
2024-02-22,51386.0,-0.0123015415369238,1008224939107.8628,157.280609738401,74.0,0.05574350000000001,24020196.353294678,25349250281.26081,39.7733632324891,3.6831974227169026,1,1,canonical_v2_cambridge_prices_freeze_last
2024-02-23,51650.0,0.005137586112949,1013438590608.9705,161.397904471127,76.0,0.05574350000000001,24648997.50105827,25373899278.761868,39.940199158007445,3.687383314405068,1,1,canonical_v2_cambridge_prices_freeze_last
2024-02-24,50993.34,-0.0127136495643757,1000587450891.7534,159.25691177765,72.0,0.05574350000000001,24322020.990897078,25398221299.752766,39.39596553170806,3.673663413388504,1,1,canonical_v2_cambridge_prices_freeze_last
2024-02-25,51568.5,0.0112791199791972,1011906920477.3962,166.338655312694,74.0,0.05574350000000001,25403558.444994956,25423624858.19776,39.80183495160055,3.6839130155391926,1,1,canonical_v2_cambridge_prices_freeze_last
2024-02-26,51543.0,-0.0004944879141336,1011440235740.9108,165.844579701535,72.0,0.05574350000000001,25328102.27011649,25448952960.467876,39.74388405338604,3.682455968970457,1,1,canonical_v2_cambridge_prices_freeze_last
2024-02-27,54669.0,0.0606483906641057,1072818175645.1934,163.86828049999,79.0,0.05574350000000001,25026278.065893684,25473979238.53377,42.11427533953437,3.7403867649122824,1,1,canonical_v2_cambridge_prices_freeze_last
2024-02-28,56731.0,0.0377179022846585,1113319673711.9253,165.679889047308,82.0,0.05574350000000001,25302950.397557847,25499282188.931328,43.66082407587115,3.776451225791841,1,1,canonical_v2_cambridge_prices_freeze_last
2024-02-29,60561.0,0.0675115897833635,1188521184100.9226,165.350505711922,80.0,0.05574350000000001,25252646.342883628,25524534835.27421,46.56387243768371,3.8408249708771245,1,1,canonical_v2_cambridge_prices_freeze_last
2024-03-01,61445.0,0.014596852760027,1205909940077.8684,163.80694068777,80.0,0.05574350000000001,25016910.13213345,25549551745.406345,47.19886877446622,3.8543699256616404,1,1,canonical_v2_cambridge_prices_freeze_last
2024-03-02,62587.0,0.0185857270729921,1228363466023.1514,161.566168096217,80.0,0.05574350000000001,24674695.044579383,25574226440.450924,48.03130483275305,3.8718529823440067,1,1,canonical_v2_cambridge_prices_freeze_last
2024-03-03,61929.8,-0.010500583188202,1215505298463.5122,159.359161024534,83.0,0.05574350000000001,24337636.69197565,25598564077.1429,47.48333909669737,3.8603788936523684,1,1,canonical_v2_cambridge_prices_freeze_last
2024-03-04,62609.0,0.0109672564742659,1228876845348.6057,158.097188497494,82.0,0.05574350000000001,24144905.827424813,25622708982.97032,47.960457505307375,3.8703768694238097,1,1,canonical_v2_cambridge_prices_freeze_last
2024-03-05,67494.0,0.0780239262725805,1324802591874.298,163.574579817417,90.0,0.05574350000000001,24981423.534389548,25647690406.50471,51.653874905566724,3.944565215124635,1,1,canonical_v2_cambridge_prices_freeze_last
2024-03-06,63325.0,-0.0617684534921623,1243012800437.3333,161.628084130156,75.0,0.05574350000000001,24684150.980025623,25672374557.484737,48.418302625416274,3.879877895658294,1,1,canonical_v2_cambridge_prices_freeze_last
2024-03-07,66465.0,0.0495854717726016,1304691415590.4646,168.771679098888,82.0,0.05574350000000001,25775134.50369552,25698149691.988434,50.76985818933146,3.927302835757282,1,1,canonical_v2_cambridge_prices_freeze_last
2024-03-08,67342.0,0.0131949146167156,1321950496190.0334,168.98108899364,81.0,0.05574350000000001,25807115.98443006,25723956807.972862,51.38985833549173,3.9394408443451865,1,1,canonical_v2_cambridge_prices_freeze_last
2024-03-09,68419.0,0.0159929910011582,1343136906550.6,174.963303337642,84.0,0.05574350000000001,26720731.231785886,25750677539.204647,52.15928413944502,3.954302193203762,1,1,canonical_v2_cambridge_prices_freeze_last
2024-03-10,68496.5,0.0011327262894809,1344702810250.133,173.237567185703,79.0,0.05574350000000001,26457173.497030787,25777134712.70168,52.16649659620745,3.9544404611701856,1,1,canonical_v2_cambridge_prices_freeze_last
2024-03-11,69565.5,0.0156066368354588,1365734268882.8398,180.029379808645,82.0,0.05574350000000001,27494432.146200556,25804629144.84788,52.92594058285548,3.9688935888583887,1,1,canonical_v2_cambridge_prices_freeze_last
2024-03-12,72139.0,0.0369939122122315,1416304941547.5757,176.060702855044,81.0,0.05574350000000001,26888328.190685336,25831517473.038567,54.82856138923438,4.004211251414154,1,1,canonical_v2_cambridge_prices_freeze_last
2024-03-13,70954.87,-0.0164145607784971,1393102946653.4822,179.288210964274,81.0,0.05574350000000001,27381239.418868516,25858898712.457436,53.8732512217297,3.986634087975587,1,1,canonical_v2_cambridge_prices_freeze_last
2024-03-14,73192.79,0.0315400479206007,1437088938213.3298,174.004172922743,88.0,0.05574350000000001,26574250.99539432,25885472963.45283,55.51719840090719,4.016692853846585,1,1,canonical_v2_cambridge_prices_freeze_last
2024-03-15,70680.0,-0.0343311137613416,1387797881225.3782,170.834256573443,83.0,0.05574350000000001,26090135.291237596,25911563098.74407,53.55901826287912,3.980784190985062,1,1,canonical_v2_cambridge_prices_freeze_last
2024-03-16,67845.01,-0.0401102150537635,1332176958405.7754,169.114264552995,81.0,0.05574350000000001,25827454.81125994,25937390553.55533,51.361256085306906,3.938884115572271,1,1,canonical_v2_cambridge_prices_freeze_last
2024-03-17,67073.0,-0.011379024043183,1317061512702.799,170.96323112167,79.0,0.05574350000000001,26109832.531591263,25963500386.086918,50.727424773917384,3.9264666869137375,1,1,canonical_v2_cambridge_prices_freeze_last
2024-03-18,68484.0,0.0210367808208966,1344812567551.603,168.113608644701,77.0,0.05574350000000001,25674632.72187915,25989175018.808796,51.745104128097175,3.9463298214496834,1,1,canonical_v2_cambridge_prices_freeze_last
2024-03-19,67365.0,-0.0163395829682845,1322882466639.202,172.163287872144,79.0,0.05574350000000001,26293107.500002354,26015468126.3088,50.84984287872197,3.9288770325924887,1,1,canonical_v2_cambridge_prices_freeze_last
2024-03-20,63736.0,-0.0538707043717063,1251659064958.7468,171.781041967551,74.0,0.05574350000000001,26234730.172378574,26041702856.48118,48.06364130090816,3.872525993166671,1,1,canonical_v2_cambridge_prices_freeze_last
2024-03-21,67057.0,0.0521055604368017,1316920797235.4463,168.504332902063,78.0,0.05574350000000001,25734304.87979767,26067437161.360977,50.5197649114306,3.9223646440951887,1,1,canonical_v2_cambridge_prices_freeze_last
2024-03-22,65472.0,-0.0236366076621381,1285835547874.2476,169.870122548398,75.0,0.05574350000000001,25942890.893908564,26093380052.254887,49.27822862730774,3.8974823735164765,1,1,canonical_v2_cambridge_prices_freeze_last
2024-03-23,63505.0,-0.0300433773216031,1247245706155.311,171.918805790575,73.0,0.05574350000000001,26255769.72763539,26119635821.98252,47.751267079520986,3.8660056022714486,1,1,canonical_v2_cambridge_prices_freeze_last
2024-03-24,65006.0,0.0236359341784111,1276767473565.744,176.016173911363,74.0,0.05574350000000001,26881527.645008396,26146517349.62753,48.831263318666494,3.888370749511714,1,1,canonical_v2_cambridge_prices_freeze_last
2024-03-25,65321.0,0.0048457065501645,1282996447344.6255,173.967489850969,75.0,0.05574350000000001,26568648.686321896,26173085998.31385,49.01968562007858,3.892221964780311,1,1,canonical_v2_cambridge_prices_freeze_last
2024-03-26,70951.0,0.0861897398998789,1393623320441.0105,170.040841651725,81.0,0.05574350000000001,25968963.442775164,26199054961.756626,53.1936484913412,3.9739389999596297,1,1,canonical_v2_cambridge_prices_freeze_last
2024-03-27,69817.0,-0.0159828614113966,1371394222593.6785,167.821435215141,83.0,0.05574350000000001,25630011.43538415,26224684973.19201,52.29402084317032,3.9568820403130003,1,1,canonical_v2_cambridge_prices_freeze_last
2024-03-28,68862.0,-0.0136786169557557,1352679800404.053,173.127664498193,80.0,0.05574350000000001,26440388.947821986,26251125362.13983,51.528449989992765,3.942134082128224,1,1,canonical_v2_cambridge_prices_freeze_last
2024-03-29,70713.5,0.0268871075484302,1389094972691.5813,174.423771608794,79.0,0.05574350000000001,26638332.911437836,26277763695.05127,52.86199346381903,3.9676846206069243,1,1,canonical_v2_cambridge_prices_freeze_last
2024-03-30,69651.55,-0.0150176416101592,1368278862287.1064,173.770523825491,75.0,0.05574350000000001,26538567.65716783,26304302262.70844,52.01730304882152,3.951576414170987,1,1,canonical_v2_cambridge_prices_freeze_last
2024-03-31,69867.46,0.0030998592278277,1372565271803.2988,167.710153199505,75.0,0.05574350000000001,25613016.232538648,26329915278.94098,52.12949822520299,3.9537309732819916,1,1,canonical_v2_cambridge_prices_freeze_last
2024-04-01,70507.5,0.009160773842358,1385184359644.2915,169.527361505082,79.0,0.05574350000000001,25890543.770023398,26355805822.711002,52.557086243618755,3.9618999358744365,1,1,canonical_v2_cambridge_prices_freeze_last
2024-04-02,69763.0,-0.0105591603730099,1370602803740.2698,170.678422207736,79.0,0.05574350000000001,26066335.96804639,26381872158.67905,51.95244656999719,3.95032881114271,1,1,canonical_v2_cambridge_prices_freeze_last
2024-04-03,65655.0,-0.0588850823502429,1289936912953.6748,170.513923222862,71.0,0.05574350000000001,26041213.36759893,26407913372.04665,48.84660498466725,3.888684877295078,1,1,canonical_v2_cambridge_prices_freeze_last
2024-04-04,65733.0,0.0011880283299063,1291511592793.705,167.125367890511,70.0,0.05574350000000001,25523706.698643014,26433437078.745293,48.85901099226287,3.8889388239600313,1,1,canonical_v2_cambridge_prices_freeze_last
2024-04-05,67942.0,0.0336056470874599,1334957271235.5144,166.809596651726,79.0,0.05574350000000001,25475481.509467095,26458912560.25476,50.453973427495264,3.9210615034107277,1,1,canonical_v2_cambridge_prices_freeze_last
2024-04-06,67661.0,-0.0041358806040445,1329479442086.293,165.994442483283,75.0,0.05574350000000001,25350989.601553112,26484263549.856316,50.198845045608444,3.9159920193734243,1,1,canonical_v2_cambridge_prices_freeze_last
2024-04-07,68404.0,0.0109812151756552,1344122592355.6133,170.631552500077,78.0,0.05574350000000001,26059177.9364056,26510322727.79272,50.70185701460627,3.9259625374333935,1,1,canonical_v2_cambridge_prices_freeze_last
2024-04-08,69397.25,0.0145203496871528,1363684188475.804,171.930364558251,76.0,0.05574350000000001,26257535.004802372,26536580262.797523,51.38884419058307,3.939421109811012,1,1,canonical_v2_cambridge_prices_freeze_last
2024-04-09,71702.0,0.0332109701753311,1409019384403.5852,171.605662525927,80.0,0.05574350000000001,26207945.887709625,26562788208.685234,53.04486010029919,3.9711379725300433,1,1,canonical_v2_cambridge_prices_freeze_last
2024-04-10,69131.0,-0.0358567403977574,1358540795549.2097,173.194225327424,78.0,0.05574350000000001,26450554.24531304,26589238762.930546,51.093632565488214,3.933659882116523,1,1,canonical_v2_cambridge_prices_freeze_last
2024-04-11,69802.0,0.0097062099492268,1371771739491.98,173.060957822597,76.0,0.05574350000000001,26430201.376394354,26615668964.306942,51.540006051758475,3.9423583226428867,1,1,canonical_v2_cambridge_prices_freeze_last
2024-04-12,70510.0,0.0101429758459643,1385730680462.5422,171.979059058689,79.0,0.05574350000000001,26264971.722295977,26641933936.02924,52.0131415305609,3.951496408394223,1,1,canonical_v2_cambridge_prices_freeze_last
2024-04-13,67138.0,-0.047823003829244,1319503793300.252,174.484906181943,72.0,0.05574350000000001,26647669.500693537,26668581605.529934,49.47783923486365,3.9015248771055835,1,1,canonical_v2_cambridge_prices_freeze_last
2024-04-14,61952.0,-0.0772438857279037,1217619775720.7903,173.374426410057,72.0,0.05574350000000001,26478074.900243875,26695059680.43018,45.612176571135834,3.8201747109429256,1,1,canonical_v2_cambridge_prices_freeze_last
2024-04-15,64420.0,0.0398372933884296,1266167591943.007,171.512622006018,74.0,0.05574350000000001,26193736.56107525,26721253416.991257,47.38428890981171,3.8582907161579105,1,1,canonical_v2_cambridge_prices_freeze_last
2024-04-16,63155.0,-0.0196367587705681,1241344477362.892,175.648351929244,65.0,0.05574350000000001,26825353.16648716,26748078770.157745,46.408734175997466,3.8374876780696026,1,1,canonical_v2_cambridge_prices_freeze_last
2024-04-17,63039.0,-0.0018367508510807,1239104656683.4968,174.120722079763,67.0,0.05574350000000001,26592050.606173344,26774670820.76392,46.27898751690959,3.8346880247505886,1,1,canonical_v2_cambridge_prices_freeze_last
2024-04-18,60839.0,-0.0348990307587366,1195899902948.817,176.31410405072,57.0,0.05574350000000001,26927028.107263867,26801597848.871185,44.620470379872714,3.7981927308554257,1,1,canonical_v2_cambridge_prices_freeze_last
2024-04-19,63526.0,0.0441657489439339,1248758209925.8472,178.844929401825,66.0,0.05574350000000001,27313540.608522285,26828911389.479706,46.545243368149364,3.840424815218429,1,1,canonical_v2_cambridge_prices_freeze_last
2024-04-20,64069.0,0.0085476812643641,1259473015915.8784,173.108394296647,66.0,0.05574350000000001,26437445.965685327,26855348835.445393,46.89840462074155,3.847983658258337,1,1,canonical_v2_cambridge_prices_freeze_last
2024-04-21,64747.0,0.0105823409137024,1272842419960.714,170.240127922721,72.0,0.05574350000000001,25999398.82427452,26881348234.26967,47.35039362118124,3.8575751326108656,1,1,canonical_v2_cambridge_prices_freeze_last
2024-04-22,64777.0,0.0004633419309003,1273473411973.1365,172.096066513531,73.0,0.05574350000000001,26282841.325197306,26907631075.594868,47.32759299380214,3.8570934867999425,1,1,canonical_v2_cambridge_prices_freeze_last
2024-04-23,66545.01,0.0272937925498246,1308273667088.6858,172.602231583752,71.0,0.05574350000000001,26360143.82544899,26933991219.42032,48.57333086770208,3.883074632711246,1,1,canonical_v2_cambridge_prices_freeze_last
2024-04-24,66352.0,-0.002900442873177,1304521287221.0676,175.897225851408,72.0,0.05574350000000001,26863361.6691725,26960854581.089493,48.38575436462859,3.879205439089298,1,1,canonical_v2_cambridge_prices_freeze_last
2024-04-25,64036.0,-0.0349047504219918,1259027998371.0876,176.038934941166,72.0,0.05574350000000001,26885003.753131196,26987739584.842625,46.65185071958406,3.842712598951954,1,1,canonical_v2_cambridge_prices_freeze_last
2024-04-26,64797.5,0.0118917483915297,1274041208109.3198,173.447591527447,70.0,0.05574350000000001,26489248.817288335,27014228833.659912,47.16185740315696,3.8535854600326322,1,1,canonical_v2_cambridge_prices_freeze_last
2024-04-27,63945.0,-0.0131563717736024,1257320053016.896,175.402612648171,67.0,0.05574350000000001,26787823.39220088,27041016657.052113,46.496774472752506,3.8393829440100005,1,1,canonical_v2_cambridge_prices_freeze_last
2024-04-28,63235.0,-0.0111032918914691,1243399796263.003,175.670416868157,65.0,0.05574350000000001,26828722.966274276,27067845380.018387,45.936415655044584,3.827258171906313,1,1,canonical_v2_cambridge_prices_freeze_last
2024-04-29,63899.0,0.0105005139558789,1256496670162.38,172.279639880651,67.0,0.05574350000000001,26310877.001882385,27094156257.020267,46.37519095420488,3.836764638530009,1,1,canonical_v2_cambridge_prices_freeze_last
2024-04-30,62944.0,-0.0149454608053334,1237757660619.362,167.888165213449,67.0,0.05574350000000001,25640202.568701085,27119796459.58897,45.64037427285771,3.8207927255048983,1,1,canonical_v2_cambridge_prices_freeze_last
2024-05-01,59866.0,-0.0489006100660904,1177268498349.497,163.625698105619,54.0,0.05574350000000001,24989230.41739883,27144785690.00637,43.36996842759825,3.7697672298691045,1,1,canonical_v2_cambridge_prices_freeze_last
2024-05-02,57282.0,-0.0431630641766611,1126490270109.912,163.347924419008,43.0,0.05574350000000001,24946808.287262943,27169732498.293633,41.46122050265531,3.7247585446509293,1,1,canonical_v2_cambridge_prices_freeze_last
2024-05-03,58747.25,0.0255795887015117,1155342625962.4062,161.867753238359,48.0,0.05574350000000001,24720753.70586977,27194453251.999504,42.48449546884927,3.7491391968724392,1,1,canonical_v2_cambridge_prices_freeze_last
2024-05-04,62933.0,0.071250143623744,1237700783521.422,160.124301303283,67.0,0.05574350000000001,24454490.382738516,27218907742.382244,45.472095913467264,3.8170988611987795,1,1,canonical_v2_cambridge_prices_freeze_last
2024-05-05,63882.0,0.015079529022929,1256405139357.3523,158.066730701882,69.0,0.05574350000000001,24140254.25446674,27243047996.63671,46.11837631062654,3.8312114890271434,1,1,canonical_v2_cambridge_prices_freeze_last
2024-05-06,63933.0,0.000798346952193,1257448610590.0342,154.823107963979,71.0,0.05574350000000001,23644881.96928785,27266692878.606,46.11665287713179,3.8311741185506523,1,1,canonical_v2_cambridge_prices_freeze_last
2024-05-07,63308.0,-0.0097758591024978,1245195979988.2349,149.808277718087,68.0,0.05574350000000001,22879007.47665256,27289571886.082653,45.629003825570074,3.8205435631333917,1,1,canonical_v2_cambridge_prices_freeze_last
2024-05-08,62975.25,-0.0052560497883363,1238690948584.7354,147.376002861534,64.0,0.05574350000000001,22507545.795923073,27312079431.878574,45.35322737597706,3.814481339982157,1,1,canonical_v2_cambridge_prices_freeze_last
2024-05-09,61550.0,-0.0226319069793291,1210695872161.034,144.474882955333,55.0,0.05574350000000001,22064481.200056452,27334143913.078632,44.292437912487514,3.7908139607301705,1,1,canonical_v2_cambridge_prices_freeze_last
2024-05-10,62611.0,0.0172380178716491,1231605382285.808,144.031590427503,66.0,0.05574350000000001,21996780.715056203,27356140693.79369,45.0211671328779,3.8071327599066036,1,1,canonical_v2_cambridge_prices_freeze_last
2024-05-11,60495.0,-0.0337959783424638,1190020233003.974,144.872304541374,53.0,0.05574350000000001,22125176.186855022,27378265869.980545,43.46587320962486,3.7719761062780335,1,1,canonical_v2_cambridge_prices_freeze_last
2024-05-12,60991.5,0.008207289858666,1199825528467.6772,142.123836990064,56.0,0.05574350000000001,21705424.951385297,27399971294.93193,43.78929873877658,3.7793894664986567,1,1,canonical_v2_cambridge_prices_freeze_last
2024-05-13,61350.0,0.0058778682275399,1206916606968.5044,144.363842763757,57.0,0.05574350000000001,22047522.929045174,27422018817.860977,44.01268247188259,3.784477830383002,1,1,canonical_v2_cambridge_prices_freeze_last
2024-05-14,63085.0,0.0282803585982069,1241088378073.8003,145.085976052192,66.0,0.05574350000000001,22157808.50976812,27444176626.370747,45.22228503956117,3.811589997186616,1,1,canonical_v2_cambridge_prices_freeze_last
2024-05-15,61579.0,-0.0238725529048109,1211499199748.545,145.754754064228,64.0,0.05574350000000001,22259945.57035423,27466436571.9411,44.10835007939023,3.786649108733309,1,1,canonical_v2_cambridge_prices_freeze_last
2024-05-16,65982.0,0.0715016482891894,1298164911451.193,144.85576454107,70.0,0.05574350000000001,22122650.16628804,27488559222.107388,47.22564398381264,3.8549370497967175,1,1,canonical_v2_cambridge_prices_freeze_last
2024-05-17,65282.0,-0.0106089539571397,1284433801696.2085,146.601890834514,74.0,0.05574350000000001,22389321.92255817,27510948544.029945,46.68809581903489,3.843489224665096,1,1,canonical_v2_cambridge_prices_freeze_last
2024-05-18,66921.0,0.0251064611991054,1316723462067.695,142.368446312532,73.0,0.05574350000000001,21742782.15622638,27532691326.186172,47.82400116531171,3.8675276299082535,1,1,canonical_v2_cambridge_prices_freeze_last
2024-05-19,66984.0,0.0009414085264716,1318005129351.814,145.5489115912,72.0,0.05574350000000001,22228508.91310701,27554919835.09928,47.83193481379494,3.8676935087618807,1,1,canonical_v2_cambridge_prices_freeze_last
2024-05-20,66585.0,-0.0059566463633106,1310196060894.6453,147.152408555729,70.0,0.05574350000000001,22473398.044729535,27577393233.144012,47.50978636080731,3.860935718468183,1,1,canonical_v2_cambridge_prices_freeze_last
2024-05-21,69525.77,0.0441656529248328,1368105373760.1494,147.709047801029,76.0,0.05574350000000001,22558409.05779907,27599951642.201813,49.56912213093311,3.9033681021910387,1,1,canonical_v2_cambridge_prices_freeze_last
2024-05-22,69724.63,0.0028602344138008,1372062228280.662,149.740429963614,76.0,0.05574350000000001,22868645.637470458,27622820287.839283,49.67133022563598,3.905427910029743,1,1,canonical_v2_cambridge_prices_freeze_last
2024-05-23,69406.0,-0.0045698342178367,1365835663200.5835,154.253776412978,76.0,0.05574350000000001,23557932.562950246,27646378220.402233,49.40378274187959,3.900026994984518,1,1,canonical_v2_cambridge_prices_freeze_last
2024-05-24,67745.0,-0.0239316485606432,1333191434004.8677,155.333933844507,74.0,0.05574350000000001,23722896.277428154,27670101116.67966,48.18166107825366,3.8749784731024626,1,1,canonical_v2_cambridge_prices_freeze_last
2024-05-25,68866.0,0.0165473466676506,1355295367001.8735,160.369727161294,76.0,0.05574350000000001,24491972.29045368,27694593088.970116,48.93718288793508,3.8905374937900032,1,1,canonical_v2_cambridge_prices_freeze_last
2024-05-26,69121.5,0.0037101036796096,1360366945039.519,163.084332089733,75.0,0.05574350000000001,24906551.961216528,27719499640.93133,49.07617246563736,3.8933736311789633,1,1,canonical_v2_cambridge_prices_freeze_last
2024-05-27,68743.75,-0.0054650145034468,1352975554643.035,158.51690639575,74.0,0.05574350000000001,24209005.94978491,27743708646.881115,48.76693205885196,3.8870524614248825,1,1,canonical_v2_cambridge_prices_freeze_last
2024-05-28,69586.0,0.0122520229111737,1369595783414.8289,158.222027744402,72.0,0.05574350000000001,24163971.516630344,27767872618.397747,49.32303609414414,3.8983912354879195,1,1,canonical_v2_cambridge_prices_freeze_last
2024-05-29,68247.0,-0.0192423763400684,1343284189092.2812,156.17560846093,72.0,0.05574350000000001,23851438.439018775,27791724056.836765,48.33396396514067,3.8781345012219806,1,1,canonical_v2_cambridge_prices_freeze_last
2024-05-30,67406.0,-0.0123228859876625,1326773188371.369,149.491036247768,73.0,0.05574350000000001,22830557.750897143,27814554614.58766,47.70068069598093,3.864945668148469,1,1,canonical_v2_cambridge_prices_freeze_last
2024-05-31,68462.0,0.0156662611636946,1347601540658.661,147.790975883086,73.0,0.05574350000000001,22570921.271613166,27837125535.859276,48.41022608180953,3.8797110740875587,1,1,canonical_v2_cambridge_prices_freeze_last
2024-06-01,67628.0,-0.0121819403464695,1331227374933.4758,144.947468670757,72.0,0.05574350000000001,22136655.396844774,27859262191.25612,47.78401401280805,3.866691148683102,1,1,canonical_v2_cambridge_prices_freeze_last
2024-06-02,67776.28,0.002192582953806,1334188509756.1829,140.765993860543,73.0,0.05574350000000001,21498052.54456214,27880760243.800682,47.853376238291105,3.868141674203771,1,1,canonical_v2_cambridge_prices_freeze_last
2024-06-03,67683.81,-0.0013643416251231,1332410451436.4448,145.800292933674,73.0,0.05574350000000001,22266900.353830844,27903027144.154514,47.75146598083625,3.8660097676248135,1,1,canonical_v2_cambridge_prices_freeze_last
2024-06-04,69106.0,0.0210122627553028,1360450507438.8755,145.782586673268,73.0,0.05574350000000001,22264196.219784427,27925291340.3743,48.717504532242444,3.8860384014872444,1,1,canonical_v2_cambridge_prices_freeze_last
2024-06-05,70404.0,0.0187827395595172,1386047381155.9102,143.760349638559,75.0,0.05574350000000001,21955356.301580865,27947246696.67588,49.59513172082065,3.9038926781238716,1,1,canonical_v2_cambridge_prices_freeze_last
2024-06-06,71198.0,0.0112777683086189,1401723262414.5876,145.129685725429,78.0,0.05574350000000001,22164483.93489165,27969411180.61077,50.11629502541348,3.914346205216755,1,1,canonical_v2_cambridge_prices_freeze_last
2024-06-07,70686.0,-0.0071912132363268,1391687191663.6038,144.055078999988,77.0,0.05574350000000001,22000367.93489269,27991411548.545666,49.71836412215199,3.906374364294154,1,1,canonical_v2_cambridge_prices_freeze_last
2024-06-08,69278.0,-0.0199190787426081,1364009187721.327,148.684632567696,72.0,0.05574350000000001,22707402.23434894,28014118950.780014,48.69006196903251,3.885474942919873,1,1,canonical_v2_cambridge_prices_freeze_last
2024-06-09,69358.0,0.0011547677473369,1365627453661.42,150.637643935768,75.0,0.05574350000000001,23005669.87598215,28037124620.655994,48.707828357523915,3.885839763731266,1,1,canonical_v2_cambridge_prices_freeze_last
2024-06-10,69726.0,0.0053058046656477,1372916566670.1,148.083082972216,72.0,0.05574350000000001,22615532.426470477,28059740153.082466,48.92834214358468,3.890356822519469,1,1,canonical_v2_cambridge_prices_freeze_last
2024-06-11,69595.0,-0.0018787826635687,1370380413316.835,146.816140952668,74.0,0.05574350000000001,22422042.611493286,28082162195.69396,48.79896368973203,3.8877090767674702,1,1,canonical_v2_cambridge_prices_freeze_last
2024-06-12,67282.0,-0.0332351462030318,1324877420869.0942,150.59288275535,72.0,0.05574350000000001,22998833.86266535,28105161029.556625,47.14000462320051,3.8531219955818137,1,1,canonical_v2_cambridge_prices_freeze_last
2024-06-13,68079.0,0.0118456645165125,1340613750353.37,152.838140212989,70.0,0.05574350000000001,23341733.887569193,28128502763.444195,47.660330932922314,3.864099415266345,1,1,canonical_v2_cambridge_prices_freeze_last
2024-06-14,66681.0,-0.0205349667298285,1313125679836.6729,151.220186466616,74.0,0.05574350000000001,23094636.888498113,28151597400.33269,46.644801755411386,3.8425614903323178,1,1,canonical_v2_cambridge_prices_freeze_last
2024-06-15,65734.85,-0.0141891993221456,1294534259446.857,145.950699029179,74.0,0.05574350000000001,22289870.66118641,28173887270.993877,45.94801728974158,3.827510698572405,1,1,canonical_v2_cambridge_prices_freeze_last
2024-06-16,66013.0,0.0042313932411801,1300052877707.6304,147.900666572778,71.0,0.05574350000000001,22587673.44410863,28196474944.437984,46.10692933316751,3.8309632496217456,1,1,canonical_v2_cambridge_prices_freeze_last
2024-06-17,66542.0,0.0080135730840895,1310512189653.7236,148.050071012995,71.0,0.05574350000000001,22610490.77674764,28219085435.214733,46.440632977365354,3.8381747867403635,1,1,canonical_v2_cambridge_prices_freeze_last
2024-06-18,66371.0,-0.0025698055363529,1307185545862.245,152.012610627664,74.0,0.05574350000000001,23215657.42609093,28242301092.640823,46.2846685747877,3.8348107739617823,1,1,canonical_v2_cambridge_prices_freeze_last
2024-06-19,64885.0,-0.022389296530111,1277958759073.5562,150.259628114388,64.0,0.05574350000000001,22947938.574779145,28265249031.215603,45.21307269085805,3.811386263846777,1,1,canonical_v2_cambridge_prices_freeze_last
2024-06-20,64853.0,-0.0004931802419665,1277368634209.1538,147.963421820539,60.0,0.05574350000000001,22597257.545899224,28287846288.7615,45.15609358060746,3.8101252337819407,1,1,canonical_v2_cambridge_prices_freeze_last
2024-06-21,65059.0,0.0031764143524586,1281466333808.085,149.275164089576,63.0,0.05574350000000001,22797589.340896662,28310643878.102398,45.264471529708594,3.8125224318279587,1,1,canonical_v2_cambridge_prices_freeze_last
2024-06-22,64165.0,-0.0137413732150817,1263896902295.2903,151.360133149951,53.0,0.05574350000000001,23116009.814367928,28333759887.916767,44.6074544040409,3.7979009841638907,1,1,canonical_v2_cambridge_prices_freeze_last
2024-06-23,64261.0,0.0014961427569546,1265827588638.2036,143.0931337908,55.0,0.05574350000000001,21853457.817719076,28355613345.734486,44.64116410405988,3.7986563953329484,1,1,canonical_v2_cambridge_prices_freeze_last
2024-06-24,64080.0,-0.0028166383965391,1262301795535.6194,144.477698146992,51.0,0.05574350000000001,22064911.14152562,28377678256.87601,44.48220830855883,3.795089295934738,1,1,canonical_v2_cambridge_prices_freeze_last
2024-06-25,59471.0,-0.071925717852684,1171546553583.433,140.069963883461,30.0,0.05574350000000001,21391753.51161017,28399070010.387623,41.25299008576381,3.7197235970812472,1,1,canonical_v2_cambridge_prices_freeze_last
2024-06-26,61911.0,0.0410284003968319,1219651443962.4568,137.452412100822,46.0,0.05574350000000001,20991995.98340321,28420062006.371025,42.915157739242204,3.759225090783659,1,1,canonical_v2_cambridge_prices_freeze_last
2024-06-27,60950.0,-0.0155222819854307,1200757268674.379,136.850073776547,40.0,0.05574350000000001,20900005.719350543,28440962012.090374,42.21929160356573,3.742877263586036,1,1,canonical_v2_cambridge_prices_freeze_last
2024-06-28,61406.0,0.0074815422477441,1209778646576.3428,135.94938161511,47.0,0.05574350000000001,20762450.28510106,28461724462.375477,42.50545845089571,3.749632501822136,1,1,canonical_v2_cambridge_prices_freeze_last
2024-06-29,60116.0,-0.0210077191153958,1184401005267.4722,136.275441982846,30.0,0.05574350000000001,20812246.849782947,28482536709.22526,41.583410121046356,3.7277012925601225,1,1,canonical_v2_cambridge_prices_freeze_last
2024-06-30,60939.0,0.0136901989486992,1200653228736.814,137.350333146659,47.0,0.05574350000000001,20976406.289755583,28503513115.51502,42.12299108081786,3.7405936980592127,1,1,canonical_v2_cambridge_prices_freeze_last
2024-07-01,61951.59,0.0166164525180918,1220641969815.0996,135.424354542737,53.0,0.05574350000000001,20682267.143707015,28524195382.658726,42.79321304036462,3.7563795161903366,1,1,canonical_v2_cambridge_prices_freeze_last
2024-07-02,63220.0,0.0204742122034318,1245672558732.7495,138.617999690461,51.0,0.05574350000000001,21170006.75546634,28545365389.414192,43.63834695192575,3.775936281052333,1,1,canonical_v2_cambridge_prices_freeze_last
2024-07-03,61911.0,-0.0207054729515976,1219918401812.8025,141.818283537913,50.0,0.05574350000000001,21658760.242179874,28567024149.656372,42.70372704632858,3.754286200882856,1,1,canonical_v2_cambridge_prices_freeze_last
2024-07-04,59539.0,-0.0383130622991068,1173216198197.1052,142.975588325428,44.0,0.05574350000000001,21835506.048817795,28588859655.70519,41.03753043409615,3.714487024444156,1,1,canonical_v2_cambridge_prices_freeze_last
2024-07-05,58325.0,-0.0203899964729,1149330166751.1453,139.811895018595,29.0,0.05574350000000001,21352340.739641238,28610211996.44483,40.172025530393256,3.693170871057956,1,1,canonical_v2_cambridge_prices_freeze_last
2024-07-06,56344.85,-0.0339502786112302,1110344696769.8137,139.673372619938,26.0,0.05574350000000001,21331185.333258945,28631543181.77809,38.78046983777207,3.6579167652071294,1,1,canonical_v2_cambridge_prices_freeze_last
2024-07-07,57997.14,0.0293245966579021,1142940714551.2424,141.459619071095,29.0,0.05574350000000001,21603984.316957768,28653147166.09505,39.88883691993428,3.6860965083083377,1,1,canonical_v2_cambridge_prices_freeze_last
2024-07-08,57154.0,-0.0145376134064542,1126360157395.7725,142.841032817309,28.0,0.05574350000000001,21814956.47356621,28674962122.56862,39.280266616612934,3.6707222710552085,1,1,canonical_v2_cambridge_prices_freeze_last
2024-07-09,56265.0,-0.0155544668789585,1108874736804.7192,142.52674724734,27.0,0.05574350000000001,21766958.178581096,28696729080.7472,38.641154317084506,3.6543178825286606,1,1,canonical_v2_cambridge_prices_freeze_last
2024-07-10,57930.0,0.0295921087709944,1141724194197.181,140.182975755304,28.0,0.05574350000000001,21409012.90141312,28718138093.648613,39.75620531087591,3.6827659373663932,1,1,canonical_v2_cambridge_prices_freeze_last
2024-07-11,57406.0,-0.0090453996202313,1131432020218.3257,139.109058199696,29.0,0.05574350000000001,21245002.15275275,28739383095.801365,39.368695439521126,3.6729709685042047,1,1,canonical_v2_cambridge_prices_freeze_last
2024-07-12,57558.0,0.0026478068494582,1134463087690.87,142.99088687419,25.0,0.05574350000000001,21837842.472524416,28761220938.273888,39.44419084730814,3.674886782895355,1,1,canonical_v2_cambridge_prices_freeze_last
2024-07-13,57539.0,-0.0003301018103478,1134123825030.0552,141.485716316173,25.0,0.05574350000000001,21607969.938275594,28782828908.212162,39.40279215245841,3.673836680606619,1,1,canonical_v2_cambridge_prices_freeze_last
2024-07-14,58606.0,0.0185439441074748,1155190815707.07,145.043383681413,33.0,0.05574350000000001,22151303.721218757,28804980211.93338,40.10385729161152,3.691472521497149,1,1,canonical_v2_cambridge_prices_freeze_last
2024-07-15,60050.2,0.0246425280687982,1183694365951.984,144.222383573475,52.0,0.05574350000000001,22025919.010213714,28827006130.943592,41.06199445669726,3.7150829846122018,1,1,canonical_v2_cambridge_prices_freeze_last
2024-07-16,63776.0,0.062044755887574,1257175382355.196,143.26455103758,65.0,0.05574350000000001,21879636.988392718,28848885767.931984,43.57795280095894,3.7745513527581713,1,1,canonical_v2_cambridge_prices_freeze_last
2024-07-17,64690.0,0.0143314099347717,1275232006534.0042,146.483588681453,69.0,0.05574350000000001,22371254.590861853,28871257022.522846,44.16960458421256,3.7880368734337155,1,1,canonical_v2_cambridge_prices_freeze_last
2024-07-18,64522.0,-0.0025970010820838,1271959634682.872,145.243912177727,61.0,0.05574350000000001,22181928.817751028,28893438951.3406,44.022438340585815,3.784699466217726,1,1,canonical_v2_cambridge_prices_freeze_last
2024-07-19,63812.0,-0.0110039986361241,1258001947517.605,145.547851188311,60.0,0.05574350000000001,22228346.96634415,28915667298.306942,43.505893692146024,3.7728964160928506,1,1,canonical_v2_cambridge_prices_freeze_last
2024-07-20,66981.0,0.0496615056729141,1320517088446.861,147.854944450912,74.0,0.05574350000000001,22580690.673970997,28938247988.98091,45.63224038130044,3.8206144926009844,1,1,canonical_v2_cambridge_prices_freeze_last
2024-07-21,67378.0,0.0059270539406697,1328384957265.2412,148.949975740994,74.0,0.05574350000000001,22747925.95265233,28960995914.933563,45.86806894234834,3.8257692092347595,1,1,canonical_v2_cambridge_prices_freeze_last
2024-07-22,66895.0,-0.0071685119772032,1318903192659.4663,153.746203700178,70.0,0.05574350000000001,23480415.084824312,28984476330.018387,45.50377856209589,3.8177953678296217,1,1,canonical_v2_cambridge_prices_freeze_last
2024-07-23,68148.0,0.0187308468495404,1343648889350.1672,157.925905585764,71.0,0.05574350000000001,24118747.172657635,29008595077.191044,46.31899220816299,3.835552075864038,1,1,canonical_v2_cambridge_prices_freeze_last
2024-07-24,65845.0,-0.0337940952045547,1298281591571.451,156.222909235484,69.0,0.05574350000000001,23858662.304022476,29032453739.495068,44.71828675663398,3.80038251766204,1,1,canonical_v2_cambridge_prices_freeze_last
2024-07-25,66042.0,0.00299187485762,1302206089222.6455,161.737604172283,68.0,0.05574350000000001,24700877.090897694,29057154616.585964,44.815333999680064,3.8025503576361785,1,1,canonical_v2_cambridge_prices_freeze_last
2024-07-26,65276.0,-0.0115986796281154,1287141934441.571,163.909090945514,68.0,0.05574350000000001,25032510.715400714,29082187127.301365,44.25877355122463,3.7900536241446345,1,1,canonical_v2_cambridge_prices_freeze_last
2024-07-27,67445.0,0.033228138979104,1329952282213.1,162.667577092546,72.0,0.05574350000000001,24842904.338789966,29107030031.640156,45.69178926078699,3.821918615692348,1,1,canonical_v2_cambridge_prices_freeze_last
2024-07-28,67760.0,0.0046704722366373,1336204976123.4355,159.996773117232,71.0,0.05574350000000001,24435014.033590205,29131465045.673744,45.868100832844064,3.8257699045002322,1,1,canonical_v2_cambridge_prices_freeze_last
2024-07-29,68223.0,0.0068329397874853,1345376634729.6963,159.853018809772,74.0,0.05574350000000001,24413059.600061715,29155878105.273808,46.14426737112542,3.8317727359228604,1,1,canonical_v2_cambridge_prices_freeze_last
2024-07-30,67364.0,-0.0125910616654207,1328477823691.527,157.121716574242,67.0,0.05574350000000001,23995929.884537697,29179874035.158344,45.52719528846719,3.8183098460538414,1,1,canonical_v2_cambridge_prices_freeze_last
2024-07-31,66164.0,-0.0178136690220295,1304852920760.954,158.684927388546,61.0,0.05574350000000001,24234666.438036755,29204108701.596382,44.68045692110532,3.7995362006730002,1,1,canonical_v2_cambridge_prices_freeze_last
2024-08-01,64558.0,-0.024273018559942,1273219369488.7983,157.37971156669,52.0,0.05574350000000001,24035331.374569274,29228144032.97095,43.56141697031933,3.774171826698217,1,1,canonical_v2_cambridge_prices_freeze_last
2024-08-02,64665.0,0.0016574243316087,1275368848442.8206,154.135057625145,57.0,0.05574350000000001,23539801.60199253,29251683834.572945,43.599843880968166,3.7750535696368384,1,1,canonical_v2_cambridge_prices_freeze_last
2024-08-03,62539.0,-0.03287713600866,1233476280295.5166,153.016679180041,37.0,0.05574350000000001,23369000.701020867,29275052835.273964,42.13404113174757,3.7408559919165416,1,1,canonical_v2_cambridge_prices_freeze_last
2024-08-04,60363.0,-0.0347942883640608,1190594921545.05,154.006420136686,34.0,0.05574350000000001,23520155.83805303,29298572991.11202,40.63661810103269,3.704669583789685,1,1,canonical_v2_cambridge_prices_freeze_last
2024-08-05,58736.0,-0.0269535974023822,1158539673399.914,152.707685375444,26.0,0.05574350000000001,23321810.574591957,29321894801.68661,39.51107802669267,3.676581088958506,1,1,canonical_v2_cambridge_prices_freeze_last
2024-08-06,54399.0,-0.0738388722418958,1073027336571.8218,152.868282556868,17.0,0.05574350000000001,23346337.28413362,29345241138.970745,36.5656336402304,3.599108827718956,1,1,canonical_v2_cambridge_prices_freeze_last
2024-08-07,56568.0,0.0398720564716263,1115845365818.0007,150.110171644314,29.0,0.05574350000000001,22925113.2960406,29368166252.266785,37.995064323495995,3.63745626506665,1,1,canonical_v2_cambridge_prices_freeze_last
2024-08-08,55146.0,-0.0251378871446754,1087828717509.9514,148.000351026605,20.0,0.05574350000000001,22602897.445072755,29390769149.711857,37.012597797925146,3.611258335718718,1,1,canonical_v2_cambridge_prices_freeze_last
2024-08-09,59523.0,0.0793711239255794,1174206881700.2268,148.041453614209,48.0,0.05574350000000001,22609174.71107852,29413378324.422935,39.92084379934156,3.6868985884779297,1,1,canonical_v2_cambridge_prices_freeze_last
2024-08-10,60777.0,0.0210674865178166,1198981186089.563,146.345995970614,40.0,0.05574350000000001,22350241.168186095,29435728565.59112,40.73217292440695,3.707018269719413,1,1,canonical_v2_cambridge_prices_freeze_last
2024-08-11,61000.0,0.0036691511591555,1203417263269.895,148.198508625899,39.0,0.05574350000000001,22633160.453665208,29458361726.04479,40.85146602724778,3.709942708721972,1,1,canonical_v2_cambridge_prices_freeze_last
2024-08-12,60281.0,-0.0117868852459016,1189269104625.2395,144.305121993576,25.0,0.05574350000000001,22038554.980407957,29480400281.025196,40.34100939228774,3.697368554332198,1,1,canonical_v2_cambridge_prices_freeze_last
2024-08-13,58851.0,-0.0237222342031485,1161092487004.4678,144.763977170227,31.0,0.05574350000000001,22108632.222982332,29502508913.248177,39.35572023446034,3.672641332391515,1,1,canonical_v2_cambridge_prices_freeze_last
2024-08-14,60577.0,0.0293283036821803,1195181886565.776,145.447595001663,30.0,0.05574350000000001,22213035.649247132,29524721948.897423,40.48071608039001,3.7008257145557035,1,1,canonical_v2_cambridge_prices_freeze_last
2024-08-15,59147.0,-0.0236063192300708,1167003688732.36,148.054720659116,29.0,0.05574350000000001,22611200.879620366,29547333149.777042,39.49607508795311,3.676201302108115,1,1,canonical_v2_cambridge_prices_freeze_last
2024-08-16,56679.0,-0.0417265457250579,1118342799622.1355,148.336444092944,27.0,0.05574350000000001,22654226.222726095,29569987375.999767,37.82019875090745,3.632843318396499,1,1,canonical_v2_cambridge_prices_freeze_last
2024-08-17,59276.0,0.0458194392985056,1169620330811.9858,150.080757310806,25.0,0.05574350000000001,22920621.082616206,29592907997.082382,39.52367002686255,3.676899733620165,1,1,canonical_v2_cambridge_prices_freeze_last
2024-08-18,59391.0,0.0019400769282678,1171925227671.96,148.021288899276,31.0,0.05574350000000001,22606095.1171419,29615514092.199524,39.57132819047146,3.6781048204259204,1,1,canonical_v2_cambridge_prices_freeze_last
2024-08-19,59585.0,0.0032664881884461,1175789150765.4805,146.169076425129,28.0,0.05574350000000001,22323221.675901864,29637837313.875427,39.671894352932966,3.6806429861699015,1,1,canonical_v2_cambridge_prices_freeze_last
2024-08-20,59096.0,-0.0082067634471763,1166175259494.8762,145.383232901061,30.0,0.05574350000000001,22203206.14580903,29660040520.021236,39.31806022677818,3.6716839610706544,1,1,canonical_v2_cambridge_prices_freeze_last
2024-08-21,59314.0,0.0036889129551915,1170512824822.3533,146.737719570869,26.0,0.05574350000000001,22410065.94766777,29682450585.968903,39.434507654016365,3.674641261771797,1,1,canonical_v2_cambridge_prices_freeze_last
2024-08-22,61249.0,0.0326229895134368,1208735244157.988,147.078570849567,39.0,0.05574350000000001,22462121.408637915,29704912707.37754,40.691425558634464,3.70601739601859,1,1,canonical_v2_cambridge_prices_freeze_last
2024-08-23,60672.0,-0.0094205619683587,1197384706719.5852,150.538712132705,34.0,0.05574350000000001,22990560.821286142,29727903268.198826,40.2781419166039,3.69580893760574,1,1,canonical_v2_cambridge_prices_freeze_last
2024-08-24,63702.59,0.0499503889767931,1257232767841.906,151.43024710521,56.0,0.05574350000000001,23126717.752080202,29751029985.950905,42.25846192335523,3.74380461595897,1,1,canonical_v2_cambridge_prices_freeze_last
2024-08-25,64167.0,0.0072902844295656,1266436842008.926,148.461411209346,54.0,0.05574350000000001,22673311.440405972,29773703297.39131,42.53541554301334,3.750337035817375,1,1,canonical_v2_cambridge_prices_freeze_last
2024-08-26,64187.91,0.000325868437047,1266888017770.0688,149.21563816113,55.0,0.05574350000000001,22788498.426945068,29796491795.818256,42.51802616400191,3.749928131041631,1,1,canonical_v2_cambridge_prices_freeze_last
2024-08-27,63422.0,-0.0119323093710327,1251809124723.3442,148.538283644277,48.0,0.05574350000000001,22685051.54609522,29819176847.364353,41.980002705339224,3.737193378836011,1,1,canonical_v2_cambridge_prices_freeze_last
2024-08-28,61851.0,-0.0247705843398189,1220838128903.9995,151.371218031314,30.0,0.05574350000000001,23117702.718708362,29842294550.08306,40.90966017559804,3.7113662252726844,1,1,canonical_v2_cambridge_prices_freeze_last
2024-08-29,59315.0,-0.0410017622997203,1170817125938.017,148.243132096675,29.0,0.05574350000000001,22639975.435701378,29864934525.518764,39.20373992240251,3.668772148429274,1,1,canonical_v2_cambridge_prices_freeze_last
2024-08-30,59530.0,0.0036247155019808,1175096628533.3142,146.043699405639,34.0,0.05574350000000001,22304073.857036266,29887238599.3758,39.31767147460241,3.671674073652623,1,1,canonical_v2_cambridge_prices_freeze_last
2024-08-31,59044.0,-0.0081639509491012,1165538513310.0527,145.887475792127,29.0,0.05574350000000001,22280215.087173786,29909518814.462975,38.968815263803165,3.662761717651723,1,1,canonical_v2_cambridge_prices_freeze_last
2024-09-01,58948.0,-0.0016259061039225,1163678698987.1382,146.922896155529,26.0,0.05574350000000001,22438346.470810223,29931957160.933784,38.87746774226758,3.660414847385472,1,1,canonical_v2_cambridge_prices_freeze_last
2024-09-02,58533.0,-0.007040103141752,1155521258070.2036,151.292886025294,26.0,0.05574350000000001,23105739.704523228,29955062900.63831,38.57515712462686,3.6526084714652156,1,1,canonical_v2_cambridge_prices_freeze_last
2024-09-03,58980.0,0.007636717748962,1164380875304.4282,151.690563714395,26.0,0.05574350000000001,23166473.803872272,29978229374.44218,38.84088218689515,3.6594733565249933,1,1,canonical_v2_cambridge_prices_freeze_last
2024-09-04,58215.0,-0.0129704984740589,1149313029052.599,149.289329198462,27.0,0.05574350000000001,22799752.663491692,30001029127.10567,38.309120136622404,3.645687991511262,1,1,canonical_v2_cambridge_prices_freeze_last
2024-09-05,58033.0,-0.0031263420080734,1145754512469.9011,151.419963448019,29.0,0.05574350000000001,23125147.21223191,30024154274.3179,38.16109196620929,3.641816461637372,1,1,canonical_v2_cambridge_prices_freeze_last
2024-09-06,56070.0,-0.0338255819964502,1107032141057.0637,150.50526344695,22.0,0.05574350000000001,22985452.47384948,30047139726.79175,36.8431787891601,3.6066704940153613,1,1,canonical_v2_cambridge_prices_freeze_last
2024-09-07,52851.0,-0.05741037988229,1043508512228.7944,150.9573430355,23.0,0.05574350000000001,23054494.935614783,30070194221.727367,34.70242009527169,3.5468094279004445,1,1,canonical_v2_cambridge_prices_freeze_last
2024-09-08,54179.0,0.025127244517606,1069761289058.727,154.152438198813,29.0,0.05574350000000001,23542455.996535707,30093736677.723904,35.54763904911116,3.570873741923225,1,1,canonical_v2_cambridge_prices_freeze_last
2024-09-09,54415.0,0.0043559312648813,1074453504227.8314,150.498961438333,26.0,0.05574350000000001,22984490.019007444,30116721167.742912,35.6763107857387,3.574486905105257,1,1,canonical_v2_cambridge_prices_freeze_last
2024-09-10,57013.63,0.0477557658733804,1125798794321.8433,148.236559447749,33.0,0.05574350000000001,22638971.64815232,30139360139.391064,37.353108663062315,3.62041613871943,1,1,canonical_v2_cambridge_prices_freeze_last
2024-09-11,57572.0,0.0097936230336501,1136858699562.1902,142.191829597771,37.0,0.05574350000000001,21715808.912831094,30161075948.303894,37.69290928184282,3.629471994054455,1,1,canonical_v2_cambridge_prices_freeze_last
2024-09-12,57487.0,-0.0014764121447926,1135214416999.818,141.755696759389,31.0,0.05574350000000001,21649201.86933425,30182725150.17323,37.6113956361327,3.6273070799068297,1,1,canonical_v2_cambridge_prices_freeze_last
2024-09-13,58196.0,0.0123332231634978,1149249864413.0056,138.754230817882,32.0,0.05574350000000001,21190812.23451125,30203915962.40774,38.04969745788525,3.6388931331035548,1,1,canonical_v2_cambridge_prices_freeze_last
2024-09-14,59868.0,0.0287304969413706,1182303955830.9756,136.188020475546,50.0,0.05574350000000001,20798895.66953041,30224714858.07727,39.117125219628534,3.6665603562605584,1,1,canonical_v2_cambridge_prices_freeze_last
2024-09-15,60030.0,0.0027059530968129,1185538865914.526,134.257548058861,51.0,0.05574350000000001,20504070.21977841,30245218928.29705,39.19756271975107,3.668614569346885,1,1,canonical_v2_cambridge_prices_freeze_last
2024-09-16,59983.0,-0.0007829418624021,1184646264122.3354,131.949613556621,39.0,0.05574350000000001,20151598.036420558,30265370526.33347,39.141971286675364,3.6671953257143555,1,1,canonical_v2_cambridge_prices_freeze_last
2024-09-17,57670.0,-0.0385609255955854,1138999424636.0469,134.342920223858,33.0,0.05574350000000001,20517108.42054419,30285887634.754013,37.60825630644581,3.627223608909354,1,1,canonical_v2_cambridge_prices_freeze_last
2024-09-18,60129.0,0.0426391538061383,1187601055302.2793,138.535288705288,45.0,0.05574350000000001,21157374.97518691,30307045009.7292,39.185643302441214,3.668310437428669,1,1,canonical_v2_cambridge_prices_freeze_last
2024-09-19,60232.0,0.0017129837516007,1189671099759.9905,134.394810774557,49.0,0.05574350000000001,20525033.244963065,30327570042.974163,39.22737951224667,3.6693749599339522,1,1,canonical_v2_cambridge_prices_freeze_last
2024-09-20,63043.0,0.0466695444282108,1245229859667.922,137.943602941121,54.0,0.05574350000000001,21067011.5905435,30348637054.564705,41.030833029802515,3.714323809192241,1,1,canonical_v2_cambridge_prices_freeze_last
2024-09-21,62816.0,-0.0036007169709563,1240783338888.214,137.779626624631,54.0,0.05574350000000001,21041968.813014023,30369679023.37772,40.85599119875762,3.7100534739242708,1,1,canonical_v2_cambridge_prices_freeze_last
2024-09-22,63147.0,0.0052693581253184,1247358848437.162,136.232248361122,52.0,0.05574350000000001,20805650.23703618,30390484673.614758,41.04438813113528,3.714654118419905,1,1,canonical_v2_cambridge_prices_freeze_last
2024-09-23,62955.0,-0.0030405244904746,1243603469758.935,139.826783680908,50.0,0.05574350000000001,21354614.56470328,30411839288.179462,40.8920834407507,3.7109364854079625,1,1,canonical_v2_cambridge_prices_freeze_last
2024-09-24,63302.0,0.0055118735604797,1250495488817.6582,139.734131342788,54.0,0.05574350000000001,21340464.521936174,30433179752.701397,41.089872927480016,3.715761690349286,1,1,canonical_v2_cambridge_prices_freeze_last
2024-09-25,64211.0,0.0143597358693248,1268490227239.69,140.960271053781,59.0,0.05574350000000001,21527722.93009984,30454707475.631496,41.651696318366525,3.7293420957154613,1,1,canonical_v2_cambridge_prices_freeze_last
2024-09-26,63493.0,-0.0111818847238012,1254343627041.3838,141.774017239404,50.0,0.05574350000000001,21651999.808177307,30476359475.439674,41.15792202976986,3.7174164245060513,1,1,canonical_v2_cambridge_prices_freeze_last
2024-09-27,64676.74,0.0186436300064574,1277767338034.9146,139.986623075288,61.0,0.05574350000000001,21379025.543554295,30497738500.983227,41.89711765000936,3.7352170333926433,1,1,canonical_v2_cambridge_prices_freeze_last
2024-09-28,65809.0,0.0175064482223439,1300175348462.2886,138.525304888769,64.0,0.05574350000000001,21155850.227581084,30518894351.210808,42.60230837657149,3.7519084390507116,1,1,canonical_v2_cambridge_prices_freeze_last
2024-09-29,65662.49,-0.0022262912367608,1297319517294.9302,140.460527692416,63.0,0.05574350000000001,21451401.165540256,30540345752.376347,42.47887459473132,3.749006883991678,1,1,canonical_v2_cambridge_prices_freeze_last
2024-09-30,65830.0,0.0025510759643747,1300667896144.1758,138.657639927771,61.0,0.05574350000000001,21176060.688530695,30561521813.064877,42.559002922038644,3.7508914171752803,1,1,canonical_v2_cambridge_prices_freeze_last
2024-10-01,63782.0,-0.0311104359714415,1260241143552.2795,140.171010309058,50.0,0.05574350000000001,21407185.515515007,30582928998.58039,41.20733967667969,3.718616387981326,1,1,canonical_v2_cambridge_prices_freeze_last
2024-10-02,60784.0,-0.0470038568875231,1201040757904.8618,141.776635824923,42.0,0.05574350000000001,21652399.72357972,30604581398.30397,39.24382242886748,3.669794041493932,1,1,canonical_v2_cambridge_prices_freeze_last
2024-10-03,60900.0,0.0019083969465649,1203368680439.7893,146.385163669922,37.0,0.05574350000000001,22356222.93434054,30626937621.23831,39.29118527362366,3.6710002004256945,1,1,canonical_v2_cambridge_prices_freeze_last
2024-10-04,60775.0,-0.0020525451559934,1200934481317.1492,151.601696219125,41.0,0.05574350000000001,23152901.789563823,30650090523.027874,39.182085952237856,3.668219651329859,1,1,canonical_v2_cambridge_prices_freeze_last
2024-10-05,62402.0,0.0267708761826408,1233121259203.6782,155.339562895848,49.0,0.05574350000000001,23723755.956944395,30673814278.984818,40.20110599836656,3.6938945076436944,1,1,canonical_v2_cambridge_prices_freeze_last
2024-10-06,61722.0,-0.0108970866318387,1219720122340.2683,155.508857402999,50.0,0.05574350000000001,23749610.938750897,30697563889.92357,39.733450078122964,3.682193404166616,1,1,canonical_v2_cambridge_prices_freeze_last
2024-10-07,62589.31,0.0140518777745373,1236896265255.2126,158.390445342636,50.0,0.05574350000000001,24189692.575225294,30721753582.498795,40.261252077740544,3.695389519522904,1,1,canonical_v2_cambridge_prices_freeze_last
2024-10-08,63012.0,0.0067533896762881,1245286523408.6938,159.834294070992,49.0,0.05574350000000001,24410199.92204478,30746163782.42084,40.50217556314092,3.7013556902781724,1,1,canonical_v2_cambridge_prices_freeze_last
2024-10-09,62352.0,-0.010474195391354,1232279759638.2214,156.374949021915,49.0,0.05574350000000001,23881882.11178937,30770045664.53263,40.04803155227747,3.690079522550611,1,1,canonical_v2_cambridge_prices_freeze_last
2024-10-10,60373.0,-0.031739158326918,1193203669026.5457,156.864578870389,39.0,0.05574350000000001,23956659.321264468,30794002323.853897,38.74792423790449,3.6570771863104587,1,1,canonical_v2_cambridge_prices_freeze_last
2024-10-11,59733.0,-0.010600765242741,1180589836587.2166,153.510896041966,32.0,0.05574350000000001,23444478.447987214,30817446802.301884,38.3091384617571,3.6456884698602883,1,1,canonical_v2_cambridge_prices_freeze_last
2024-10-12,62990.0,0.0545259739172652,1244999579797.4695,153.207159499551,49.0,0.05574350000000001,23398091.220721163,30840844893.522606,40.368530242793454,3.698050527038195,1,1,canonical_v2_cambridge_prices_freeze_last
2024-10-13,63026.0,0.000571519288776,1245748057216.849,152.007345059065,50.0,0.05574350000000001,23214853.25835614,30864059746.780964,40.362417239902385,3.697899085661787,1,1,canonical_v2_cambridge_prices_freeze_last
2024-10-14,62500.0,-0.0083457620664487,1235387950839.7295,150.524714210858,48.0,0.05574350000000001,22988423.031816337,30887048169.81278,39.99695743172786,3.6888033870141044,1,1,canonical_v2_cambridge_prices_freeze_last
2024-10-15,65906.0,0.0544960000000001,1302750239917.7205,149.865216771845,65.0,0.05574350000000001,22887703.318140667,30909935873.13092,42.14664971369812,3.7411551964417566,1,1,canonical_v2_cambridge_prices_freeze_last
2024-10-16,66452.0,0.0082845264467574,1313581797257.3372,152.215835403399,73.0,0.05574350000000001,23246694.30358733,30933182567.43451,42.465135761369574,3.748683404244867,1,1,canonical_v2_cambridge_prices_freeze_last
2024-10-17,67613.0,0.0174712574489857,1336571272195.6543,152.598049976286,71.0,0.05574350000000001,23305066.846172877,30956487634.28068,43.175804955196476,3.7652802678704442,1,1,canonical_v2_cambridge_prices_freeze_last
2024-10-18,66927.0,-0.0101459778444973,1323049579015.9714,152.067326456499,73.0,0.05574350000000001,23224013.732405074,30979711648.01309,42.70696880746553,3.754362110840177,1,1,canonical_v2_cambridge_prices_freeze_last
2024-10-19,68416.0,0.0222481210871545,1352524927162.286,156.667329289641,72.0,0.05574350000000001,23926534.987005763,31003638183.000095,43.6247165309748,3.775623882644169,1,1,canonical_v2_cambridge_prices_freeze_last
2024-10-20,68238.0,-0.0026017305893358,1349045879651.5815,162.019025148018,73.0,0.05574350000000001,24743856.2420234,31028382039.24212,43.477802933630905,3.7722505304710308,1,1,canonical_v2_cambridge_prices_freeze_last
2024-10-21,68542.0,0.0044549957501685,1355095889845.752,166.918666045504,72.0,0.05574350000000001,25492138.796459053,31053874178.038578,43.636935027065995,3.775903925388098,1,1,canonical_v2_cambridge_prices_freeze_last
2024-10-22,67724.66,-0.0119246593329637,1338976353582.6553,164.77327228091,70.0,0.05574350000000001,25164490.14627646,31079038668.184853,43.08293985146154,3.7631270916372106,1,1,canonical_v2_cambridge_prices_freeze_last
2024-10-23,67482.0,-0.003583037552348,1334218111322.0334,167.447773810897,71.0,0.05574350000000001,25572945.14911709,31104611613.33397,42.89454335286022,3.7587446232720327,1,1,canonical_v2_cambridge_prices_freeze_last
2024-10-24,66585.0,-0.0132924335378322,1316521924424.2173,167.074231406859,69.0,0.05574350000000001,25515897.03678972,31130127510.370758,42.290926177081296,3.744572551861307,1,1,canonical_v2_cambridge_prices_freeze_last
2024-10-25,68147.0,0.0234587369527672,1347445576397.4116,170.820179754843,72.0,0.05574350000000001,26087985.452504363,31156215495.82326,43.24805034738726,3.7669521536886874,1,1,canonical_v2_cambridge_prices_freeze_last
2024-10-26,66766.0,-0.0202650153344975,1320178458389.39,167.87433220206,,0.05574350000000001,25638089.964672692,31181853585.787933,42.338036600591984,3.74568589242063,1,1,canonical_v2_cambridge_prices_freeze_last
2024-10-27,67158.58,0.0058799388910524,1327980124402.5305,167.307173870076,74.0,0.05574350000000001,25551472.45651119,31207405058.244446,42.55336584134545,3.750758955095248,1,1,canonical_v2_cambridge_prices_freeze_last
2024-10-28,67673.0,0.0076597807755911,1338191539163.9082,168.151785560922,72.0,0.05574350000000001,25680463.17374043,31233085521.418186,42.84531985308461,3.757596417447041,1,1,canonical_v2_cambridge_prices_freeze_last
2024-10-29,69626.0,0.0288593678424187,1376851396372.442,171.741306658055,72.0,0.05574350000000001,26228661.71970765,31259314183.137894,44.04611656883861,3.7852371888781624,1,1,canonical_v2_cambridge_prices_freeze_last
2024-10-30,72311.0,0.038563180421107,1429989202191.0334,174.294317359431,77.0,0.05574350000000001,26618562.410206694,31285932745.5481,45.707098261103205,3.822253608838861,1,1,canonical_v2_cambridge_prices_freeze_last
2024-10-31,72843.0,0.0073571102598497,1440552116604.8618,175.756893834956,77.0,0.05574350000000001,26841929.894490056,31312774675.44259,46.00525285721906,3.828755582517863,1,1,canonical_v2_cambridge_prices_freeze_last
2024-11-01,69927.0,-0.0400313001935669,1382925554909.7356,175.324183934001,75.0,0.05574350000000001,26775845.60856161,31339550521.05115,44.12716621384879,3.7870756067135836,1,1,canonical_v2_cambridge_prices_freeze_last
2024-11-02,69198.0,-0.0104251576644214,1368548508027.2358,174.132515219975,72.0,0.05574350000000001,26593851.677163504,31366144372.728313,43.63139095977437,3.775776867438117,1,1,canonical_v2_cambridge_prices_freeze_last
2024-11-03,69415.59,0.0031444550420531,1372892124539.7124,169.160399119011,74.0,0.05574350000000001,25834500.570659157,31391978873.298973,43.7338509330946,3.7781224231322366,1,1,canonical_v2_cambridge_prices_freeze_last
2024-11-04,68326.0,-0.0156966180075686,1351381987521.2742,166.163931646634,70.0,0.05574350000000001,25376874.31162779,31417355747.6106,43.0138678244445,3.761522571244404,1,1,canonical_v2_cambridge_prices_freeze_last
2024-11-05,67059.0,-0.0185434534437841,1326361571514.1626,164.26825464019,70.0,0.05574350000000001,25087362.88365872,31442443110.49426,42.18379490592049,3.742036140323701,1,1,canonical_v2_cambridge_prices_freeze_last
2024-11-06,69162.0,0.0313604437883057,1367996932031.767,163.087716790913,70.0,0.05574350000000001,24907068.879271947,31467350179.37353,43.47353444868302,3.7721523494635885,1,1,canonical_v2_cambridge_prices_freeze_last
2024-11-07,75985.0,0.098652439200717,1502997171614.8003,164.128360260311,77.0,0.05574350000000001,25065997.945673008,31492416177.319206,47.725686182734265,3.865469747355162,1,1,canonical_v2_cambridge_prices_freeze_last
2024-11-08,75968.0,-0.0002237283674408,1502704883207.1926,163.713897030927,75.0,0.05574350000000001,25002700.326420493,31517418877.645626,47.67855163015956,3.86448164541147,1,1,canonical_v2_cambridge_prices_freeze_last
2024-11-09,76532.0,0.0074241786015163,1513905512794.4602,164.754261144967,75.0,0.05574350000000001,25161586.729135532,31542580464.374763,47.99561388150584,3.871109629264087,1,1,canonical_v2_cambridge_prices_freeze_last
2024-11-10,76476.0,-0.0007317200648094,1512841984505.2725,168.685673861752,78.0,0.05574350000000001,25761999.61893856,31568342463.993702,47.922756357283994,3.8695904721296945,1,1,canonical_v2_cambridge_prices_freeze_last
2024-11-11,80421.0,0.0515848109210732,1590928138338.5437,167.545662345294,76.0,0.05574350000000001,25587894.87382164,31593930358.867523,50.35549930849345,3.9191078348188637,1,1,canonical_v2_cambridge_prices_freeze_last
2024-11-12,88029.0,0.0946021561532435,1741484230158.848,168.703999169604,80.0,0.05574350000000001,25764798.295098145,31619695157.16262,55.07593357567079,4.008712843532862,1,1,canonical_v2_cambridge_prices_freeze_last
2024-11-13,88308.0,0.0031694100807688,1747054704465.4275,166.485651408384,84.0,0.05574350000000001,25426007.970639057,31645121165.13326,55.207711019616525,4.011102635911334,1,1,canonical_v2_cambridge_prices_freeze_last
2024-11-14,88640.0,0.0037595687819902,1753674040858.9507,161.929603496966,88.0,0.05574350000000001,24730199.59598117,31669851364.72924,55.37361134608987,4.014103150779345,1,1,canonical_v2_cambridge_prices_freeze_last
2024-11-15,88218.0,-0.0047608303249097,1745375992623.915,163.622404109343,80.0,0.05574350000000001,24988727.351970308,31694840092.08121,55.06814319154707,4.008571385465114,1,1,canonical_v2_cambridge_prices_freeze_last
2024-11-16,91750.0,0.0400371806207349,1815308835435.9,166.901109272584,86.0,0.05574350000000001,25489457.492428184,31720329549.57364,57.22856165787533,4.047053103445305,1,1,canonical_v2_cambridge_prices_freeze_last
2024-11-17,91045.0,-0.007683923705722,1801412618323.2593,167.518805176377,90.0,0.05574350000000001,25583793.195477728,31745913342.769115,56.74470911808161,4.038562420615752,1,1,canonical_v2_cambridge_prices_freeze_last
2024-11-18,90571.0,-0.0052062167060245,1792086253354.0627,171.162528499841,83.0,0.05574350000000001,26140269.609399695,31772053612.378513,56.40448285835257,4.032548638649506,1,1,canonical_v2_cambridge_prices_freeze_last
2024-11-19,91360.0,0.0087113976880017,1807750438476.1345,176.615600163511,90.0,0.05574350000000001,26973073.171821035,31799026685.550335,56.84923807110068,4.040402817663471,1,1,canonical_v2_cambridge_prices_freeze_last
2024-11-20,92314.0,0.0104422066549911,1826680475342.0571,178.390654771001,83.0,0.05574350000000001,27244162.915691223,31826270848.466026,57.395366363825815,4.049963574698165,1,1,canonical_v2_cambridge_prices_freeze_last
2024-11-21,94413.31,0.0227409710336459,1868275278839.4707,181.499334857147,82.0,0.05574350000000001,27718926.50029966,31853989774.966328,58.65121738400651,4.0716083316446205,1,1,canonical_v2_cambridge_prices_freeze_last
2024-11-22,98081.0,0.0388471710185778,1940908887061.7795,180.588868475694,94.0,0.05574350000000001,27579878.32842425,31881569653.29475,60.87871168730864,4.108883551820138,1,1,canonical_v2_cambridge_prices_freeze_last
2024-11-23,99402.0,0.0134684597424576,1967107071709.1567,178.03255411909,93.0,0.05574350000000001,27189473.097363,31908759126.392113,61.64787116657693,4.121438698058379,1,1,canonical_v2_cambridge_prices_freeze_last
2024-11-24,98074.0,-0.0133598921550873,1940883074792.7405,175.960315648495,80.0,0.05574350000000001,26872996.86397776,31935632123.256092,60.77484445280027,4.107175960804429,1,1,canonical_v2_cambridge_prices_freeze_last
2024-11-25,95926.0,-0.0219018292309888,1898429266419.3464,178.864640716288,82.0,0.05574350000000001,27316550.958269592,31962948674.214363,59.394684945036886,4.084204743325328,1,1,canonical_v2_cambridge_prices_freeze_last
2024-11-26,93723.0,-0.022965619331568,1854884453332.7344,173.536841546468,79.0,0.05574350000000001,26502879.251357645,31989451553.46572,57.98425303517831,4.06017147429031,1,1,canonical_v2_cambridge_prices_freeze_last
2024-11-27,91654.0,-0.0220756911323795,1813989175397.4507,171.898802012126,75.0,0.05574350000000001,26252714.71222725,32015704268.177948,56.65935567753441,4.037057122603409,1,1,canonical_v2_cambridge_prices_freeze_last
2024-11-28,96412.0,0.051912627926768,1908213402099.6843,172.340808384165,77.0,0.05574350000000001,26320218.773048505,32042024486.950996,59.553459328913426,4.086874385279716,1,1,canonical_v2_cambridge_prices_freeze_last
2024-11-29,95136.0,-0.0132348670290005,1883012975505.871,168.771682492847,78.0,0.05574350000000001,25775135.022027444,32067799621.973022,58.7197437212256,4.072776019876191,1,1,canonical_v2_cambridge_prices_freeze_last
2024-11-30,97464.46,0.0244750672721156,1929155676773.8904,173.00753118829,84.0,0.05574350000000001,26422041.958340943,32094221663.931362,60.109127960001125,4.096161709542762,1,1,canonical_v2_cambridge_prices_freeze_last
2024-12-01,96886.32,-0.0059318032439722,1917767779368.3372,177.003192752938,81.0,0.05574350000000001,27032267.055406578,32121253930.98677,59.70401353224578,4.089399246484658,1,1,canonical_v2_cambridge_prices_freeze_last
2024-12-02,97378.66,0.005081625558696,1927568887069.384,169.820089242052,80.0,0.05574350000000001,25935249.711409114,32147189180.69818,59.96072864207783,4.0936898252966145,1,1,canonical_v2_cambridge_prices_freeze_last
2024-12-03,95410.0,-0.0202165443640321,1888654682508.5195,172.823889226128,76.0,0.05574350000000001,26393995.8056895,32173583176.503872,58.702031170957355,4.072474328807071,1,1,canonical_v2_cambridge_prices_freeze_last
2024-12-04,96083.0,0.0070537679488522,1902031750627.6812,175.137826254648,78.0,0.05574350000000001,26747384.706372526,32200330561.210243,59.06870263372208,4.078701217877036,1,1,canonical_v2_cambridge_prices_freeze_last
2024-12-05,97876.0,0.0186609493875087,1937581403719.249,177.26986857224,84.0,0.05574350000000001,27072994.297963455,32227403555.508205,60.12216902245864,4.096378642451845,1,1,canonical_v2_cambridge_prices_freeze_last
2024-12-06,99009.0,0.0115758715108913,1960067152594.1465,180.279806026359,72.0,0.05574350000000001,27532677.718439303,32254936233.226646,60.7679748123337,4.10706292014081,1,1,canonical_v2_cambridge_prices_freeze_last
2024-12-07,100578.0,0.0158470442081022,1991185847889.84,177.001779334533,75.0,0.05574350000000001,27032051.195437104,32281968284.422085,61.681054585841416,4.121976826804134,1,1,canonical_v2_cambridge_prices_freeze_last
2024-12-08,99975.0,-0.0059953468949471,1979305051110.3345,175.346835781126,79.0,0.05574350000000001,26779305.042096436,32308747589.46418,61.262202925989676,4.115163061025617,1,1,canonical_v2_cambridge_prices_freeze_last
2024-12-09,99995.0,0.0002000500125032,1979758048555.2568,182.503863789646,78.0,0.05574350000000001,27872340.085364748,32336619929.549545,61.22340717330611,4.114529586547277,1,1,canonical_v2_cambridge_prices_freeze_last
2024-12-10,97008.95,-0.0298619930996549,1920693835304.674,181.982424827714,78.0,0.05574350000000001,27792704.927078564,32364412634.476624,59.34585796433176,4.083382328634257,1,1,canonical_v2_cambridge_prices_freeze_last
2024-12-11,96896.22,-0.0011620577276632,1918517095638.6328,181.113358993922,74.0,0.05574350000000001,27659979.526240256,32392072614.002865,59.22798205908168,4.081394100133643,1,1,canonical_v2_cambridge_prices_freeze_last
2024-12-12,101633.0,0.0488850855069475,2012361857178.7705,179.896665615342,83.0,0.05574350000000001,27474163.78007895,32419546777.782944,62.07248580531787,4.128302828041848,1,1,canonical_v2_cambridge_prices_freeze_last
2024-12-13,99776.53,-0.0182664095323369,1975660036243.1555,185.80631503474,76.0,0.05574350000000001,28376696.772983648,32447923474.555927,60.88710230694335,4.109021367507033,1,1,canonical_v2_cambridge_prices_freeze_last
2024-12-14,101324.35,0.0155128666029977,2006365845544.9463,188.761138062117,83.0,0.05574350000000001,28827963.01250855,32476751437.568436,61.77852638376952,4.123555834563832,1,1,canonical_v2_cambridge_prices_freeze_last
2024-12-15,101066.77,-0.002542133258195,2001322881039.3533,187.196817811678,80.0,0.05574350000000001,28589057.023795266,32505340494.59223,61.56904836521569,4.1201592826597,1,1,canonical_v2_cambridge_prices_freeze_last
2024-12-16,103128.88,0.0204034421996468,2042215386656.7969,185.003006443982,83.0,0.05574350000000001,28254013.944411263,32533594508.536644,62.772510001036935,4.139517238801549,1,1,canonical_v2_cambridge_prices_freeze_last
2024-12-17,106085.0,0.0286643275869959,2100814399360.839,182.921414342353,87.0,0.05574350000000001,27936109.206556045,32561530617.7432,64.51829381190325,4.1669488085785105,1,1,canonical_v2_cambridge_prices_freeze_last
2024-12-18,106415.0,0.0031107131074139,2107409870931.0132,184.377679072825,81.0,0.05574350000000001,28158512.7490302,32589689130.49223,64.66492707226334,4.169218969089,1,1,canonical_v2_cambridge_prices_freeze_last
2024-12-19,100940.0,-0.0514495136963774,1999041961744.666,184.972578292189,75.0,0.05574350000000001,28249366.898714084,32617938497.390945,61.2865819801753,4.115560927957156,1,1,canonical_v2_cambridge_prices_freeze_last
2024-12-20,97282.3,-0.0362363780463641,1926659122629.1628,182.832658416423,74.0,0.05574350000000001,27922554.231331166,32645861051.622276,59.016949180252084,4.077824676891936,1,1,canonical_v2_cambridge_prices_freeze_last
2024-12-21,96562.0,-0.0074042246122881,1912448472151.616,181.515612532275,73.0,0.05574350000000001,27721412.458062664,32673582464.080338,58.531949297389225,4.069572746992349,1,1,canonical_v2_cambridge_prices_freeze_last
2024-12-22,96837.0,0.0028479111865951,1917949851873.7112,185.837576272217,73.0,0.05574350000000001,28381471.049124192,32701963935.129463,58.6493782354579,4.071576973772325,1,1,canonical_v2_cambridge_prices_freeze_last
2024-12-23,95555.0,-0.0132387413901711,1892612753645.7712,184.234762819965,70.0,0.05574350000000001,28136686.30480745,32730100621.43427,57.82483761771078,4.057418399945999,1,1,canonical_v2_cambridge_prices_freeze_last
2024-12-24,93943.02,-0.0168696562189314,1860738232347.9763,183.105006193622,73.0,0.05574350000000001,27964147.706175804,32758064769.140446,56.8024468313792,4.039579402816514,1,1,canonical_v2_cambridge_prices_freeze_last
2024-12-25,98324.0,0.0466344386203465,1947568375214.1963,183.913769563953,73.0,0.05574350000000001,28087663.599145796,32786152432.73959,59.40216312998636,4.084330642035278,1,1,canonical_v2_cambridge_prices_freeze_last
2024-12-26,98429.0,0.0010678979699767,1949703872507.5493,180.971947227293,79.0,0.05574350000000001,27638382.850040022,32813790815.58963,59.417209168690654,4.08458390105346,1,1,canonical_v2_cambridge_prices_freeze_last
2024-12-27,95692.0,-0.0278068455434882,1895542876708.2776,181.759301733569,74.0,0.05574350000000001,27758629.14023344,32841549444.729862,57.71782722670713,4.0555660898622,1,1,canonical_v2_cambridge_prices_freeze_last
2024-12-28,94401.0,-0.0134912009363373,1870023090053.5684,180.678248614262,72.0,0.05574350000000001,27593528.634600315,32869142973.364464,56.89296771652803,4.041171743275194,1,1,canonical_v2_cambridge_prices_freeze_last
2024-12-29,94997.0,0.0063134924418173,1881883141301.972,180.462210858983,73.0,0.05574350000000001,27560534.934295125,32896703508.29876,57.20582735067161,4.0466557699566605,1,1,canonical_v2_cambridge_prices_freeze_last
2024-12-30,93792.0,-0.0126846110929819,1858065154146.0552,183.619749796415,65.0,0.05574350000000001,28042760.336373866,32924746268.63513,56.43369698238467,4.03306644432,1,1,canonical_v2_cambridge_prices_freeze_last
2024-12-31,91923.0,-0.0199270726714432,1821091243260.53,183.095410393367,64.0,0.05574350000000001,27962682.21715796,32952708950.85229,55.26377955683759,4.012117713045585,1,1,canonical_v2_cambridge_prices_freeze_last
2025-01-01,93700.65,0.0193384680656636,1856361224926.3245,180.369989706162,66.0,0.05574350000000001,27546450.742973816,32980255401.595264,56.28704818448834,4.030464458670994,1,1,canonical_v2_cambridge_prices_freeze_last
2025-01-02,94777.0,0.0114871134832041,1877738905707.4363,185.884851067157,70.0,0.05574350000000001,28388690.94647142,33008644092.541737,56.88627804411115,4.041054152894279,1,1,canonical_v2_cambridge_prices_freeze_last
2025-01-03,97102.1,0.024532323242981,1923858937468.0715,182.256271417443,74.0,0.05574350000000001,27834527.30344722,33036478619.845184,58.23438265337394,4.064475947543225,1,1,canonical_v2_cambridge_prices_freeze_last
2025-01-04,98231.0,0.0116259071636966,1946280886887.268,182.796225448511,73.0,0.05574350000000001,27916990.1186002,33064395609.963783,58.86334381689912,4.075218550857011,1,1,canonical_v2_cambridge_prices_freeze_last
2025-01-05,98354.0,0.0012521505431075,1948773310575.9023,181.867097739667,72.0,0.05574350000000001,27775091.953016788,33092170701.9168,58.88925595512607,4.075658662390776,1,1,canonical_v2_cambridge_prices_freeze_last
2025-01-06,97707.83,-0.0065698395591434,1936025179612.579,176.489406923517,76.0,0.05574350000000001,26953800.698194716,33119124502.614998,58.45641177681843,4.068281378682295,1,1,canonical_v2_cambridge_prices_freeze_last
2025-01-07,101653.61,0.0403834574977255,2014265761009.7776,176.64089974595,78.0,0.05574350000000001,26976936.972570863,33146101439.58757,60.76931142810262,4.107084915296541,1,1,canonical_v2_cambridge_prices_freeze_last
2025-01-08,96454.46,-0.0511457487835403,1911298870435.6987,174.045783595401,70.0,0.05574350000000001,26580605.857123937,33172682045.444695,57.61665179249985,4.053811619542126,1,1,canonical_v2_cambridge_prices_freeze_last
2025-01-09,94474.61,-0.0205262670072489,1872120140956.1328,171.450667761874,69.0,0.05574350000000001,26184274.790093217,33198866320.234787,56.391086457523734,4.032311104480867,1,1,canonical_v2_cambridge_prices_freeze_last
2025-01-10,92114.0,-0.0249867133613994,1825393761681.12,171.450667761874,50.0,0.05574350000000001,26184274.790093217,33225050595.02488,54.94028538678748,4.0062468751710645,1,1,canonical_v2_cambridge_prices_freeze_last
2025-01-11,94649.08,0.0275211151399352,1875683782623.1416,169.547582690478,69.0,0.05574350000000001,25893631.98823743,33250944227.01312,56.40994041604789,4.0326453914855565,1,1,canonical_v2_cambridge_prices_freeze_last
2025-01-12,94925.48,0.0029202608202847,1881214547449.6824,172.355819669286,62.0,0.05574350000000001,26322511.325300947,33277266738.33842,56.53152232248549,4.034798399786584,1,1,canonical_v2_cambridge_prices_freeze_last
2025-01-13,95118.1,0.0020291706715627,1885085214578.735,171.625898878917,61.0,0.05574350000000001,26211036.422347706,33303477774.76077,56.60325409039886,4.036066476319722,1,1,canonical_v2_cambridge_prices_freeze_last
2025-01-14,94210.61,-0.0095406657618266,1867153074168.8303,175.248615966041,63.0,0.05574350000000001,26764304.723569885,33330242079.48434,56.01978736656441,4.02570497415472,1,1,canonical_v2_cambridge_prices_freeze_last
2025-01-15,96482.94,0.0241196824858687,1912242289535.3965,177.817454249133,70.0,0.05574350000000001,27156622.632702865,33357398702.117043,57.32588163159243,4.048752208156318,1,1,canonical_v2_cambridge_prices_freeze_last
2025-01-16,99690.13,0.0332410061302028,1975862994297.652,173.80038559502,75.0,0.05574350000000001,26543128.203879446,33383941830.320923,59.186030347772686,4.080685540188558,1,1,canonical_v2_cambridge_prices_freeze_last
2025-01-17,100126.8,0.0043802731524174,1984573879025.2893,175.342787676547,75.0,0.05574350000000001,26778686.80780164,33410720517.128723,59.39931400185922,4.084282677511663,1,1,canonical_v2_cambridge_prices_freeze_last
2025-01-18,104658.05,0.0452551165122625,2074444575671.8645,174.0959524795,77.0,0.05574350000000001,26588267.745317835,33437308784.874043,62.03981872519227,4.127776416401946,1,1,canonical_v2_cambridge_prices_freeze_last
2025-01-19,103833.52,-0.007878323740983,2058159515199.7708,170.408009597734,77.0,0.05574350000000001,26025038.035647362,33463333822.90969,61.50491538266017,4.1191170965399495,1,1,canonical_v2_cambridge_prices_freeze_last
2025-01-20,104999.96,0.0112337518751171,2081339078634.74,174.585530168711,76.0,0.05574350000000001,26663036.988930255,33489996859.89862,62.14808222711313,4.1295199603143065,1,1,canonical_v2_cambridge_prices_freeze_last
2025-01-21,102522.42,-0.0235956280364297,2032285873533.9968,170.930199233203,76.0,0.05574350000000001,26104787.838235762,33516101647.736855,60.63610544250826,4.104890515038608,1,1,canonical_v2_cambridge_prices_freeze_last
2025-01-22,106769.18,0.041422744410442,2116528374566.6863,172.844894880274,84.0,0.05574350000000001,26397203.829475496,33542498851.56633,63.09990152888836,4.144719208989505,1,1,canonical_v2_cambridge_prices_freeze_last
2025-01-23,104056.06,-0.0254110783654982,2062803205732.2305,174.237401208897,75.0,0.05574350000000001,26609870.06654288,33569108721.632874,61.44944814703711,4.118214855451574,1,1,canonical_v2_cambridge_prices_freeze_last
2025-01-24,103048.72,-0.0096807432455159,2042891247335.1584,172.49676909067,75.0,0.05574350000000001,26344037.391248673,33595452759.02412,60.808564241969165,4.107730638295304,1,1,canonical_v2_cambridge_prices_freeze_last
2025-01-25,105118.44,0.020084868594195,2083981086631.4944,172.148642984046,75.0,0.05574350000000001,26290870.904605947,33621743629.928726,61.98313536530622,4.1268623378066005,1,1,canonical_v2_cambridge_prices_freeze_last
2025-01-26,105094.59,-0.0002268869286873,2083566854481.1096,169.885820279287,73.0,0.05574350000000001,25945288.28147517,33647688918.2102,61.92303012387513,4.125892164193234,1,1,canonical_v2_cambridge_prices_freeze_last
2025-01-27,104926.3,-0.0016013193447921,2080288872896.0225,170.090260756613,71.0,0.05574350000000001,25976510.82325002,33673665429.03345,61.77791595869443,4.123545953653318,1,1,canonical_v2_cambridge_prices_freeze_last
2025-01-28,101415.3,-0.0334615820818994,2010735606883.1013,172.153928991549,72.0,0.05574350000000001,26291678.193809353,33699957107.22726,59.66582095298516,4.088759343099878,1,1,canonical_v2_cambridge_prices_freeze_last
2025-01-29,100321.98,-0.0107806218588319,1989114481983.6904,172.749190490419,72.0,0.05574350000000001,26382587.671514172,33726339694.898773,58.97807173793458,4.077165709362259,1,1,canonical_v2_cambridge_prices_freeze_last
2025-01-30,103772.21,0.0343915660356783,2057580992914.892,174.058451387467,70.0,0.05574350000000001,26582540.50662265,33752922235.405396,60.96008453918625,4.110219298175104,1,1,canonical_v2_cambridge_prices_freeze_last
2025-01-31,105064.16,0.0124498649493924,2083256038490.692,171.225681645105,76.0,0.05574350000000001,26149914.478860036,33779072149.884254,61.67297992220992,4.121845908286954,1,1,canonical_v2_cambridge_prices_freeze_last
2025-02-01,102132.1,-0.0279073282459022,2025174710630.5188,180.273787912773,68.0,0.05574350000000001,27531758.62059086,33806603908.504845,59.90470726108749,4.092755087360742,1,1,canonical_v2_cambridge_prices_freeze_last
2025-02-02,101203.33,-0.0090938108586821,2006814394015.0012,185.541917091783,60.0,0.05574350000000001,28336317.41207071,33834940225.916916,59.31189417257548,4.082809862156978,1,1,canonical_v2_cambridge_prices_freeze_last
2025-02-03,97062.79,-0.0409130806268924,1924763347554.8467,184.929939643149,44.0,0.05574350000000001,28242855.042459935,33863183080.959377,56.839410015094074,4.040229923426509,1,1,canonical_v2_cambridge_prices_freeze_last
2025-02-04,101900.03,0.049836193663916,2020742799088.244,181.766885153034,72.0,0.05574350000000001,27759787.294597678,33890942868.253975,59.62486222185032,4.0880726384611865,1,1,canonical_v2_cambridge_prices_freeze_last
2025-02-05,96474.29,-0.0532457154330573,1913200437967.3604,179.301432092943,54.0,0.05574350000000001,27383258.574994434,33918326126.828968,56.406098308431645,4.032577278694837,1,1,canonical_v2_cambridge_prices_freeze_last
2025-02-06,96899.92,0.0044118490014282,1921694935003.096,178.727195975618,49.0,0.05574350000000001,27295560.13388182,33945621686.96285,56.6109807245375,4.036202972126336,1,1,canonical_v2_cambridge_prices_freeze_last
2025-02-07,96821.23,-0.0008120749738493,1920188051103.5269,186.311934266162,44.0,0.05574350000000001,28453915.911687132,33974075602.874535,56.5192140486395,4.034580651998472,1,1,canonical_v2_cambridge_prices_freeze_last
2025-02-08,96015.84,-0.0083183202692219,1904268516623.8025,181.916287367336,44.0,0.05574350000000001,27782604.287290674,34001858207.161827,56.00483670691579,4.025438056771849,1,1,canonical_v2_cambridge_prices_freeze_last
2025-02-09,96579.85,0.0058741349344026,1915507938683.5657,177.759704180632,46.0,0.05574350000000001,27147802.93148784,34029006010.093315,56.290446394919925,4.030524829714875,1,1,canonical_v2_cambridge_prices_freeze_last
2025-02-10,96101.44,-0.0049535177368779,1906072637744.62,176.419265450445,43.0,0.05574350000000001,26943088.55790927,34055949098.651226,55.968859720315635,4.02479545964438,1,1,canonical_v2_cambridge_prices_freeze_last
2025-02-11,97412.52,0.0136426675812557,1932130454958.454,176.411370161276,47.0,0.05574350000000001,26941882.774205726,34082890981.42543,56.68915984889401,4.037583008132797,1,1,canonical_v2_cambridge_prices_freeze_last
2025-02-12,96356.63,-0.0108393664387288,1911240677217.8057,175.815109816882,46.0,0.05574350000000001,26850820.750896882,34109741802.176327,56.032106261673945,4.025924852547852,1,1,canonical_v2_cambridge_prices_freeze_last
2025-02-13,97689.05,0.0138280054003547,1937723327178.3176,179.494703288407,50.0,0.05574350000000001,27412775.322622787,34137154577.49895,56.762883467022824,4.038882652041379,1,1,canonical_v2_cambridge_prices_freeze_last
2025-02-14,96533.44,-0.0118294732111736,1914854420385.8037,177.394494349997,48.0,0.05574350000000001,27092027.385750845,34164246604.8847,56.048489595904734,4.026217201713594,1,1,canonical_v2_cambridge_prices_freeze_last
2025-02-15,97452.61,0.0095217781527312,1933141061101.4536,178.9046947125,50.0,0.05574350000000001,27322668.081386972,34191569272.966087,56.53852988344443,4.034922350573396,1,1,canonical_v2_cambridge_prices_freeze_last
2025-02-16,97686.52,0.0024002435645387,1937834995805.7964,180.789329304763,54.0,0.05574350000000001,27610493.090685092,34219179766.056774,56.63008315962045,4.036540348597538,1,1,canonical_v2_cambridge_prices_freeze_last
2025-02-17,96983.4,-0.0071977177608538,1923940518206.993,180.314020153121,51.0,0.05574350000000001,27537902.96549453,34246717669.02227,56.17882965605447,4.028539989420206,1,1,canonical_v2_cambridge_prices_freeze_last
2025-02-18,96429.84,-0.0057077809192088,1913012268313.3464,183.035898880914,47.0,0.05574350000000001,27953593.504844468,34274671262.527115,55.81416824279987,4.02202774831857,1,1,canonical_v2_cambridge_prices_freeze_last
2025-02-19,95044.08,-0.0143706553904889,1885573420212.3032,181.68136819248,44.0,0.05574350000000001,27746726.98037674,34302417989.507492,54.96911094690372,4.006771408318159,1,1,canonical_v2_cambridge_prices_freeze_last
2025-02-20,96330.9,0.0135391914993547,1911155635945.204,176.590226449162,49.0,0.05574350000000001,26969198.04950374,34329387187.556995,55.67112589291778,4.0194616264011405,1,1,canonical_v2_cambridge_prices_freeze_last
2025-02-21,98136.92,0.0187480860243183,1947040191740.599,172.388796704159,55.0,0.05574350000000001,26327547.64131038,34355714735.198307,56.67296421418375,4.037297275398794,1,1,canonical_v2_cambridge_prices_freeze_last
2025-02-22,95322.96,-0.0286738161336221,1891263590201.5603,168.534156467479,49.0,0.05574350000000001,25738859.591903884,34381453594.790215,55.00824986899744,4.007483171602089,1,1,canonical_v2_cambridge_prices_freeze_last
2025-02-23,96665.31,0.0140821266985413,1917949788274.5645,164.371091718273,50.0,0.05574350000000001,25103068.359445345,34406556663.14966,55.743729517947955,4.020764929000053,1,1,canonical_v2_cambridge_prices_freeze_last
2025-02-24,95678.5,-0.0102085225816789,1898422971209.1235,162.407944434161,49.0,0.05574350000000001,24803252.74127577,34431359915.89093,55.136450487189556,4.009811030784964,1,1,canonical_v2_cambridge_prices_freeze_last
2025-02-25,93997.17,-0.0175727044215785,1865114212980.4312,162.826504881298,25.0,0.05574350000000001,24867176.095481195,34456227091.98641,54.129960543886895,3.9913878318946527,1,1,canonical_v2_cambridge_prices_freeze_last
2025-02-26,88706.67,-0.0562836093895167,1760187589489.1086,167.434739224931,21.0,0.05574350000000001,25570954.48215053,34481798046.46856,51.046862089878104,3.9327440753341727,1,1,canonical_v2_cambridge_prices_freeze_last
2025-02-27,84473.92,-0.0477162540314048,1676244420125.4766,170.136183583474,10.0,0.05574350000000001,25983524.24543941,34507781570.714,48.57583837113623,3.883126254427713,1,1,canonical_v2_cambridge_prices_freeze_last
2025-02-28,84299.31,-0.0020670284982631,1672825846083.3433,174.04242027442,16.0,0.05574350000000001,26580092.20429352,34534361662.91829,48.439460454239736,3.8803147801885016,1,1,canonical_v2_cambridge_prices_freeze_last
2025-03-01,84236.67,-0.0007430665802602,1671629039723.1265,173.80103244179,20.0,0.05574350000000001,26543226.991558693,34560904889.90985,48.36762940808193,3.878830776084204,1,1,canonical_v2_cambridge_prices_freeze_last
2025-03-02,86045.06,0.0214679663856607,1707562700109.9976,172.424636630061,26.0,0.05574350000000001,26333021.183528237,34587237911.093376,49.36973297779065,3.8993375436636932,1,1,canonical_v2_cambridge_prices_freeze_last
2025-03-03,94307.99,0.0960302660024876,1871592091354.921,175.514629877767,33.0,0.05574350000000001,26804930.878332347,34614042841.97171,54.070311864452236,3.990285271168148,1,1,canonical_v2_cambridge_prices_freeze_last
2025-03-04,85316.2,-0.0953449437317029,1693191988993.0078,175.015937222533,15.0,0.05574350000000001,26728769.57962814,34640771611.55134,48.87858757823959,3.8893394187469883,1,1,canonical_v2_cambridge_prices_freeze_last
2025-03-05,87519.11,0.025820535841962,1736959037815.0764,170.775179741579,20.0,0.05574350000000001,26081112.964177288,34666852724.51552,50.10431871673032,3.914107206306391,1,1,canonical_v2_cambridge_prices_freeze_last
2025-03-06,90412.51,0.0330602082219528,1794432750557.1406,173.820323833814,25.0,0.05574350000000001,26546173.209945787,34693398897.725464,51.72259875277846,3.945894799214783,1,1,canonical_v2_cambridge_prices_freeze_last
2025-03-07,90023.91,-0.0042980777770685,1786769388234.789,171.103479076662,34.0,0.05574350000000001,26131251.468246333,34719530149.19371,51.462948391203476,3.940862100027771,1,1,canonical_v2_cambridge_prices_freeze_last
2025-03-08,86306.13,-0.0412976952456297,1713027123486.0483,169.919957130138,28.0,0.05574350000000001,25950501.726805065,34745480650.92052,49.3021564645031,3.897967821765496,1,1,canonical_v2_cambridge_prices_freeze_last
2025-03-09,86263.67,-0.0004919696897544,1712231513382.7368,175.637226334221,27.0,0.05574350000000001,26823654.04427849,34772304304.9648,49.241243788904264,3.8967315607231505,1,1,canonical_v2_cambridge_prices_freeze_last
2025-03-10,83058.32,-0.0371575890522625,1648654492342.4138,176.685847567156,20.0,0.05574350000000001,26983801.490026746,34799288106.45483,47.376098249452674,3.8581178451803853,1,1,canonical_v2_cambridge_prices_freeze_last
2025-03-11,79298.86,-0.0452628947948863,1574074917087.442,175.471284998531,24.0,0.05574350000000001,26798311.165248252,34826086417.62007,45.198156870450056,3.8110563088043405,1,1,canonical_v2_cambridge_prices_freeze_last
2025-03-12,82829.9,0.0445282567744351,1644210935355.244,178.836740937767,34.0,0.05574350000000001,27312290.05058744,34853398707.67066,47.175053117370155,3.853865217218371,1,1,canonical_v2_cambridge_prices_freeze_last
2025-03-13,83142.0,0.0037679630181854,1650451616333.3052,177.135960779556,45.0,0.05574350000000001,27052543.64305529,34880451251.31372,47.31738143069876,3.8568777001043446,1,1,canonical_v2_cambridge_prices_freeze_last
2025-03-14,80370.52,-0.0333342955425657,1595478796673.4788,177.277998211847,27.0,0.05574350000000001,27074235.87211533,34907525487.18584,45.70586927621556,3.8222267202054248,1,1,canonical_v2_cambridge_prices_freeze_last
2025-03-15,84176.13,0.0473508196786582,1671071901014.999,176.564660188245,46.0,0.05574350000000001,26965293.521105304,34934490780.70694,47.83444280051942,3.8677459406985255,1,1,canonical_v2_cambridge_prices_freeze_last
2025-03-16,84418.12,0.0028748054822667,1675921893267.0745,174.204843871761,30.0,0.05574350000000001,26604897.84757674,34961095678.55452,47.9367668758477,3.8698827856774973,1,1,canonical_v2_cambridge_prices_freeze_last
2025-03-17,83234.53,-0.0140205680960437,1652469835568.2878,171.60551082029,32.0,0.05574350000000001,26207922.7189338,34987303601.27345,47.230556958614606,3.8550410763139262,1,1,canonical_v2_cambridge_prices_freeze_last
2025-03-18,83981.32,0.0089721177016317,1667341693672.1646,172.285812346326,34.0,0.05574350000000001,26311819.672677875,35013615420.94613,47.61980942632716,3.8632488390836186,1,1,canonical_v2_cambridge_prices_freeze_last
2025-03-19,82029.94,-0.0232358815031724,1628644160730.3804,172.115736964817,32.0,0.05574350000000001,26285845.434241854,35039901266.38037,46.47970176482805,3.8390156961037083,1,1,canonical_v2_cambridge_prices_freeze_last
2025-03-20,85395.6,0.0410296533192637,1695513295847.124,169.22446646161,49.0,0.05574350000000001,25844285.05808975,35065745551.43846,48.35240971448762,3.878516059633342,1,1,canonical_v2_cambridge_prices_freeze_last
2025-03-21,84522.2,-0.0102276932300963,1678218039133.5242,169.734689555458,31.0,0.05574350000000001,25922207.30749226,35091667758.74596,47.823832445673915,3.8675241019739257,1,1,canonical_v2_cambridge_prices_freeze_last
2025-03-22,84200.74,-0.0038032611550573,1671881074389.2644,172.796035440174,32.0,0.05574350000000001,26389741.922080383,35118057500.66804,47.60744737539828,3.862989206465532,1,1,canonical_v2_cambridge_prices_freeze_last
2025-03-23,83952.1,-0.002952943168908,1666989684627.0957,174.88876496144,30.0,0.05574350000000001,26709347.588022005,35144766848.25606,47.43208830562535,3.8592989681343455,1,1,canonical_v2_cambridge_prices_freeze_last
2025-03-24,85123.61,0.013954505009404,1690297894682.755,177.645348270278,45.0,0.05574350000000001,27130338.27754587,35171897186.5336,48.05819503333263,3.87241267307648,1,1,canonical_v2_cambridge_prices_freeze_last
2025-03-25,87887.82,0.0324728944178942,1745234431327.224,179.199211867975,46.0,0.05574350000000001,27367647.306198537,35199264833.8398,49.581559148059085,3.9036189732295585,1,1,canonical_v2_cambridge_prices_freeze_last
2025-03-26,87906.04,0.0002073097273318,1745643894232.7476,179.569869425883,47.0,0.05574350000000001,27424254.839292362,35226689088.67909,49.554583169547726,3.9030747523521567,1,1,canonical_v2_cambridge_prices_freeze_last
2025-03-27,87307.37,-0.0068103397673242,1733802777996.6365,180.951220149159,40.0,0.05574350000000001,27635217.370916843,35254324306.05001,49.17986125461204,3.8954842156090375,1,1,canonical_v2_cambridge_prices_freeze_last
2025-03-28,87305.52,-2.118950553653409e-05,1733813327915.8325,182.857429601132,44.0,0.05574350000000001,27926337.334166307,35282250643.38418,49.14123380167479,3.8946984746670252,1,1,canonical_v2_cambridge_prices_freeze_last
2025-03-29,83797.27,-0.0401835989293689,1664187835116.724,181.670591117274,26.0,0.05574350000000001,27745081.084782917,35309995724.46896,47.130785517583135,3.85292640783649,1,1,canonical_v2_cambridge_prices_freeze_last
2025-03-30,82519.47,-0.0152487067896126,1638855776382.441,178.55134455613,32.0,0.05574350000000001,27268703.767848317,35337264428.23681,46.37755080647632,3.8368155233281755,1,1,canonical_v2_cambridge_prices_freeze_last
2025-03-31,82605.76,0.0010456926104831,1640614194845.3496,177.430048342438,34.0,0.05574350000000001,27097457.259662174,35364361885.49647,46.39173753954242,3.8371213731073346,1,1,canonical_v2_cambridge_prices_freeze_last
2025-04-01,82439.49,-0.0020128136343033,1637356512222.997,174.595765494399,34.0,0.05574350000000001,26664600.147498716,35391026485.64397,46.264736426539514,3.834380038646821,1,1,canonical_v2_cambridge_prices_freeze_last
2025-04-02,85254.12,0.0341417687081759,1693304827312.474,177.512073043925,44.0,0.05574350000000001,27109984.229380917,35418136469.873344,47.808975741928116,3.8672133988972957,1,1,canonical_v2_cambridge_prices_freeze_last
2025-04-03,85736.87,0.0056624829392408,1702939443637.2756,177.730255959474,25.0,0.05574350000000001,27143305.54267655,35445279775.41602,48.04418118370708,3.8721210288887606,1,1,canonical_v2_cambridge_prices_freeze_last
2025-04-04,82357.52,-0.0394153647083219,1635861924718.2185,181.65680605037,28.0,0.05574350000000001,27742975.802928224,35473022751.21895,46.11566192683723,3.8311526304139467,1,1,canonical_v2_cambridge_prices_freeze_last
2025-04-05,84142.78,0.0216769519043311,1671367827519.1765,185.819539454792,30.0,0.05574350000000001,28378716.431775887,35501401467.65073,47.078925293756235,3.8518254548961064,1,1,canonical_v2_cambridge_prices_freeze_last
2025-04-06,83046.41,-0.0130298761224669,1649634901454.004,188.423065337217,34.0,0.05574350000000001,28776331.897603173,35530177799.54833,46.42912035962214,3.8379268563348545,1,1,canonical_v2_cambridge_prices_freeze_last
2025-04-07,78805.3,-0.0510691551868407,1565431922811.9995,189.215160941483,23.0,0.05574350000000001,28897302.257374134,35559075101.80571,44.02341507280953,3.7847216531166175,1,1,canonical_v2_cambridge_prices_freeze_last
2025-04-08,78917.29,0.0014210973119828,1567699076234.5032,194.030420326928,24.0,0.05574350000000001,29632697.905463323,35588707799.711174,44.05046356437887,3.78533587592225,1,1,canonical_v2_cambridge_prices_freeze_last
2025-04-09,77113.28,-0.0228595026514467,1531903785612.8784,188.596630262139,18.0,0.05574350000000001,28802839.0658015,35617510638.77698,43.0098498783092,3.7614291563991604,1,1,canonical_v2_cambridge_prices_freeze_last
2025-04-10,83198.21,0.0789089765083266,1652829531884.4165,188.630400735648,39.0,0.05574350000000001,28807996.557281088,35646318635.33426,46.36746781043629,3.836598088554209,1,1,canonical_v2_cambridge_prices_freeze_last
2025-04-11,79909.08,-0.0395336630439525,1587530121556.4253,184.26047872673,25.0,0.05574350000000001,28140613.687406782,35674459249.02167,44.50046770085132,3.7954996992484538,1,1,canonical_v2_cambridge_prices_freeze_last
2025-04-12,83819.55,0.0489364913223879,1665263353673.5762,181.191003031876,43.0,0.05574350000000001,27671837.472622965,35702131086.49429,46.64324797976909,3.84252817897793,1,1,canonical_v2_cambridge_prices_freeze_last
2025-04-13,85505.39,0.0201127302640016,1698802309245.947,185.313107198375,45.0,0.05574350000000001,28301373.12633594,35730432459.62063,47.54496915663652,3.861675982271805,1,1,canonical_v2_cambridge_prices_freeze_last
2025-04-14,83449.54,-0.0240435135141773,1658001969489.9165,185.375447733194,31.0,0.05574350000000001,28310893.892370686,35758743353.513,46.36633768415219,3.836573714998565,1,1,canonical_v2_cambridge_prices_freeze_last
2025-04-15,84850.33,0.016786072158097,1685878877707.3118,183.107623774514,38.0,0.05574350000000001,27964547.46814965,35786707900.98115,47.10907978381243,3.8524657591697054,1,1,canonical_v2_cambridge_prices_freeze_last
2025-04-16,84015.83,-0.0098349646960712,1669343416416.371,185.526761645936,29.0,0.05574350000000001,28334002.843315713,35815041903.82446,46.61012043205546,3.8418176942057154,1,1,canonical_v2_cambridge_prices_freeze_last
2025-04-17,84302.97,0.0034176892616546,1675093944094.4788,186.749075917331,30.0,0.05574350000000001,28520677.023007512,35843562580.84747,46.733466862179114,3.844460543178921,1,1,canonical_v2_cambridge_prices_freeze_last
2025-04-18,85137.73,0.0099019049981274,1691726221994.3606,184.630938179783,33.0,0.05574350000000001,28197190.96554722,35871759771.81302,47.160391147681295,3.853554369690782,1,1,canonical_v2_cambridge_prices_freeze_last
2025-04-19,84486.61,-0.0076478430890745,1678833451424.829,183.98916470581,32.0,0.05574350000000001,28099178.08980362,35899858949.902824,46.76434672814706,3.8451210905415802,1,1,canonical_v2_cambridge_prices_freeze_last
2025-04-20,85170.18,0.0080908678901898,1692462301955.7805,175.648610435451,37.0,0.05574350000000001,26825392.64605086,35926684342.548874,47.10878092224489,3.8524594151163525,1,1,canonical_v2_cambridge_prices_freeze_last
2025-04-21,85136.12,-0.0003999052250447,1691831068410.622,171.904877287961,39.0,0.05574350000000001,26253642.540003985,35952937985.088875,47.05682381540814,3.851355888786242,1,1,canonical_v2_cambridge_prices_freeze_last
2025-04-22,87368.62,0.0262227125220175,1736242232442.6335,174.235270794832,47.0,0.05574350000000001,26609544.705621146,35979547529.794495,48.25636650946929,3.876527767463356,1,1,canonical_v2_cambridge_prices_freeze_last
2025-04-23,91157.99,0.043372208465694,1811595661900.581,168.813915065748,72.0,0.05574350000000001,25781584.86155487,36005329114.65605,50.31465359285292,3.918296358592699,1,1,canonical_v2_cambridge_prices_freeze_last
2025-04-24,93657.36,0.0274180025250665,1861316079120.3423,167.684275080601,63.0,0.05574350000000001,25609064.076590363,36030938178.73264,51.65882913975826,3.944661122675233,1,1,canonical_v2_cambridge_prices_freeze_last
2025-04-25,93494.76,-0.0017361155599517,1858134591425.9883,170.105896565814,60.0,0.05574350000000001,25978898.75401768,36056917077.486664,51.53337395520641,3.9422296357489324,1,1,canonical_v2_cambridge_prices_freeze_last
2025-04-26,94959.15,0.0156628029207197,1887288918062.1729,169.738455924154,65.0,0.05574350000000001,25922782.514542688,36082839860.001205,52.304334287010576,3.9570792411936613,1,1,canonical_v2_cambridge_prices_freeze_last
2025-04-27,94158.54,-0.0084310990568049,1871427277388.8345,172.494520236858,61.0,0.05574350000000001,26343693.941981632,36109183553.943184,51.82690643207499,3.9479094435994293,1,1,canonical_v2_cambridge_prices_freeze_last
2025-04-28,94312.53,0.0016354331747285,1874538209115.4688,175.814659311717,54.0,0.05574350000000001,26850751.948884103,36136034305.89207,51.874486094613346,3.9488270718919285,1,1,canonical_v2_cambridge_prices_freeze_last
2025-04-29,94506.93,0.0020612319487134,1878452484454.862,174.860838387911,60.0,0.05574350000000001,26705082.58815485,36162739388.480225,51.944418930089405,3.9501742802069573,1,1,canonical_v2_cambridge_prices_freeze_last
2025-04-30,94866.19,0.0038014143513074,1885643845622.002,178.278444035492,56.0,0.05574350000000001,27227025.876965612,36189966414.35719,52.1040507203658,3.953242694688387,1,1,canonical_v2_cambridge_prices_freeze_last
2025-05-01,94602.0,-0.0027848699310049,1880442992899.7937,177.030848600586,53.0,0.05574350000000001,27036490.709497992,36217002905.06669,51.921551814457935,3.9497339605173223,1,1,canonical_v2_cambridge_prices_freeze_last
2025-05-02,96458.22,0.0196213610705904,1917391228875.5647,179.611178897108,67.0,0.05574350000000001,27430563.700961486,36244433468.76765,52.90167469517239,3.9684349961168888,1,1,canonical_v2_cambridge_prices_freeze_last
2025-05-03,97069.79,0.0063402579894176,1929599670227.9995,184.95173333246,65.0,0.05574350000000001,28246183.416487634,36272679652.184135,53.197053229338955,3.9740030043875327,1,1,canonical_v2_cambridge_prices_freeze_last
2025-05-04,96369.68,-0.0072124396272001,1915733838261.6855,184.687603255287,64.0,0.05574350000000001,28205844.964550935,36300885497.14869,52.773749511211236,3.9660138987347824,1,1,canonical_v2_cambridge_prices_freeze_last
2025-05-05,95756.56,-0.0063621670218266,1903596558278.809,189.670602630935,52.0,0.05574350000000001,28966858.185637057,36329852355.33433,52.39758586575437,3.958860519001454,1,1,canonical_v2_cambridge_prices_freeze_last
2025-05-06,94276.2,-0.015459619685586,1874217806827.1584,187.21139056088,59.0,0.05574350000000001,28591282.602001138,36358443637.936325,51.54835079001026,3.9425202175168694,1,1,canonical_v2_cambridge_prices_freeze_last
2025-05-07,94717.29,0.0046786993960299,1883037046554.0493,189.718884112191,67.0,0.05574350000000001,28974231.8260491,36387417869.762375,51.74967493691924,3.9464181507135616,1,1,canonical_v2_cambridge_prices_freeze_last
2025-05-08,96768.89,0.0216602480919798,1923875500083.502,193.128029804995,65.0,0.05574350000000001,29494883.094341755,36416912752.85672,52.829176189093175,3.967063617435358,1,1,canonical_v2_cambridge_prices_freeze_last
2025-05-09,102614.97,0.0604128041563771,2040156697414.6885,189.023576704854,73.0,0.05574350000000001,28868043.14533433,36445780796.00205,55.97785677398589,4.024956197787871,1,1,canonical_v2_cambridge_prices_freeze_last
2025-05-10,103190.44,0.0056080511449743,2051652763587.4531,185.956432531091,70.0,0.05574350000000001,28399623.004922938,36474180419.00697,56.24945482032877,4.029796348954517,1,1,canonical_v2_cambridge_prices_freeze_last
2025-05-11,103185.56,-4.72912025571981e-05,2051610472954.8171,187.949048688974,70.0,0.05574350000000001,28703939.166010477,36502884358.17298,56.20406466579571,4.028989079298476,1,1,canonical_v2_cambridge_prices_freeze_last
2025-05-12,104295.7,0.0107586759232589,2073738382265.1455,182.881888763072,70.0,0.05574350000000001,27930072.78428577,36530814430.95727,56.766825885704854,4.0389521037946885,1,1,canonical_v2_cambridge_prices_freeze_last
2025-05-13,102696.35,-0.015334764520493,2041992515800.3047,181.671144997781,70.0,0.05574350000000001,27745165.674476184,36558559596.631744,55.855387584483495,4.022765986117588,1,1,canonical_v2_cambridge_prices_freeze_last
2025-05-14,104591.95,0.0184582996377182,2079739627077.876,180.658279853692,73.0,0.05574350000000001,27590478.96718981,36586150075.59894,56.84499797820909,4.040328230014337,1,1,canonical_v2_cambridge_prices_freeze_last
2025-05-15,103575.97,-0.00971374948072,2059592394726.2131,178.590446438324,70.0,0.05574350000000001,27274675.482286893,36613424751.08122,56.25238307338053,4.0298484059361135,1,1,canonical_v2_cambridge_prices_freeze_last
2025-05-16,103455.34,-0.001164652380277,2057248433053.2307,177.878931459892,71.0,0.05574350000000001,27166011.55023148,36640590762.631454,56.14670479470957,4.027967993704754,1,1,canonical_v2_cambridge_prices_freeze_last
2025-05-17,103711.98,0.0024806839356963,2062406673471.4504,176.850170029817,74.0,0.05574350000000001,27008897.131663304,36667599659.763115,56.24602353599424,4.029735345892248,1,1,canonical_v2_cambridge_prices_freeze_last
2025-05-18,103427.81,-0.0027399920433492,2056810376605.1755,179.777600082668,74.0,0.05574350000000001,27455979.863584124,36695055639.6267,56.05143092858653,4.026269678694287,1,1,canonical_v2_cambridge_prices_freeze_last
2025-05-19,104138.29,0.0068693323391455,2070994321145.0476,179.601364403966,74.0,0.05574350000000001,27429064.812746517,36722484704.439445,56.39581138949134,4.032394889602376,1,1,canonical_v2_cambridge_prices_freeze_last
2025-05-20,105505.42,0.0131280242838633,2098238111373.6724,183.365039751695,71.0,0.05574350000000001,28003860.52985921,36750488564.96931,57.0941555692329,4.044701757119253,1,1,canonical_v2_cambridge_prices_freeze_last
2025-05-21,106941.37,0.0136102012579069,2126852012489.4585,183.911708011046,70.0,0.05574350000000001,28087348.754832175,36778575913.72414,57.82855805724146,4.0574827376943245,1,1,canonical_v2_cambridge_prices_freeze_last
2025-05-22,108214.6,0.0119058695432834,2152231138293.273,185.19267217212,72.0,0.05574350000000001,28282980.058155,36806858893.78229,58.47364330936822,4.0685761109931935,1,1,canonical_v2_cambridge_prices_freeze_last
2025-05-23,111071.46,0.0263999497295188,2209108515064.0923,189.160799952828,78.0,0.05574350000000001,28889000.14293279,36835747893.92522,59.971865412522504,4.093875542458234,1,1,canonical_v2_cambridge_prices_freeze_last
2025-05-24,108240.55,-0.0254872853926652,2152861398579.75,189.123931230149,66.0,0.05574350000000001,28883369.480898116,36864631263.40611,58.399103010065915,4.067300530299545,1,1,canonical_v2_cambridge_prices_freeze_last
2025-05-25,108902.76,0.0061179474790176,2166089876110.464,187.12550376849,74.0,0.05574350000000001,28578165.806352943,36893209429.21246,58.71242729008362,4.072651412946277,1,1,canonical_v2_cambridge_prices_freeze_last
2025-05-26,107706.34,-0.010986131113665,2142349655925.3967,189.305606945508,73.0,0.05574350000000001,28911115.344566923,36922120544.55703,58.023472767227524,4.060847631559529,1,1,canonical_v2_cambridge_prices_freeze_last
2025-05-27,109610.72,0.0176812247078492,2180286724403.2207,188.033880843261,74.0,0.05574350000000001,28716894.89530499,36950837439.45233,59.00506931611063,4.0776233608267995,1,1,canonical_v2_cambridge_prices_freeze_last
2025-05-28,109618.12,6.751164484630756e-05,2180491598466.0344,191.66738613829,71.0,0.05574350000000001,29271810.79232814,36980109250.24466,58.96390364102584,4.0769254539836055,1,1,canonical_v2_cambridge_prices_freeze_last
